2026-09-12 15:06:19
╭─ RESULT  FC 25. 3x3. Conference League  ·  Roma vs Villarreal ─────────────────────────────────────────────╮
│ ┏━━━━━━━━━━━━┳━━━━━━━━━━┳━━━━━━━━━━━┳━━━━━━━━━━━━┳━━━━━━━━━━┳━━━━━━━━━━━┳━━━━━━━━━━━━┳━━━━━━━━━━━━━┓       │
│ ┃            ┃          ┃ total for ┃ winner for ┃          ┃ total for ┃ winner for ┃             ┃       │
│ ┃ Result     ┃ 1st half ┃ 1st half  ┃  1st half  ┃ 2nd half ┃ 2nd half  ┃  2nd half  ┃ final total ┃       │
│ ┡━━━━━━━━━━━━╇━━━━━━━━━━╇━━━━━━━━━━━╇━━━━━━━━━━━━╇━━━━━━━━━━╇━━━━━━━━━━━╇━━━━━━━━━━━━╇━━━━━━━━━━━━━┩       │
│ │ Roma       │        6 │     9     │     1X     │        6 │           │            │             │       │
│ │ Villarreal │        3 │           │            │        2 │     8     │     1X     │     17      │       │
│ └────────────┴──────────┴───────────┴────────────┴──────────┴───────────┴────────────┴─────────────┘       │
╰───────────────────────────────────────────────────────────────────────────────────────────────── 17 goals ─╯

2026-09-12 15:15:30
╭─ RESULT  FC 25. 3x3. Conference League  ·  Chelsea vs Fiorentina ──────────────────────────────────────────╮
│ ┏━━━━━━━━━━━━┳━━━━━━━━━━┳━━━━━━━━━━━┳━━━━━━━━━━━━┳━━━━━━━━━━┳━━━━━━━━━━━┳━━━━━━━━━━━━┳━━━━━━━━━━━━━┓       │
│ ┃            ┃          ┃ total for ┃ winner for ┃          ┃ total for ┃ winner for ┃             ┃       │
│ ┃ Result     ┃ 1st half ┃ 1st half  ┃  1st half  ┃ 2nd half ┃ 2nd half  ┃  2nd half  ┃ final total ┃       │
│ ┡━━━━━━━━━━━━╇━━━━━━━━━━╇━━━━━━━━━━━╇━━━━━━━━━━━━╇━━━━━━━━━━╇━━━━━━━━━━━╇━━━━━━━━━━━━╇━━━━━━━━━━━━━┩       │
│ │ Chelsea    │        2 │     7     │     2X     │        6 │           │            │             │       │
│ │ Fiorentina │        5 │           │            │        1 │     7     │     1X     │     14      │       │
│ └────────────┴──────────┴───────────┴────────────┴──────────┴───────────┴────────────┴─────────────┘       │
╰───────────────────────────────────────────────────────────────────────────────────────────────── 14 goals ─╯

2026-09-12 15:24:47
╭─ RESULT  FC 25. 3x3. Conference League  ·  Borussia Monchengladbach vs Anderlecht ─────────────────────────╮
│ ┏━━━━━━━━━━━━━━━━━━┳━━━━━━━━━━┳━━━━━━━━━━━┳━━━━━━━━━━━━┳━━━━━━━━━━┳━━━━━━━━━━━┳━━━━━━━━━━━━┳━━━━━━━━━━━━━┓ │
│ ┃                  ┃          ┃ total for ┃ winner for ┃          ┃ total for ┃ winner for ┃             ┃ │
│ ┃ Result           ┃ 1st half ┃ 1st half  ┃  1st half  ┃ 2nd half ┃ 2nd half  ┃  2nd half  ┃ final total ┃ │
│ ┡━━━━━━━━━━━━━━━━━━╇━━━━━━━━━━╇━━━━━━━━━━━╇━━━━━━━━━━━━╇━━━━━━━━━━╇━━━━━━━━━━━╇━━━━━━━━━━━━╇━━━━━━━━━━━━━┩ │
│ │ Borussia         │        3 │     8     │     2X     │        0 │           │            │             │ │
│ │ Monchengladbach  │          │           │            │          │           │            │             │ │
│ │ Anderlecht       │        5 │           │            │        4 │     4     │     2X     │     12      │ │
│ └──────────────────┴──────────┴───────────┴────────────┴──────────┴───────────┴────────────┴─────────────┘ │
╰───────────────────────────────────────────────────────────────────────────────────────────────── 12 goals ─╯

2026-09-12 15:35:22
╭─ RESULT  FC 25. 3x3. Conference League  ·  West Ham United vs Braga ───────────────────────────────────────╮
│ ┏━━━━━━━━━━━━━━━━━┳━━━━━━━━━━┳━━━━━━━━━━━┳━━━━━━━━━━━━┳━━━━━━━━━━┳━━━━━━━━━━━┳━━━━━━━━━━━━┳━━━━━━━━━━━━━┓  │
│ ┃                 ┃          ┃ total for ┃ winner for ┃          ┃ total for ┃ winner for ┃             ┃  │
│ ┃ Result          ┃ 1st half ┃ 1st half  ┃  1st half  ┃ 2nd half ┃ 2nd half  ┃  2nd half  ┃ final total ┃  │
│ ┡━━━━━━━━━━━━━━━━━╇━━━━━━━━━━╇━━━━━━━━━━━╇━━━━━━━━━━━━╇━━━━━━━━━━╇━━━━━━━━━━━╇━━━━━━━━━━━━╇━━━━━━━━━━━━━┩  │
│ │ West Ham United │        6 │    12     │     X      │        1 │           │            │             │  │
│ │ Braga           │        6 │           │            │        1 │     2     │     X      │     14      │  │
│ └─────────────────┴──────────┴───────────┴────────────┴──────────┴───────────┴────────────┴─────────────┘  │
│ W1 3.07  X 2.30 ✓  W2 3.06                                                                                 │
╰───────────────────────────────────────────────────────────────────────────────────────────────── 14 goals ─╯

2026-09-12 15:46:18
2026-09-12 15:46:18
╭─ RESULT  FC 25. 3x3. Conference League  ·  Heart of Midlothian vs Red Bull ────────────────────────────────╮
│ ┏━━━━━━━━━━━━━━━━━━┳━━━━━━━━━━┳━━━━━━━━━━━┳━━━━━━━━━━━━┳━━━━━━━━━━┳━━━━━━━━━━━┳━━━━━━━━━━━━┳━━━━━━━━━━━━━┓ │
│ ┃                  ┃          ┃ total for ┃ winner for ┃          ┃ total for ┃ winner for ┃             ┃ │
│ ┃ Result           ┃ 1st half ┃ 1st half  ┃  1st half  ┃ 2nd half ┃ 2nd half  ┃  2nd half  ┃ final total ┃ │
│ ┡━━━━━━━━━━━━━━━━━━╇━━━━━━━━━━╇━━━━━━━━━━━╇━━━━━━━━━━━━╇━━━━━━━━━━╇━━━━━━━━━━━╇━━━━━━━━━━━━╇━━━━━━━━━━━━━┩ │
│ │ Heart of         │        5 │     9     │     1X     │        6 │           │            │             │ │
│ │ Midlothian       │          │           │            │          │           │            │             │ │
│ │ Red Bull         │        4 │           │            │        4 │    10     │     1X     │     19      │ │
│ └──────────────────┴──────────┴───────────┴────────────┴──────────┴───────────┴────────────┴─────────────┘ │
╰───────────────────────────────────────────────────────────────────────────────────────────────── 19 goals ─╯

╭─ RESULT  FC 25. 3x3. Conference League  ·  Heart of Midlothian vs Red Bull ────────────────────────────────╮
│ ┏━━━━━━━━━━━━━━━━━━┳━━━━━━━━━━┳━━━━━━━━━━━┳━━━━━━━━━━━━┳━━━━━━━━━━┳━━━━━━━━━━━┳━━━━━━━━━━━━┳━━━━━━━━━━━━━┓ │
│ ┃                  ┃          ┃ total for ┃ winner for ┃          ┃ total for ┃ winner for ┃             ┃ │
│ ┃ Result           ┃ 1st half ┃ 1st half  ┃  1st half  ┃ 2nd half ┃ 2nd half  ┃  2nd half  ┃ final total ┃ │
│ ┡━━━━━━━━━━━━━━━━━━╇━━━━━━━━━━╇━━━━━━━━━━━╇━━━━━━━━━━━━╇━━━━━━━━━━╇━━━━━━━━━━━╇━━━━━━━━━━━━╇━━━━━━━━━━━━━┩ │
│ │ Heart of         │        5 │     9     │     1X     │        6 │           │            │             │ │
│ │ Midlothian       │          │           │            │          │           │            │             │ │
│ │ Red Bull         │        4 │           │            │        4 │    10     │     1X     │     19      │ │
│ └──────────────────┴──────────┴───────────┴────────────┴──────────┴───────────┴────────────┴─────────────┘ │
╰───────────────────────────────────────────────────────────────────────────────────────────────── 19 goals ─╯

2026-09-12 15:53:21
2026-09-12 15:53:21
╭─ RESULT  FC 25. 3x3. Conference League  ·  Heart of Midlothian vs AZ Alkmaar ──────────────────────────────╮
│ ┏━━━━━━━━━━━━━━━━━━┳━━━━━━━━━━┳━━━━━━━━━━━┳━━━━━━━━━━━━┳━━━━━━━━━━┳━━━━━━━━━━━┳━━━━━━━━━━━━┳━━━━━━━━━━━━━┓ │
│ ┃                  ┃          ┃ total for ┃ winner for ┃          ┃ total for ┃ winner for ┃             ┃ │
│ ┃ Result           ┃ 1st half ┃ 1st half  ┃  1st half  ┃ 2nd half ┃ 2nd half  ┃  2nd half  ┃ final total ┃ │
│ ┡━━━━━━━━━━━━━━━━━━╇━━━━━━━━━━╇━━━━━━━━━━━╇━━━━━━━━━━━━╇━━━━━━━━━━╇━━━━━━━━━━━╇━━━━━━━━━━━━╇━━━━━━━━━━━━━┩ │
│ │ Heart of         │        1 │     4     │     2X     │        2 │           │            │             │ │
│ │ Midlothian       │          │           │            │          │           │            │             │ │
│ │ AZ Alkmaar       │        3 │           │            │        1 │     3     │     1X     │      7      │ │
│ └──────────────────┴──────────┴───────────┴────────────┴──────────┴───────────┴────────────┴─────────────┘ │
│ W1 30.00  X 17.00  W2 1.00 ✓                                                                               │
╰────────────────────────────────────────────────────────────────────────────────────────────────── 7 goals ─╯

╭─ RESULT  FC 25. 3x3. Conference League  ·  Heart of Midlothian vs AZ Alkmaar ──────────────────────────────╮
│ ┏━━━━━━━━━━━━━━━━━━┳━━━━━━━━━━┳━━━━━━━━━━━┳━━━━━━━━━━━━┳━━━━━━━━━━┳━━━━━━━━━━━┳━━━━━━━━━━━━┳━━━━━━━━━━━━━┓ │
│ ┃                  ┃          ┃ total for ┃ winner for ┃          ┃ total for ┃ winner for ┃             ┃ │
│ ┃ Result           ┃ 1st half ┃ 1st half  ┃  1st half  ┃ 2nd half ┃ 2nd half  ┃  2nd half  ┃ final total ┃ │
│ ┡━━━━━━━━━━━━━━━━━━╇━━━━━━━━━━╇━━━━━━━━━━━╇━━━━━━━━━━━━╇━━━━━━━━━━╇━━━━━━━━━━━╇━━━━━━━━━━━━╇━━━━━━━━━━━━━┩ │
│ │ Heart of         │        1 │     4     │     2X     │        2 │           │            │             │ │
│ │ Midlothian       │          │           │            │          │           │            │             │ │
│ │ AZ Alkmaar       │        3 │           │            │        1 │     3     │     1X     │      7      │ │
│ └──────────────────┴──────────┴───────────┴────────────┴──────────┴───────────┴────────────┴─────────────┘ │
│ W1 30.00  X 17.00  W2 1.00 ✓                                                                               │
╰────────────────────────────────────────────────────────────────────────────────────────────────── 7 goals ─╯

2026-09-12 16:05:44
2026-09-12 16:05:44
╭─ RESULT  FC 25. 3x3. Conference League  ·  Red Bull vs West Ham United ────────────────────────────────────╮
│ ┏━━━━━━━━━━━━━━━━━┳━━━━━━━━━━┳━━━━━━━━━━━┳━━━━━━━━━━━━┳━━━━━━━━━━┳━━━━━━━━━━━┳━━━━━━━━━━━━┳━━━━━━━━━━━━━┓  │
│ ┃                 ┃          ┃ total for ┃ winner for ┃          ┃ total for ┃ winner for ┃             ┃  │
│ ┃ Result          ┃ 1st half ┃ 1st half  ┃  1st half  ┃ 2nd half ┃ 2nd half  ┃  2nd half  ┃ final total ┃  │
│ ┡━━━━━━━━━━━━━━━━━╇━━━━━━━━━━╇━━━━━━━━━━━╇━━━━━━━━━━━━╇━━━━━━━━━━╇━━━━━━━━━━━╇━━━━━━━━━━━━╇━━━━━━━━━━━━━┩  │
│ │ Red Bull        │        5 │    10     │     X      │        3 │           │            │             │  │
│ │ West Ham United │        5 │           │            │        5 │     8     │     2X     │     18      │  │
│ └─────────────────┴──────────┴───────────┴────────────┴──────────┴───────────┴────────────┴─────────────┘  │
╰───────────────────────────────────────────────────────────────────────────────────────────────── 18 goals ─╯

╭─ RESULT  FC 25. 3x3. Conference League  ·  Red Bull vs West Ham United ────────────────────────────────────╮
│ ┏━━━━━━━━━━━━━━━━━┳━━━━━━━━━━┳━━━━━━━━━━━┳━━━━━━━━━━━━┳━━━━━━━━━━┳━━━━━━━━━━━┳━━━━━━━━━━━━┳━━━━━━━━━━━━━┓  │
│ ┃                 ┃          ┃ total for ┃ winner for ┃          ┃ total for ┃ winner for ┃             ┃  │
│ ┃ Result          ┃ 1st half ┃ 1st half  ┃  1st half  ┃ 2nd half ┃ 2nd half  ┃  2nd half  ┃ final total ┃  │
│ ┡━━━━━━━━━━━━━━━━━╇━━━━━━━━━━╇━━━━━━━━━━━╇━━━━━━━━━━━━╇━━━━━━━━━━╇━━━━━━━━━━━╇━━━━━━━━━━━━╇━━━━━━━━━━━━━┩  │
│ │ Red Bull        │        5 │    10     │     X      │        3 │           │            │             │  │
│ │ West Ham United │        5 │           │            │        5 │     8     │     2X     │     18      │  │
│ └─────────────────┴──────────┴───────────┴────────────┴──────────┴───────────┴────────────┴─────────────┘  │
╰───────────────────────────────────────────────────────────────────────────────────────────────── 18 goals ─╯

2026-09-12 16:17:30
2026-09-12 16:17:30
╭─ RESULT  FC 25. 3x3. Conference League  ·  Braga vs Borussia Monchengladbach ──────────────────────────────╮
│ ┏━━━━━━━━━━━━━━━━━━┳━━━━━━━━━━┳━━━━━━━━━━━┳━━━━━━━━━━━━┳━━━━━━━━━━┳━━━━━━━━━━━┳━━━━━━━━━━━━┳━━━━━━━━━━━━━┓ │
│ ┃                  ┃          ┃ total for ┃ winner for ┃          ┃ total for ┃ winner for ┃             ┃ │
│ ┃ Result           ┃ 1st half ┃ 1st half  ┃  1st half  ┃ 2nd half ┃ 2nd half  ┃  2nd half  ┃ final total ┃ │
│ ┡━━━━━━━━━━━━━━━━━━╇━━━━━━━━━━╇━━━━━━━━━━━╇━━━━━━━━━━━━╇━━━━━━━━━━╇━━━━━━━━━━━╇━━━━━━━━━━━━╇━━━━━━━━━━━━━┩ │
│ │ Braga            │        2 │    10     │     2X     │        5 │           │            │             │ │
│ │ Borussia         │        8 │           │            │        7 │    12     │     2X     │     22      │ │
│ │ Monchengladbach  │          │           │            │          │           │            │             │ │
│ └──────────────────┴──────────┴───────────┴────────────┴──────────┴───────────┴────────────┴─────────────┘ │
╰───────────────────────────────────────────────────────────────────────────────────────────────── 22 goals ─╯

╭─ RESULT  FC 25. 3x3. Conference League  ·  Braga vs Borussia Monchengladbach ──────────────────────────────╮
│ ┏━━━━━━━━━━━━━━━━━━┳━━━━━━━━━━┳━━━━━━━━━━━┳━━━━━━━━━━━━┳━━━━━━━━━━┳━━━━━━━━━━━┳━━━━━━━━━━━━┳━━━━━━━━━━━━━┓ │
│ ┃                  ┃          ┃ total for ┃ winner for ┃          ┃ total for ┃ winner for ┃             ┃ │
│ ┃ Result           ┃ 1st half ┃ 1st half  ┃  1st half  ┃ 2nd half ┃ 2nd half  ┃  2nd half  ┃ final total ┃ │
│ ┡━━━━━━━━━━━━━━━━━━╇━━━━━━━━━━╇━━━━━━━━━━━╇━━━━━━━━━━━━╇━━━━━━━━━━╇━━━━━━━━━━━╇━━━━━━━━━━━━╇━━━━━━━━━━━━━┩ │
│ │ Braga            │        2 │    10     │     2X     │        5 │           │            │             │ │
│ │ Borussia         │        8 │           │            │        7 │    12     │     2X     │     22      │ │
│ │ Monchengladbach  │          │           │            │          │           │            │             │ │
│ └──────────────────┴──────────┴───────────┴────────────┴──────────┴───────────┴────────────┴─────────────┘ │
╰───────────────────────────────────────────────────────────────────────────────────────────────── 22 goals ─╯

2026-09-12 16:24:42
2026-09-12 16:24:42
╭─ RESULT  FC 25. 3x3. Conference League  ·  Anderlecht vs Chelsea ──────────────────────────────────────────╮
│ ┏━━━━━━━━━━━━┳━━━━━━━━━━┳━━━━━━━━━━━┳━━━━━━━━━━━━┳━━━━━━━━━━┳━━━━━━━━━━━┳━━━━━━━━━━━━┳━━━━━━━━━━━━━┓       │
│ ┃            ┃          ┃ total for ┃ winner for ┃          ┃ total for ┃ winner for ┃             ┃       │
│ ┃ Result     ┃ 1st half ┃ 1st half  ┃  1st half  ┃ 2nd half ┃ 2nd half  ┃  2nd half  ┃ final total ┃       │
│ ┡━━━━━━━━━━━━╇━━━━━━━━━━╇━━━━━━━━━━━╇━━━━━━━━━━━━╇━━━━━━━━━━╇━━━━━━━━━━━╇━━━━━━━━━━━━╇━━━━━━━━━━━━━┩       │
│ │ Anderlecht │        2 │     4     │     X      │        3 │           │            │             │       │
│ │ Chelsea    │        2 │           │            │        4 │     7     │     2X     │     11      │       │
│ └────────────┴──────────┴───────────┴────────────┴──────────┴───────────┴────────────┴─────────────┘       │
╰───────────────────────────────────────────────────────────────────────────────────────────────── 11 goals ─╯

╭─ RESULT  FC 25. 3x3. Conference League  ·  Anderlecht vs Chelsea ──────────────────────────────────────────╮
│ ┏━━━━━━━━━━━━┳━━━━━━━━━━┳━━━━━━━━━━━┳━━━━━━━━━━━━┳━━━━━━━━━━┳━━━━━━━━━━━┳━━━━━━━━━━━━┳━━━━━━━━━━━━━┓       │
│ ┃            ┃          ┃ total for ┃ winner for ┃          ┃ total for ┃ winner for ┃             ┃       │
│ ┃ Result     ┃ 1st half ┃ 1st half  ┃  1st half  ┃ 2nd half ┃ 2nd half  ┃  2nd half  ┃ final total ┃       │
│ ┡━━━━━━━━━━━━╇━━━━━━━━━━╇━━━━━━━━━━━╇━━━━━━━━━━━━╇━━━━━━━━━━╇━━━━━━━━━━━╇━━━━━━━━━━━━╇━━━━━━━━━━━━━┩       │
│ │ Anderlecht │        2 │     4     │     X      │        3 │           │            │             │       │
│ │ Chelsea    │        2 │           │            │        4 │     7     │     2X     │     11      │       │
│ └────────────┴──────────┴───────────┴────────────┴──────────┴───────────┴────────────┴─────────────┘       │
╰───────────────────────────────────────────────────────────────────────────────────────────────── 11 goals ─╯

2026-09-12 16:34:57
2026-09-12 16:34:57
╭─ RESULT  FC 25. 3x3. Conference League  ·  Fiorentina vs Roma ─────────────────────────────────────────────╮
│ ┏━━━━━━━━━━━━┳━━━━━━━━━━┳━━━━━━━━━━━┳━━━━━━━━━━━━┳━━━━━━━━━━┳━━━━━━━━━━━┳━━━━━━━━━━━━┳━━━━━━━━━━━━━┓       │
│ ┃            ┃          ┃ total for ┃ winner for ┃          ┃ total for ┃ winner for ┃             ┃       │
│ ┃ Result     ┃ 1st half ┃ 1st half  ┃  1st half  ┃ 2nd half ┃ 2nd half  ┃  2nd half  ┃ final total ┃       │
│ ┡━━━━━━━━━━━━╇━━━━━━━━━━╇━━━━━━━━━━━╇━━━━━━━━━━━━╇━━━━━━━━━━╇━━━━━━━━━━━╇━━━━━━━━━━━━╇━━━━━━━━━━━━━┩       │
│ │ Fiorentina │        3 │     6     │     X      │        6 │           │            │             │       │
│ │ Roma       │        3 │           │            │        1 │     7     │     1X     │     13      │       │
│ └────────────┴──────────┴───────────┴────────────┴──────────┴───────────┴────────────┴─────────────┘       │
╰───────────────────────────────────────────────────────────────────────────────────────────────── 13 goals ─╯
╭─ RESULT  FC 25. 3x3. Conference League  ·  Fiorentina vs Roma ─────────────────────────────────────────────╮
│ ┏━━━━━━━━━━━━┳━━━━━━━━━━┳━━━━━━━━━━━┳━━━━━━━━━━━━┳━━━━━━━━━━┳━━━━━━━━━━━┳━━━━━━━━━━━━┳━━━━━━━━━━━━━┓       │
│ ┃            ┃          ┃ total for ┃ winner for ┃          ┃ total for ┃ winner for ┃             ┃       │
│ ┃ Result     ┃ 1st half ┃ 1st half  ┃  1st half  ┃ 2nd half ┃ 2nd half  ┃  2nd half  ┃ final total ┃       │
│ ┡━━━━━━━━━━━━╇━━━━━━━━━━╇━━━━━━━━━━━╇━━━━━━━━━━━━╇━━━━━━━━━━╇━━━━━━━━━━━╇━━━━━━━━━━━━╇━━━━━━━━━━━━━┩       │
│ │ Fiorentina │        3 │     6     │     X      │        6 │           │            │             │       │
│ │ Roma       │        3 │           │            │        1 │     7     │     1X     │     13      │       │
│ └────────────┴──────────┴───────────┴────────────┴──────────┴───────────┴────────────┴─────────────┘       │
╰───────────────────────────────────────────────────────────────────────────────────────────────── 13 goals ─╯


2026-09-12 16:45:08
╭─ RESULT  FC 25. 3x3. Conference League  ·  Villarreal vs Eintracht Frankfurt ──────────────────────────────╮
│ ┏━━━━━━━━━━━━━━━━━━┳━━━━━━━━━━┳━━━━━━━━━━━┳━━━━━━━━━━━━┳━━━━━━━━━━┳━━━━━━━━━━━┳━━━━━━━━━━━━┳━━━━━━━━━━━━━┓ │
│ ┃                  ┃          ┃ total for ┃ winner for ┃          ┃ total for ┃ winner for ┃             ┃ │
│ ┃ Result           ┃ 1st half ┃ 1st half  ┃  1st half  ┃ 2nd half ┃ 2nd half  ┃  2nd half  ┃ final total ┃ │
│ ┡━━━━━━━━━━━━━━━━━━╇━━━━━━━━━━╇━━━━━━━━━━━╇━━━━━━━━━━━━╇━━━━━━━━━━╇━━━━━━━━━━━╇━━━━━━━━━━━━╇━━━━━━━━━━━━━┩ │
│ │ Villarreal       │        2 │     5     │     2X     │        4 │           │            │             │ │
│ │ Eintracht        │        3 │           │            │        4 │     8     │     X      │     13      │ │
│ │ Frankfurt        │          │           │            │          │           │            │             │ │
│ └──────────────────┴──────────┴───────────┴────────────┴──────────┴───────────┴────────────┴─────────────┘ │
╰───────────────────────────────────────────────────────────────────────────────────────────────── 13 goals ─╯

2026-09-12 16:45:08
╭─ RESULT  FC 25. 3x3. Conference League  ·  Villarreal vs Eintracht Frankfurt ──────────────────────────────╮
│ ┏━━━━━━━━━━━━━━━━━━┳━━━━━━━━━━┳━━━━━━━━━━━┳━━━━━━━━━━━━┳━━━━━━━━━━┳━━━━━━━━━━━┳━━━━━━━━━━━━┳━━━━━━━━━━━━━┓ │
│ ┃                  ┃          ┃ total for ┃ winner for ┃          ┃ total for ┃ winner for ┃             ┃ │
│ ┃ Result           ┃ 1st half ┃ 1st half  ┃  1st half  ┃ 2nd half ┃ 2nd half  ┃  2nd half  ┃ final total ┃ │
│ ┡━━━━━━━━━━━━━━━━━━╇━━━━━━━━━━╇━━━━━━━━━━━╇━━━━━━━━━━━━╇━━━━━━━━━━╇━━━━━━━━━━━╇━━━━━━━━━━━━╇━━━━━━━━━━━━━┩ │
│ │ Villarreal       │        2 │     5     │     2X     │        4 │           │            │             │ │
│ │ Eintracht        │        3 │           │            │        4 │     8     │     X      │     13      │ │
│ │ Frankfurt        │          │           │            │          │           │            │             │ │
│ └──────────────────┴──────────┴───────────┴────────────┴──────────┴───────────┴────────────┴─────────────┘ │
╰───────────────────────────────────────────────────────────────────────────────────────────────── 13 goals ─╯

2026-09-12 16:55:38
2026-09-12 16:55:38
╭─ RESULT  FC 25. 3x3. Conference League  ·  Basel vs Nice ──────────────────────────────────────────────────╮
│ ┏━━━━━━━━┳━━━━━━━━━━┳━━━━━━━━━━━┳━━━━━━━━━━━━┳━━━━━━━━━━┳━━━━━━━━━━━┳━━━━━━━━━━━━┳━━━━━━━━━━━━━┓           │
│ ┃        ┃          ┃ total for ┃ winner for ┃          ┃ total for ┃ winner for ┃             ┃           │
│ ┃ Result ┃ 1st half ┃ 1st half  ┃  1st half  ┃ 2nd half ┃ 2nd half  ┃  2nd half  ┃ final total ┃           │
│ ┡━━━━━━━━╇━━━━━━━━━━╇━━━━━━━━━━━╇━━━━━━━━━━━━╇━━━━━━━━━━╇━━━━━━━━━━━╇━━━━━━━━━━━━╇━━━━━━━━━━━━━┩           │
│ │ Basel  │        3 │     5     │     1X     │        3 │           │            │             │           │
│ │ Nice   │        2 │           │            │        8 │    11     │     2X     │     16      │           │
│ └────────┴──────────┴───────────┴────────────┴──────────┴───────────┴────────────┴─────────────┘           │
╰───────────────────────────────────────────────────────────────────────────────────────────────── 16 goals ─╯

╭─ RESULT  FC 25. 3x3. Conference League  ·  Basel vs Nice ──────────────────────────────────────────────────╮
│ ┏━━━━━━━━┳━━━━━━━━━━┳━━━━━━━━━━━┳━━━━━━━━━━━━┳━━━━━━━━━━┳━━━━━━━━━━━┳━━━━━━━━━━━━┳━━━━━━━━━━━━━┓           │
│ ┃        ┃          ┃ total for ┃ winner for ┃          ┃ total for ┃ winner for ┃             ┃           │
│ ┃ Result ┃ 1st half ┃ 1st half  ┃  1st half  ┃ 2nd half ┃ 2nd half  ┃  2nd half  ┃ final total ┃           │
│ ┡━━━━━━━━╇━━━━━━━━━━╇━━━━━━━━━━━╇━━━━━━━━━━━━╇━━━━━━━━━━╇━━━━━━━━━━━╇━━━━━━━━━━━━╇━━━━━━━━━━━━━┩           │
│ │ Basel  │        3 │     5     │     1X     │        3 │           │            │             │           │
│ │ Nice   │        2 │           │            │        8 │    11     │     2X     │     16      │           │
│ └────────┴──────────┴───────────┴────────────┴──────────┴───────────┴────────────┴─────────────┘           │
╰───────────────────────────────────────────────────────────────────────────────────────────────── 16 goals ─╯

2026-09-12 17:04:49
2026-09-12 17:04:49
╭─ RESULT  FC 25. 3x3. Conference League  ·  Celta vs Lille OSC ─────────────────────────────────────────────╮
│ ┏━━━━━━━━━━━┳━━━━━━━━━━┳━━━━━━━━━━━┳━━━━━━━━━━━━┳━━━━━━━━━━┳━━━━━━━━━━━┳━━━━━━━━━━━━┳━━━━━━━━━━━━━┓        │
│ ┃           ┃          ┃ total for ┃ winner for ┃          ┃ total for ┃ winner for ┃             ┃        │
│ ┃ Result    ┃ 1st half ┃ 1st half  ┃  1st half  ┃ 2nd half ┃ 2nd half  ┃  2nd half  ┃ final total ┃        │
│ ┡━━━━━━━━━━━╇━━━━━━━━━━╇━━━━━━━━━━━╇━━━━━━━━━━━━╇━━━━━━━━━━╇━━━━━━━━━━━╇━━━━━━━━━━━━╇━━━━━━━━━━━━━┩        │
│ │ Celta     │        2 │     4     │     X      │        2 │           │            │             │        │
│ │ Lille OSC │        2 │           │            │        6 │     8     │     2X     │     12      │        │
│ └───────────┴──────────┴───────────┴────────────┴──────────┴───────────┴────────────┴─────────────┘        │
╰───────────────────────────────────────────────────────────────────────────────────────────────── 12 goals ─╯

╭─ RESULT  FC 25. 3x3. Conference League  ·  Celta vs Lille OSC ─────────────────────────────────────────────╮
│ ┏━━━━━━━━━━━┳━━━━━━━━━━┳━━━━━━━━━━━┳━━━━━━━━━━━━┳━━━━━━━━━━┳━━━━━━━━━━━┳━━━━━━━━━━━━┳━━━━━━━━━━━━━┓        │
│ ┃           ┃          ┃ total for ┃ winner for ┃          ┃ total for ┃ winner for ┃             ┃        │
│ ┃ Result    ┃ 1st half ┃ 1st half  ┃  1st half  ┃ 2nd half ┃ 2nd half  ┃  2nd half  ┃ final total ┃        │
│ ┡━━━━━━━━━━━╇━━━━━━━━━━╇━━━━━━━━━━━╇━━━━━━━━━━━━╇━━━━━━━━━━╇━━━━━━━━━━━╇━━━━━━━━━━━━╇━━━━━━━━━━━━━┩        │
│ │ Celta     │        2 │     4     │     X      │        2 │           │            │             │        │
│ │ Lille OSC │        2 │           │            │        6 │     8     │     2X     │     12      │        │
│ └───────────┴──────────┴───────────┴────────────┴──────────┴───────────┴────────────┴─────────────┘        │
╰───────────────────────────────────────────────────────────────────────────────────────────────── 12 goals ─╯

2026-09-12 17:16:19
2026-09-12 17:16:19
╭─ RESULT  FC 25. 3x3. Conference League  ·  Fenerbahce vs Olympiacos ───────────────────────────────────────╮
│ ┏━━━━━━━━━━━━┳━━━━━━━━━━┳━━━━━━━━━━━┳━━━━━━━━━━━━┳━━━━━━━━━━┳━━━━━━━━━━━┳━━━━━━━━━━━━┳━━━━━━━━━━━━━┓       │
│ ┃            ┃          ┃ total for ┃ winner for ┃          ┃ total for ┃ winner for ┃             ┃       │
│ ┃ Result     ┃ 1st half ┃ 1st half  ┃  1st half  ┃ 2nd half ┃ 2nd half  ┃  2nd half  ┃ final total ┃       │
│ ┡━━━━━━━━━━━━╇━━━━━━━━━━╇━━━━━━━━━━━╇━━━━━━━━━━━━╇━━━━━━━━━━╇━━━━━━━━━━━╇━━━━━━━━━━━━╇━━━━━━━━━━━━━┩       │
│ │ Fenerbahce │        5 │     7     │     1X     │        5 │           │            │             │       │
│ │ Olympiacos │        2 │           │            │        6 │    11     │     2X     │     18      │       │
│ └────────────┴──────────┴───────────┴────────────┴──────────┴───────────┴────────────┴─────────────┘       │
│ W1 3.01 ✓  X 2.34  W2 3.06                                                                                 │
╰───────────────────────────────────────────────────────────────────────────────────────────────── 18 goals ─╯

╭─ RESULT  FC 25. 3x3. Conference League  ·  Fenerbahce vs Olympiacos ───────────────────────────────────────╮
│ ┏━━━━━━━━━━━━┳━━━━━━━━━━┳━━━━━━━━━━━┳━━━━━━━━━━━━┳━━━━━━━━━━┳━━━━━━━━━━━┳━━━━━━━━━━━━┳━━━━━━━━━━━━━┓       │
│ ┃            ┃          ┃ total for ┃ winner for ┃          ┃ total for ┃ winner for ┃             ┃       │
│ ┃ Result     ┃ 1st half ┃ 1st half  ┃  1st half  ┃ 2nd half ┃ 2nd half  ┃  2nd half  ┃ final total ┃       │
│ ┡━━━━━━━━━━━━╇━━━━━━━━━━╇━━━━━━━━━━━╇━━━━━━━━━━━━╇━━━━━━━━━━╇━━━━━━━━━━━╇━━━━━━━━━━━━╇━━━━━━━━━━━━━┩       │
│ │ Fenerbahce │        5 │     7     │     1X     │        5 │           │            │             │       │
│ │ Olympiacos │        2 │           │            │        6 │    11     │     2X     │     18      │       │
│ └────────────┴──────────┴───────────┴────────────┴──────────┴───────────┴────────────┴─────────────┘       │
│ W1 3.01 ✓  X 2.34  W2 3.06                                                                                 │
╰───────────────────────────────────────────────────────────────────────────────────────────────── 18 goals ─╯

2026-09-12 20:45:00
╭─ RESULT  FC 25. 3x3. Conference League  ·  Olympiacos vs Villarreal ───────────────────────────────────────╮
│ ┏━━━━━━━━━━━━┳━━━━━━━━━━┳━━━━━━━━━━━┳━━━━━━━━━━━━┳━━━━━━━━━━┳━━━━━━━━━━━┳━━━━━━━━━━━━┳━━━━━━━━━━━━━┓       │
│ ┃            ┃          ┃ total for ┃ winner for ┃          ┃ total for ┃ winner for ┃             ┃       │
│ ┃ Result     ┃ 1st half ┃ 1st half  ┃  1st half  ┃ 2nd half ┃ 2nd half  ┃  2nd half  ┃ final total ┃       │
│ ┡━━━━━━━━━━━━╇━━━━━━━━━━╇━━━━━━━━━━━╇━━━━━━━━━━━━╇━━━━━━━━━━╇━━━━━━━━━━━╇━━━━━━━━━━━━╇━━━━━━━━━━━━━┩       │
│ │ Olympiacos │        3 │     7     │     2X     │        5 │           │            │             │       │
│ │ Villarreal │        4 │           │            │        1 │     6     │     1X     │     13      │       │
│ └────────────┴──────────┴───────────┴────────────┴──────────┴───────────┴────────────┴─────────────┘       │
│ W1 1.00 ✓  X 16.00  W2 30.00                                                                               │
╰───────────────────────────────────────────────────────────────────────────────────────────────── 13 goals ─╯

2026-09-12 20:56:00
╭─ RESULT  FC 25. 3x3. Conference League  ·  Lille OSC vs Fiorentina ────────────────────────────────────────╮
│ ┏━━━━━━━━━━━━┳━━━━━━━━━━┳━━━━━━━━━━━┳━━━━━━━━━━━━┳━━━━━━━━━━┳━━━━━━━━━━━┳━━━━━━━━━━━━┳━━━━━━━━━━━━━┓       │
│ ┃            ┃          ┃ total for ┃ winner for ┃          ┃ total for ┃ winner for ┃             ┃       │
│ ┃ Result     ┃ 1st half ┃ 1st half  ┃  1st half  ┃ 2nd half ┃ 2nd half  ┃  2nd half  ┃ final total ┃       │
│ ┡━━━━━━━━━━━━╇━━━━━━━━━━╇━━━━━━━━━━━╇━━━━━━━━━━━━╇━━━━━━━━━━╇━━━━━━━━━━━╇━━━━━━━━━━━━╇━━━━━━━━━━━━━┩       │
│ │ Lille OSC  │        2 │     6     │     2X     │        4 │           │            │             │       │
│ │ Fiorentina │        4 │           │            │        6 │    10     │     2X     │     16      │       │
│ └────────────┴──────────┴───────────┴────────────┴──────────┴───────────┴────────────┴─────────────┘       │
╰───────────────────────────────────────────────────────────────────────────────────────────────── 16 goals ─╯

2026-09-12 21:05:22
╭─ RESULT  FC 25. 3x3. Conference League  ·  Nice vs Anderlecht ─────────────────────────────────────────────╮
│ ┏━━━━━━━━━━━━┳━━━━━━━━━━┳━━━━━━━━━━━┳━━━━━━━━━━━━┳━━━━━━━━━━┳━━━━━━━━━━━┳━━━━━━━━━━━━┳━━━━━━━━━━━━━┓       │
│ ┃            ┃          ┃ total for ┃ winner for ┃          ┃ total for ┃ winner for ┃             ┃       │
│ ┃ Result     ┃ 1st half ┃ 1st half  ┃  1st half  ┃ 2nd half ┃ 2nd half  ┃  2nd half  ┃ final total ┃       │
│ ┡━━━━━━━━━━━━╇━━━━━━━━━━╇━━━━━━━━━━━╇━━━━━━━━━━━━╇━━━━━━━━━━╇━━━━━━━━━━━╇━━━━━━━━━━━━╇━━━━━━━━━━━━━┩       │
│ │ Nice       │        3 │     7     │     2X     │        4 │           │            │             │       │
│ │ Anderlecht │        4 │           │            │        3 │     7     │     1X     │     14      │       │
│ └────────────┴──────────┴───────────┴────────────┴──────────┴───────────┴────────────┴─────────────┘       │
╰───────────────────────────────────────────────────────────────────────────────────────────────── 14 goals ─╯

2026-09-12 21:14:10
╭─ RESULT  FC 25. 3x3. Conference League  ·  Eintracht Frankfurt vs Braga ───────────────────────────────────╮
│ ┏━━━━━━━━━━━━━━━━━━┳━━━━━━━━━━┳━━━━━━━━━━━┳━━━━━━━━━━━━┳━━━━━━━━━━┳━━━━━━━━━━━┳━━━━━━━━━━━━┳━━━━━━━━━━━━━┓ │
│ ┃                  ┃          ┃ total for ┃ winner for ┃          ┃ total for ┃ winner for ┃             ┃ │
│ ┃ Result           ┃ 1st half ┃ 1st half  ┃  1st half  ┃ 2nd half ┃ 2nd half  ┃  2nd half  ┃ final total ┃ │
│ ┡━━━━━━━━━━━━━━━━━━╇━━━━━━━━━━╇━━━━━━━━━━━╇━━━━━━━━━━━━╇━━━━━━━━━━╇━━━━━━━━━━━╇━━━━━━━━━━━━╇━━━━━━━━━━━━━┩ │
│ │ Eintracht        │        3 │     4     │     1X     │        2 │           │            │             │ │
│ │ Frankfurt        │          │           │            │          │           │            │             │ │
│ │ Braga            │        1 │           │            │        2 │     4     │     X      │      8      │ │
│ └──────────────────┴──────────┴───────────┴────────────┴──────────┴───────────┴────────────┴─────────────┘ │
╰────────────────────────────────────────────────────────────────────────────────────────────────── 8 goals ─╯

2026-09-12 21:25:41
╭─ RESULT  FC 25. 3x3. Conference League  ·  Roma vs Red Bull ───────────────────────────────────────────────╮
│ ┏━━━━━━━━━━┳━━━━━━━━━━┳━━━━━━━━━━━┳━━━━━━━━━━━━┳━━━━━━━━━━┳━━━━━━━━━━━┳━━━━━━━━━━━━┳━━━━━━━━━━━━━┓         │
│ ┃          ┃          ┃ total for ┃ winner for ┃          ┃ total for ┃ winner for ┃             ┃         │
│ ┃ Result   ┃ 1st half ┃ 1st half  ┃  1st half  ┃ 2nd half ┃ 2nd half  ┃  2nd half  ┃ final total ┃         │
│ ┡━━━━━━━━━━╇━━━━━━━━━━╇━━━━━━━━━━━╇━━━━━━━━━━━━╇━━━━━━━━━━╇━━━━━━━━━━━╇━━━━━━━━━━━━╇━━━━━━━━━━━━━┩         │
│ │ Roma     │        3 │     5     │     1X     │        3 │           │            │             │         │
│ │ Red Bull │        2 │           │            │        8 │    11     │     2X     │     16      │         │
│ └──────────┴──────────┴───────────┴────────────┴──────────┴───────────┴────────────┴─────────────┘         │
╰───────────────────────────────────────────────────────────────────────────────────────────────── 16 goals ─╯

2026-09-12 21:35:27
╭─ RESULT  FC 25. 3x3. Conference League  ·  Chelsea vs Heart of Midlothian ─────────────────────────────────╮
│ ┏━━━━━━━━━━━━━━━━━━┳━━━━━━━━━━┳━━━━━━━━━━━┳━━━━━━━━━━━━┳━━━━━━━━━━┳━━━━━━━━━━━┳━━━━━━━━━━━━┳━━━━━━━━━━━━━┓ │
│ ┃                  ┃          ┃ total for ┃ winner for ┃          ┃ total for ┃ winner for ┃             ┃ │
│ ┃ Result           ┃ 1st half ┃ 1st half  ┃  1st half  ┃ 2nd half ┃ 2nd half  ┃  2nd half  ┃ final total ┃ │
│ ┡━━━━━━━━━━━━━━━━━━╇━━━━━━━━━━╇━━━━━━━━━━━╇━━━━━━━━━━━━╇━━━━━━━━━━╇━━━━━━━━━━━╇━━━━━━━━━━━━╇━━━━━━━━━━━━━┩ │
│ │ Chelsea          │        7 │    12     │     1X     │        2 │           │            │             │ │
│ │ Heart of         │        5 │           │            │        1 │     3     │     1X     │     15      │ │
│ │ Midlothian       │          │           │            │          │           │            │             │ │
│ └──────────────────┴──────────┴───────────┴────────────┴──────────┴───────────┴────────────┴─────────────┘ │
│ W1 1.00 ✓  X 30.00  W2 30.00                                                                               │
╰───────────────────────────────────────────────────────────────────────────────────────────────── 15 goals ─╯

2026-09-12 21:44:27
╭─ RESULT  FC 25. 3x3. Conference League  ·  Borussia Monchengladbach vs West Ham United ────────────────────╮
│ ┏━━━━━━━━━━━━━━━━━━┳━━━━━━━━━━┳━━━━━━━━━━━┳━━━━━━━━━━━━┳━━━━━━━━━━┳━━━━━━━━━━━┳━━━━━━━━━━━━┳━━━━━━━━━━━━━┓ │
│ ┃                  ┃          ┃ total for ┃ winner for ┃          ┃ total for ┃ winner for ┃             ┃ │
│ ┃ Result           ┃ 1st half ┃ 1st half  ┃  1st half  ┃ 2nd half ┃ 2nd half  ┃  2nd half  ┃ final total ┃ │
│ ┡━━━━━━━━━━━━━━━━━━╇━━━━━━━━━━╇━━━━━━━━━━━╇━━━━━━━━━━━━╇━━━━━━━━━━╇━━━━━━━━━━━╇━━━━━━━━━━━━╇━━━━━━━━━━━━━┩ │
│ │ Borussia         │        2 │     6     │     2X     │        3 │           │            │             │ │
│ │ Monchengladbach  │          │           │            │          │           │            │             │ │
│ │ West Ham United  │        4 │           │            │        3 │     6     │     X      │     12      │ │
│ └──────────────────┴──────────┴───────────┴────────────┴──────────┴───────────┴────────────┴─────────────┘ │
│ W1 30.00  X 30.00  W2 1.00 ✓                                                                               │
╰───────────────────────────────────────────────────────────────────────────────────────────────── 12 goals ─╯

2026-09-12 21:56:44
╭─ RESULT  FC 25. 3x3. Conference League  ·  Borussia Monchengladbach vs AZ Alkmaar ─────────────────────────╮
│ ┏━━━━━━━━━━━━━━━━━━┳━━━━━━━━━━┳━━━━━━━━━━━┳━━━━━━━━━━━━┳━━━━━━━━━━┳━━━━━━━━━━━┳━━━━━━━━━━━━┳━━━━━━━━━━━━━┓ │
│ ┃                  ┃          ┃ total for ┃ winner for ┃          ┃ total for ┃ winner for ┃             ┃ │
│ ┃ Result           ┃ 1st half ┃ 1st half  ┃  1st half  ┃ 2nd half ┃ 2nd half  ┃  2nd half  ┃ final total ┃ │
│ ┡━━━━━━━━━━━━━━━━━━╇━━━━━━━━━━╇━━━━━━━━━━━╇━━━━━━━━━━━━╇━━━━━━━━━━╇━━━━━━━━━━━╇━━━━━━━━━━━━╇━━━━━━━━━━━━━┩ │
│ │ Borussia         │        2 │     9     │     2X     │        7 │           │            │             │ │
│ │ Monchengladbach  │          │           │            │          │           │            │             │ │
│ │ AZ Alkmaar       │        7 │           │            │        3 │    10     │     1X     │     19      │ │
│ └──────────────────┴──────────┴───────────┴────────────┴──────────┴───────────┴────────────┴─────────────┘ │
╰───────────────────────────────────────────────────────────────────────────────────────────────── 19 goals ─╯

2026-09-12 22:04:00
╭─ RESULT  FC 25. 3x3. Conference League  ·  West Ham United vs Chelsea ─────────────────────────────────────╮
│ ┏━━━━━━━━━━━━━━━━━┳━━━━━━━━━━┳━━━━━━━━━━━┳━━━━━━━━━━━━┳━━━━━━━━━━┳━━━━━━━━━━━┳━━━━━━━━━━━━┳━━━━━━━━━━━━━┓  │
│ ┃                 ┃          ┃ total for ┃ winner for ┃          ┃ total for ┃ winner for ┃             ┃  │
│ ┃ Result          ┃ 1st half ┃ 1st half  ┃  1st half  ┃ 2nd half ┃ 2nd half  ┃  2nd half  ┃ final total ┃  │
│ ┡━━━━━━━━━━━━━━━━━╇━━━━━━━━━━╇━━━━━━━━━━━╇━━━━━━━━━━━━╇━━━━━━━━━━╇━━━━━━━━━━━╇━━━━━━━━━━━━╇━━━━━━━━━━━━━┩  │
│ │ West Ham United │        2 │     5     │     2X     │        2 │           │            │             │  │
│ │ Chelsea         │        3 │           │            │        3 │     5     │     2X     │     10      │  │
│ └─────────────────┴──────────┴───────────┴────────────┴──────────┴───────────┴────────────┴─────────────┘  │
│ W1 30.00  X 16.00  W2 1.00 ✓                                                                               │
╰───────────────────────────────────────────────────────────────────────────────────────────────── 10 goals ─╯

2026-09-12 22:16:27
╭─ RESULT  FC 25. 3x3. Conference League  ·  Heart of Midlothian vs Roma ────────────────────────────────────╮
│ ┏━━━━━━━━━━━━━━━━━━┳━━━━━━━━━━┳━━━━━━━━━━━┳━━━━━━━━━━━━┳━━━━━━━━━━┳━━━━━━━━━━━┳━━━━━━━━━━━━┳━━━━━━━━━━━━━┓ │
│ ┃                  ┃          ┃ total for ┃ winner for ┃          ┃ total for ┃ winner for ┃             ┃ │
│ ┃ Result           ┃ 1st half ┃ 1st half  ┃  1st half  ┃ 2nd half ┃ 2nd half  ┃  2nd half  ┃ final total ┃ │
│ ┡━━━━━━━━━━━━━━━━━━╇━━━━━━━━━━╇━━━━━━━━━━━╇━━━━━━━━━━━━╇━━━━━━━━━━╇━━━━━━━━━━━╇━━━━━━━━━━━━╇━━━━━━━━━━━━━┩ │
│ │ Heart of         │        3 │     7     │     2X     │        6 │           │            │             │ │
│ │ Midlothian       │          │           │            │          │           │            │             │ │
│ │ Roma             │        4 │           │            │        4 │    10     │     1X     │     17      │ │
│ └──────────────────┴──────────┴───────────┴────────────┴──────────┴───────────┴────────────┴─────────────┘ │
╰───────────────────────────────────────────────────────────────────────────────────────────────── 17 goals ─╯

2026-09-12 22:24:49
╭─ RESULT  FC 25. 3x3. Conference League  ·  Red Bull vs Eintracht Frankfurt ────────────────────────────────╮
│ ┏━━━━━━━━━━━━━━━━━━┳━━━━━━━━━━┳━━━━━━━━━━━┳━━━━━━━━━━━━┳━━━━━━━━━━┳━━━━━━━━━━━┳━━━━━━━━━━━━┳━━━━━━━━━━━━━┓ │
│ ┃                  ┃          ┃ total for ┃ winner for ┃          ┃ total for ┃ winner for ┃             ┃ │
│ ┃ Result           ┃ 1st half ┃ 1st half  ┃  1st half  ┃ 2nd half ┃ 2nd half  ┃  2nd half  ┃ final total ┃ │
│ ┡━━━━━━━━━━━━━━━━━━╇━━━━━━━━━━╇━━━━━━━━━━━╇━━━━━━━━━━━━╇━━━━━━━━━━╇━━━━━━━━━━━╇━━━━━━━━━━━━╇━━━━━━━━━━━━━┩ │
│ │ Red Bull         │        1 │     8     │     2X     │        2 │           │            │             │ │
│ │ Eintracht        │        7 │           │            │        2 │     4     │     X      │     12      │ │
│ │ Frankfurt        │          │           │            │          │           │            │             │ │
│ └──────────────────┴──────────┴───────────┴────────────┴──────────┴───────────┴────────────┴─────────────┘ │
╰───────────────────────────────────────────────────────────────────────────────────────────────── 12 goals ─╯

2026-09-12 22:35:19
╭─ RESULT  FC 25. 3x3. Conference League  ·  Braga vs Nice ──────────────────────────────────────────────────╮
│ ┏━━━━━━━━┳━━━━━━━━━━┳━━━━━━━━━━━┳━━━━━━━━━━━━┳━━━━━━━━━━┳━━━━━━━━━━━┳━━━━━━━━━━━━┳━━━━━━━━━━━━━┓           │
│ ┃        ┃          ┃ total for ┃ winner for ┃          ┃ total for ┃ winner for ┃             ┃           │
│ ┃ Result ┃ 1st half ┃ 1st half  ┃  1st half  ┃ 2nd half ┃ 2nd half  ┃  2nd half  ┃ final total ┃           │
│ ┡━━━━━━━━╇━━━━━━━━━━╇━━━━━━━━━━━╇━━━━━━━━━━━━╇━━━━━━━━━━╇━━━━━━━━━━━╇━━━━━━━━━━━━╇━━━━━━━━━━━━━┩           │
│ │ Braga  │        2 │     7     │     2X     │        3 │           │            │             │           │
│ │ Nice   │        5 │           │            │        5 │     8     │     2X     │     15      │           │
│ └────────┴──────────┴───────────┴────────────┴──────────┴───────────┴────────────┴─────────────┘           │
╰───────────────────────────────────────────────────────────────────────────────────────────────── 15 goals ─╯

2026-09-12 22:45:34
╭─ RESULT  FC 25. 3x3. Conference League  ·  Anderlecht vs Lille OSC ────────────────────────────────────────╮
│ ┏━━━━━━━━━━━━┳━━━━━━━━━━┳━━━━━━━━━━━┳━━━━━━━━━━━━┳━━━━━━━━━━┳━━━━━━━━━━━┳━━━━━━━━━━━━┳━━━━━━━━━━━━━┓       │
│ ┃            ┃          ┃ total for ┃ winner for ┃          ┃ total for ┃ winner for ┃             ┃       │
│ ┃ Result     ┃ 1st half ┃ 1st half  ┃  1st half  ┃ 2nd half ┃ 2nd half  ┃  2nd half  ┃ final total ┃       │
│ ┡━━━━━━━━━━━━╇━━━━━━━━━━╇━━━━━━━━━━━╇━━━━━━━━━━━━╇━━━━━━━━━━╇━━━━━━━━━━━╇━━━━━━━━━━━━╇━━━━━━━━━━━━━┩       │
│ │ Anderlecht │        5 │     7     │     1X     │        4 │           │            │             │       │
│ │ Lille OSC  │        2 │           │            │        5 │     9     │     2X     │     16      │       │
│ └────────────┴──────────┴───────────┴────────────┴──────────┴───────────┴────────────┴─────────────┘       │
│ W1 1.00 ✓  X 14.00  W2 30.00                                                                               │
╰───────────────────────────────────────────────────────────────────────────────────────────────── 16 goals ─╯

2026-09-12 22:55:37
╭─ RESULT  FC 25. 3x3. Conference League  ·  Fiorentina vs Olympiacos ───────────────────────────────────────╮
│ ┏━━━━━━━━━━━━┳━━━━━━━━━━┳━━━━━━━━━━━┳━━━━━━━━━━━━┳━━━━━━━━━━┳━━━━━━━━━━━┳━━━━━━━━━━━━┳━━━━━━━━━━━━━┓       │
│ ┃            ┃          ┃ total for ┃ winner for ┃          ┃ total for ┃ winner for ┃             ┃       │
│ ┃ Result     ┃ 1st half ┃ 1st half  ┃  1st half  ┃ 2nd half ┃ 2nd half  ┃  2nd half  ┃ final total ┃       │
│ ┡━━━━━━━━━━━━╇━━━━━━━━━━╇━━━━━━━━━━━╇━━━━━━━━━━━━╇━━━━━━━━━━╇━━━━━━━━━━━╇━━━━━━━━━━━━╇━━━━━━━━━━━━━┩       │
│ │ Fiorentina │        2 │     5     │     2X     │        5 │           │            │             │       │
│ │ Olympiacos │        3 │           │            │        4 │     9     │     1X     │     14      │       │
│ └────────────┴──────────┴───────────┴────────────┴──────────┴───────────┴────────────┴─────────────┘       │
╰───────────────────────────────────────────────────────────────────────────────────────────────── 14 goals ─╯

2026-09-12 23:05:10
╭─ RESULT  FC 25. 3x3. Conference League  ·  Villarreal vs Fenerbahce ───────────────────────────────────────╮
│ ┏━━━━━━━━━━━━┳━━━━━━━━━━┳━━━━━━━━━━━┳━━━━━━━━━━━━┳━━━━━━━━━━┳━━━━━━━━━━━┳━━━━━━━━━━━━┳━━━━━━━━━━━━━┓       │
│ ┃            ┃          ┃ total for ┃ winner for ┃          ┃ total for ┃ winner for ┃             ┃       │
│ ┃ Result     ┃ 1st half ┃ 1st half  ┃  1st half  ┃ 2nd half ┃ 2nd half  ┃  2nd half  ┃ final total ┃       │
│ ┡━━━━━━━━━━━━╇━━━━━━━━━━╇━━━━━━━━━━━╇━━━━━━━━━━━━╇━━━━━━━━━━╇━━━━━━━━━━━╇━━━━━━━━━━━━╇━━━━━━━━━━━━━┩       │
│ │ Villarreal │        4 │     9     │     2X     │        1 │           │            │             │       │
│ │ Fenerbahce │        5 │           │            │        4 │     5     │     2X     │     14      │       │
│ └────────────┴──────────┴───────────┴────────────┴──────────┴───────────┴────────────┴─────────────┘       │
╰───────────────────────────────────────────────────────────────────────────────────────────────── 14 goals ─╯

2026-09-12 23:15:04
╭─ RESULT  FC 25. 3x3. Conference League  ·  Basel vs Celta ─────────────────────────────────────────────────╮
│ ┏━━━━━━━━┳━━━━━━━━━━┳━━━━━━━━━━━┳━━━━━━━━━━━━┳━━━━━━━━━━┳━━━━━━━━━━━┳━━━━━━━━━━━━┳━━━━━━━━━━━━━┓           │
│ ┃        ┃          ┃ total for ┃ winner for ┃          ┃ total for ┃ winner for ┃             ┃           │
│ ┃ Result ┃ 1st half ┃ 1st half  ┃  1st half  ┃ 2nd half ┃ 2nd half  ┃  2nd half  ┃ final total ┃           │
│ ┡━━━━━━━━╇━━━━━━━━━━╇━━━━━━━━━━━╇━━━━━━━━━━━━╇━━━━━━━━━━╇━━━━━━━━━━━╇━━━━━━━━━━━━╇━━━━━━━━━━━━━┩           │
│ │ Basel  │        4 │     6     │     1X     │        3 │           │            │             │           │
│ │ Celta  │        2 │           │            │        4 │     7     │     2X     │     13      │           │
│ └────────┴──────────┴───────────┴────────────┴──────────┴───────────┴────────────┴─────────────┘           │
│ W1 1.00 ✓  X 15.00  W2 30.00                                                                               │
╰───────────────────────────────────────────────────────────────────────────────────────────────── 13 goals ─╯

2026-09-12 23:24:10
╭─ RESULT  FC 25. 3x3. Conference League  ·  AZ Alkmaar vs Basel ────────────────────────────────────────────╮
│ ┏━━━━━━━━━━━━┳━━━━━━━━━━┳━━━━━━━━━━━┳━━━━━━━━━━━━┳━━━━━━━━━━┳━━━━━━━━━━━┳━━━━━━━━━━━━┳━━━━━━━━━━━━━┓       │
│ ┃            ┃          ┃ total for ┃ winner for ┃          ┃ total for ┃ winner for ┃             ┃       │
│ ┃ Result     ┃ 1st half ┃ 1st half  ┃  1st half  ┃ 2nd half ┃ 2nd half  ┃  2nd half  ┃ final total ┃       │
│ ┡━━━━━━━━━━━━╇━━━━━━━━━━╇━━━━━━━━━━━╇━━━━━━━━━━━━╇━━━━━━━━━━╇━━━━━━━━━━━╇━━━━━━━━━━━━╇━━━━━━━━━━━━━┩       │
│ │ AZ Alkmaar │        3 │     4     │     1X     │        2 │           │            │             │       │
│ │ Basel      │        1 │           │            │        3 │     5     │     2X     │      9      │       │
│ └────────────┴──────────┴───────────┴────────────┴──────────┴───────────┴────────────┴─────────────┘       │
│ W1 1.27 ✓  X 4.14  W2 15.00                                                                                │
╰────────────────────────────────────────────────────────────────────────────────────────────────── 9 goals ─╯

2026-09-12 23:36:07
╭─ RESULT  FC 25. 3x3. Conference League  ·  Celta vs Villarreal ────────────────────────────────────────────╮
│ ┏━━━━━━━━━━━━┳━━━━━━━━━━┳━━━━━━━━━━━┳━━━━━━━━━━━━┳━━━━━━━━━━┳━━━━━━━━━━━┳━━━━━━━━━━━━┳━━━━━━━━━━━━━┓       │
│ ┃            ┃          ┃ total for ┃ winner for ┃          ┃ total for ┃ winner for ┃             ┃       │
│ ┃ Result     ┃ 1st half ┃ 1st half  ┃  1st half  ┃ 2nd half ┃ 2nd half  ┃  2nd half  ┃ final total ┃       │
│ ┡━━━━━━━━━━━━╇━━━━━━━━━━╇━━━━━━━━━━━╇━━━━━━━━━━━━╇━━━━━━━━━━╇━━━━━━━━━━━╇━━━━━━━━━━━━╇━━━━━━━━━━━━━┩       │
│ │ Celta      │        6 │     9     │     1X     │        3 │           │            │             │       │
│ │ Villarreal │        3 │           │            │        6 │     9     │     2X     │     18      │       │
│ └────────────┴──────────┴───────────┴────────────┴──────────┴───────────┴────────────┴─────────────┘       │
╰───────────────────────────────────────────────────────────────────────────────────────────────── 18 goals ─╯

2026-09-12 23:44:59
╭─ RESULT  FC 25. 3x3. Conference League  ·  Fenerbahce vs Fiorentina ───────────────────────────────────────╮
│ ┏━━━━━━━━━━━━┳━━━━━━━━━━┳━━━━━━━━━━━┳━━━━━━━━━━━━┳━━━━━━━━━━┳━━━━━━━━━━━┳━━━━━━━━━━━━┳━━━━━━━━━━━━━┓       │
│ ┃            ┃          ┃ total for ┃ winner for ┃          ┃ total for ┃ winner for ┃             ┃       │
│ ┃ Result     ┃ 1st half ┃ 1st half  ┃  1st half  ┃ 2nd half ┃ 2nd half  ┃  2nd half  ┃ final total ┃       │
│ ┡━━━━━━━━━━━━╇━━━━━━━━━━╇━━━━━━━━━━━╇━━━━━━━━━━━━╇━━━━━━━━━━╇━━━━━━━━━━━╇━━━━━━━━━━━━╇━━━━━━━━━━━━━┩       │
│ │ Fenerbahce │        6 │     6     │     1X     │        4 │           │            │             │       │
│ │ Fiorentina │        0 │           │            │        4 │     8     │     X      │     14      │       │
│ └────────────┴──────────┴───────────┴────────────┴──────────┴───────────┴────────────┴─────────────┘       │
╰───────────────────────────────────────────────────────────────────────────────────────────────── 14 goals ─╯

2026-09-12 23:54:03
╭─ RESULT  FC 25. 3x3. Conference League  ·  Olympiacos vs Anderlecht ───────────────────────────────────────╮
│ ┏━━━━━━━━━━━━┳━━━━━━━━━━┳━━━━━━━━━━━┳━━━━━━━━━━━━┳━━━━━━━━━━┳━━━━━━━━━━━┳━━━━━━━━━━━━┳━━━━━━━━━━━━━┓       │
│ ┃            ┃          ┃ total for ┃ winner for ┃          ┃ total for ┃ winner for ┃             ┃       │
│ ┃ Result     ┃ 1st half ┃ 1st half  ┃  1st half  ┃ 2nd half ┃ 2nd half  ┃  2nd half  ┃ final total ┃       │
│ ┡━━━━━━━━━━━━╇━━━━━━━━━━╇━━━━━━━━━━━╇━━━━━━━━━━━━╇━━━━━━━━━━╇━━━━━━━━━━━╇━━━━━━━━━━━━╇━━━━━━━━━━━━━┩       │
│ │ Olympiacos │        4 │     5     │     1X     │        4 │           │            │             │       │
│ │ Anderlecht │        1 │           │            │        2 │     6     │     1X     │     11      │       │
│ └────────────┴──────────┴───────────┴────────────┴──────────┴───────────┴────────────┴─────────────┘       │
│ W1 1.00 ✓  X 30.00  W2 30.00                                                                               │
╰───────────────────────────────────────────────────────────────────────────────────────────────── 11 goals ─╯

2026-09-13 00:03:46
╭─ RESULT  FC 25. 3x3. Conference League  ·  Lille OSC vs Braga ─────────────────────────────────────────────╮
│ ┏━━━━━━━━━━━┳━━━━━━━━━━┳━━━━━━━━━━━┳━━━━━━━━━━━━┳━━━━━━━━━━┳━━━━━━━━━━━┳━━━━━━━━━━━━┳━━━━━━━━━━━━━┓        │
│ ┃           ┃          ┃ total for ┃ winner for ┃          ┃ total for ┃ winner for ┃             ┃        │
│ ┃ Result    ┃ 1st half ┃ 1st half  ┃  1st half  ┃ 2nd half ┃ 2nd half  ┃  2nd half  ┃ final total ┃        │
│ ┡━━━━━━━━━━━╇━━━━━━━━━━╇━━━━━━━━━━━╇━━━━━━━━━━━━╇━━━━━━━━━━╇━━━━━━━━━━━╇━━━━━━━━━━━━╇━━━━━━━━━━━━━┩        │
│ │ Lille OSC │        3 │     4     │     1X     │        2 │           │            │             │        │
│ │ Braga     │        1 │           │            │        2 │     4     │     X      │      8      │        │
│ └───────────┴──────────┴───────────┴────────────┴──────────┴───────────┴────────────┴─────────────┘        │
│ W1 1.00 ✓  X 30.00  W2 30.00                                                                               │
╰────────────────────────────────────────────────────────────────────────────────────────────────── 8 goals ─╯

2026-09-13 00:13:09
╭─ RESULT  FC 25. 3x3. Conference League  ·  Nice vs Red Bull ───────────────────────────────────────────────╮
│ ┏━━━━━━━━━━┳━━━━━━━━━━┳━━━━━━━━━━━┳━━━━━━━━━━━━┳━━━━━━━━━━┳━━━━━━━━━━━┳━━━━━━━━━━━━┳━━━━━━━━━━━━━┓         │
│ ┃          ┃          ┃ total for ┃ winner for ┃          ┃ total for ┃ winner for ┃             ┃         │
│ ┃ Result   ┃ 1st half ┃ 1st half  ┃  1st half  ┃ 2nd half ┃ 2nd half  ┃  2nd half  ┃ final total ┃         │
│ ┡━━━━━━━━━━╇━━━━━━━━━━╇━━━━━━━━━━━╇━━━━━━━━━━━━╇━━━━━━━━━━╇━━━━━━━━━━━╇━━━━━━━━━━━━╇━━━━━━━━━━━━━┩         │
│ │ Nice     │        2 │     3     │     1X     │        2 │           │            │             │         │
│ │ Red Bull │        1 │           │            │        1 │     3     │     1X     │      6      │         │
│ └──────────┴──────────┴───────────┴────────────┴──────────┴───────────┴────────────┴─────────────┘         │
│ W1 1.00 ✓  X 13.00  W2 30.00                                                                               │
╰────────────────────────────────────────────────────────────────────────────────────────────────── 6 goals ─╯

2026-09-13 00:26:36
╭─ RESULT  FC 25. 3x3. Conference League  ·  Eintracht Frankfurt vs Heart of Midlothian ─────────────────────╮
│ ┏━━━━━━━━━━━━━━━━━━┳━━━━━━━━━━┳━━━━━━━━━━━┳━━━━━━━━━━━━┳━━━━━━━━━━┳━━━━━━━━━━━┳━━━━━━━━━━━━┳━━━━━━━━━━━━━┓ │
│ ┃                  ┃          ┃ total for ┃ winner for ┃          ┃ total for ┃ winner for ┃             ┃ │
│ ┃ Result           ┃ 1st half ┃ 1st half  ┃  1st half  ┃ 2nd half ┃ 2nd half  ┃  2nd half  ┃ final total ┃ │
│ ┡━━━━━━━━━━━━━━━━━━╇━━━━━━━━━━╇━━━━━━━━━━━╇━━━━━━━━━━━━╇━━━━━━━━━━╇━━━━━━━━━━━╇━━━━━━━━━━━━╇━━━━━━━━━━━━━┩ │
│ │ Eintracht        │        6 │     9     │     1X     │        5 │           │            │             │ │
│ │ Frankfurt        │          │           │            │          │           │            │             │ │
│ │ Heart of         │        3 │           │            │        5 │    10     │     X      │     19      │ │
│ │ Midlothian       │          │           │            │          │           │            │             │ │
│ └──────────────────┴──────────┴───────────┴────────────┴──────────┴───────────┴────────────┴─────────────┘ │
│ W1 1.00 ✓  X 30.00  W2 1.00                                                                                │
╰───────────────────────────────────────────────────────────────────────────────────────────────── 19 goals ─╯

2026-09-13 00:35:09
╭─ RESULT  FC 25. 3x3. Conference League  ·  Roma vs West Ham United ────────────────────────────────────────╮
│ ┏━━━━━━━━━━━━━━━━━┳━━━━━━━━━━┳━━━━━━━━━━━┳━━━━━━━━━━━━┳━━━━━━━━━━┳━━━━━━━━━━━┳━━━━━━━━━━━━┳━━━━━━━━━━━━━┓  │
│ ┃                 ┃          ┃ total for ┃ winner for ┃          ┃ total for ┃ winner for ┃             ┃  │
│ ┃ Result          ┃ 1st half ┃ 1st half  ┃  1st half  ┃ 2nd half ┃ 2nd half  ┃  2nd half  ┃ final total ┃  │
│ ┡━━━━━━━━━━━━━━━━━╇━━━━━━━━━━╇━━━━━━━━━━━╇━━━━━━━━━━━━╇━━━━━━━━━━╇━━━━━━━━━━━╇━━━━━━━━━━━━╇━━━━━━━━━━━━━┩  │
│ │ Roma            │        2 │     6     │     2X     │        4 │           │            │             │  │
│ │ West Ham United │        4 │           │            │        3 │     7     │     1X     │     13      │  │
│ └─────────────────┴──────────┴───────────┴────────────┴──────────┴───────────┴────────────┴─────────────┘  │
│ W1 12.00  X 3.72  W2 1.35 ✓                                                                                │
╰───────────────────────────────────────────────────────────────────────────────────────────────── 13 goals ─╯

2026-09-13 00:43:56
╭─ RESULT  FC 25. 3x3. Conference League  ·  Chelsea vs Borussia Monchengladbach ────────────────────────────╮
│ ┏━━━━━━━━━━━━━━━━━━┳━━━━━━━━━━┳━━━━━━━━━━━┳━━━━━━━━━━━━┳━━━━━━━━━━┳━━━━━━━━━━━┳━━━━━━━━━━━━┳━━━━━━━━━━━━━┓ │
│ ┃                  ┃          ┃ total for ┃ winner for ┃          ┃ total for ┃ winner for ┃             ┃ │
│ ┃ Result           ┃ 1st half ┃ 1st half  ┃  1st half  ┃ 2nd half ┃ 2nd half  ┃  2nd half  ┃ final total ┃ │
│ ┡━━━━━━━━━━━━━━━━━━╇━━━━━━━━━━╇━━━━━━━━━━━╇━━━━━━━━━━━━╇━━━━━━━━━━╇━━━━━━━━━━━╇━━━━━━━━━━━━╇━━━━━━━━━━━━━┩ │
│ │ Chelsea          │        2 │     3     │     1X     │        3 │           │            │             │ │
│ │ Borussia         │        1 │           │            │        2 │     5     │     1X     │      8      │ │
│ │ Monchengladbach  │          │           │            │          │           │            │             │ │
│ └──────────────────┴──────────┴───────────┴────────────┴──────────┴───────────┴────────────┴─────────────┘ │
╰────────────────────────────────────────────────────────────────────────────────────────────────── 8 goals ─╯

2026-09-13 00:55:06
╭─ RESULT  FC 25. 3x3. Conference League  ·  Chelsea vs AZ Alkmaar ──────────────────────────────────────────╮
│ ┏━━━━━━━━━━━━┳━━━━━━━━━━┳━━━━━━━━━━━┳━━━━━━━━━━━━┳━━━━━━━━━━┳━━━━━━━━━━━┳━━━━━━━━━━━━┳━━━━━━━━━━━━━┓       │
│ ┃            ┃          ┃ total for ┃ winner for ┃          ┃ total for ┃ winner for ┃             ┃       │
│ ┃ Result     ┃ 1st half ┃ 1st half  ┃  1st half  ┃ 2nd half ┃ 2nd half  ┃  2nd half  ┃ final total ┃       │
│ ┡━━━━━━━━━━━━╇━━━━━━━━━━╇━━━━━━━━━━━╇━━━━━━━━━━━━╇━━━━━━━━━━╇━━━━━━━━━━━╇━━━━━━━━━━━━╇━━━━━━━━━━━━━┩       │
│ │ Chelsea    │        1 │     4     │     2X     │        5 │           │            │             │       │
│ │ AZ Alkmaar │        3 │           │            │        4 │     9     │     1X     │     13      │       │
│ └────────────┴──────────┴───────────┴────────────┴──────────┴───────────┴────────────┴─────────────┘       │
│ W1 11.00  X 3.63  W2 1.37 ✓                                                                                │
╰───────────────────────────────────────────────────────────────────────────────────────────────── 13 goals ─╯

2026-09-13 01:06:52
╭─ RESULT  FC 25. 3x3. Conference League  ·  Borussia Monchengladbach vs Roma ───────────────────────────────╮
│ ┏━━━━━━━━━━━━━━━━━━┳━━━━━━━━━━┳━━━━━━━━━━━┳━━━━━━━━━━━━┳━━━━━━━━━━┳━━━━━━━━━━━┳━━━━━━━━━━━━┳━━━━━━━━━━━━━┓ │
│ ┃                  ┃          ┃ total for ┃ winner for ┃          ┃ total for ┃ winner for ┃             ┃ │
│ ┃ Result           ┃ 1st half ┃ 1st half  ┃  1st half  ┃ 2nd half ┃ 2nd half  ┃  2nd half  ┃ final total ┃ │
│ ┡━━━━━━━━━━━━━━━━━━╇━━━━━━━━━━╇━━━━━━━━━━━╇━━━━━━━━━━━━╇━━━━━━━━━━╇━━━━━━━━━━━╇━━━━━━━━━━━━╇━━━━━━━━━━━━━┩ │
│ │ Borussia         │        6 │    10     │     1X     │        4 │           │            │             │ │
│ │ Monchengladbach  │          │           │            │          │           │            │             │ │
│ │ Roma             │        4 │           │            │        7 │    11     │     2X     │     21      │ │
│ └──────────────────┴──────────┴───────────┴────────────┴──────────┴───────────┴────────────┴─────────────┘ │
╰───────────────────────────────────────────────────────────────────────────────────────────────── 21 goals ─╯

2026-09-13 01:14:18
╭─ RESULT  FC 25. 3x3. Conference League  ·  West Ham United vs Eintracht Frankfurt ─────────────────────────╮
│ ┏━━━━━━━━━━━━━━━━━━┳━━━━━━━━━━┳━━━━━━━━━━━┳━━━━━━━━━━━━┳━━━━━━━━━━┳━━━━━━━━━━━┳━━━━━━━━━━━━┳━━━━━━━━━━━━━┓ │
│ ┃                  ┃          ┃ total for ┃ winner for ┃          ┃ total for ┃ winner for ┃             ┃ │
│ ┃ Result           ┃ 1st half ┃ 1st half  ┃  1st half  ┃ 2nd half ┃ 2nd half  ┃  2nd half  ┃ final total ┃ │
│ ┡━━━━━━━━━━━━━━━━━━╇━━━━━━━━━━╇━━━━━━━━━━━╇━━━━━━━━━━━━╇━━━━━━━━━━╇━━━━━━━━━━━╇━━━━━━━━━━━━╇━━━━━━━━━━━━━┩ │
│ │ West Ham United  │        3 │     4     │     1X     │        4 │           │            │             │ │
│ │ Eintracht        │        1 │           │            │        3 │     7     │     1X     │     11      │ │
│ │ Frankfurt        │          │           │            │          │           │            │             │ │
│ └──────────────────┴──────────┴───────────┴────────────┴──────────┴───────────┴────────────┴─────────────┘ │
╰───────────────────────────────────────────────────────────────────────────────────────────────── 11 goals ─╯

2026-09-13 01:24:53
╭─ RESULT  FC 25. 3x3. Conference League  ·  Heart of Midlothian vs Nice ────────────────────────────────────╮
│ ┏━━━━━━━━━━━━━━━━━━┳━━━━━━━━━━┳━━━━━━━━━━━┳━━━━━━━━━━━━┳━━━━━━━━━━┳━━━━━━━━━━━┳━━━━━━━━━━━━┳━━━━━━━━━━━━━┓ │
│ ┃                  ┃          ┃ total for ┃ winner for ┃          ┃ total for ┃ winner for ┃             ┃ │
│ ┃ Result           ┃ 1st half ┃ 1st half  ┃  1st half  ┃ 2nd half ┃ 2nd half  ┃  2nd half  ┃ final total ┃ │
│ ┡━━━━━━━━━━━━━━━━━━╇━━━━━━━━━━╇━━━━━━━━━━━╇━━━━━━━━━━━━╇━━━━━━━━━━╇━━━━━━━━━━━╇━━━━━━━━━━━━╇━━━━━━━━━━━━━┩ │
│ │ Heart of         │        4 │     6     │     1X     │        2 │           │            │             │ │
│ │ Midlothian       │          │           │            │          │           │            │             │ │
│ │ Nice             │        2 │           │            │        5 │     7     │     2X     │     13      │ │
│ └──────────────────┴──────────┴───────────┴────────────┴──────────┴───────────┴────────────┴─────────────┘ │
╰───────────────────────────────────────────────────────────────────────────────────────────────── 13 goals ─╯

2026-09-13 01:35:07
╭─ RESULT  FC 25. 3x3. Conference League  ·  Red Bull vs Lille OSC ──────────────────────────────────────────╮
│ ┏━━━━━━━━━━━┳━━━━━━━━━━┳━━━━━━━━━━━┳━━━━━━━━━━━━┳━━━━━━━━━━┳━━━━━━━━━━━┳━━━━━━━━━━━━┳━━━━━━━━━━━━━┓        │
│ ┃           ┃          ┃ total for ┃ winner for ┃          ┃ total for ┃ winner for ┃             ┃        │
│ ┃ Result    ┃ 1st half ┃ 1st half  ┃  1st half  ┃ 2nd half ┃ 2nd half  ┃  2nd half  ┃ final total ┃        │
│ ┡━━━━━━━━━━━╇━━━━━━━━━━╇━━━━━━━━━━━╇━━━━━━━━━━━━╇━━━━━━━━━━╇━━━━━━━━━━━╇━━━━━━━━━━━━╇━━━━━━━━━━━━━┩        │
│ │ Red Bull  │        5 │     7     │     1X     │        2 │           │            │             │        │
│ │ Lille OSC │        2 │           │            │        4 │     6     │     2X     │     13      │        │
│ └───────────┴──────────┴───────────┴────────────┴──────────┴───────────┴────────────┴─────────────┘        │
╰───────────────────────────────────────────────────────────────────────────────────────────────── 13 goals ─╯

2026-09-13 01:44:20
╭─ RESULT  FC 25. 3x3. Conference League  ·  Braga vs Olympiacos ────────────────────────────────────────────╮
│ ┏━━━━━━━━━━━━┳━━━━━━━━━━┳━━━━━━━━━━━┳━━━━━━━━━━━━┳━━━━━━━━━━┳━━━━━━━━━━━┳━━━━━━━━━━━━┳━━━━━━━━━━━━━┓       │
│ ┃            ┃          ┃ total for ┃ winner for ┃          ┃ total for ┃ winner for ┃             ┃       │
│ ┃ Result     ┃ 1st half ┃ 1st half  ┃  1st half  ┃ 2nd half ┃ 2nd half  ┃  2nd half  ┃ final total ┃       │
│ ┡━━━━━━━━━━━━╇━━━━━━━━━━╇━━━━━━━━━━━╇━━━━━━━━━━━━╇━━━━━━━━━━╇━━━━━━━━━━━╇━━━━━━━━━━━━╇━━━━━━━━━━━━━┩       │
│ │ Braga      │        3 │     5     │     1X     │        3 │           │            │             │       │
│ │ Olympiacos │        2 │           │            │        2 │     5     │     1X     │     10      │       │
│ └────────────┴──────────┴───────────┴────────────┴──────────┴───────────┴────────────┴─────────────┘       │
│ W1 1.00 ✓  X 30.00  W2 30.00                                                                               │
╰───────────────────────────────────────────────────────────────────────────────────────────────── 10 goals ─╯

2026-09-13 01:55:49
╭─ RESULT  FC 25. 3x3. Conference League  ·  Anderlecht vs Fenerbahce ───────────────────────────────────────╮
│ ┏━━━━━━━━━━━━┳━━━━━━━━━━┳━━━━━━━━━━━┳━━━━━━━━━━━━┳━━━━━━━━━━┳━━━━━━━━━━━┳━━━━━━━━━━━━┳━━━━━━━━━━━━━┓       │
│ ┃            ┃          ┃ total for ┃ winner for ┃          ┃ total for ┃ winner for ┃             ┃       │
│ ┃ Result     ┃ 1st half ┃ 1st half  ┃  1st half  ┃ 2nd half ┃ 2nd half  ┃  2nd half  ┃ final total ┃       │
│ ┡━━━━━━━━━━━━╇━━━━━━━━━━╇━━━━━━━━━━━╇━━━━━━━━━━━━╇━━━━━━━━━━╇━━━━━━━━━━━╇━━━━━━━━━━━━╇━━━━━━━━━━━━━┩       │
│ │ Anderlecht │        4 │     8     │     X      │        3 │           │            │             │       │
│ │ Fenerbahce │        4 │           │            │        5 │     8     │     2X     │     16      │       │
│ └────────────┴──────────┴───────────┴────────────┴──────────┴───────────┴────────────┴─────────────┘       │
│ W1 16.00  X 4.20  W2 1.26 ✓                                                                                │
╰───────────────────────────────────────────────────────────────────────────────────────────────── 16 goals ─╯

2026-09-13 02:05:02
╭─ RESULT  FC 25. 3x3. Conference League  ·  Fiorentina vs Celta ────────────────────────────────────────────╮
│ ┏━━━━━━━━━━━━┳━━━━━━━━━━┳━━━━━━━━━━━┳━━━━━━━━━━━━┳━━━━━━━━━━┳━━━━━━━━━━━┳━━━━━━━━━━━━┳━━━━━━━━━━━━━┓       │
│ ┃            ┃          ┃ total for ┃ winner for ┃          ┃ total for ┃ winner for ┃             ┃       │
│ ┃ Result     ┃ 1st half ┃ 1st half  ┃  1st half  ┃ 2nd half ┃ 2nd half  ┃  2nd half  ┃ final total ┃       │
│ ┡━━━━━━━━━━━━╇━━━━━━━━━━╇━━━━━━━━━━━╇━━━━━━━━━━━━╇━━━━━━━━━━╇━━━━━━━━━━━╇━━━━━━━━━━━━╇━━━━━━━━━━━━━┩       │
│ │ Fiorentina │        5 │    11     │     2X     │        2 │           │            │             │       │
│ │ Celta      │        6 │           │            │        2 │     4     │     X      │     15      │       │
│ └────────────┴──────────┴───────────┴────────────┴──────────┴───────────┴────────────┴─────────────┘       │
│ W1 11.00  X 3.68  W2 1.38 ✓                                                                                │
╰───────────────────────────────────────────────────────────────────────────────────────────────── 15 goals ─╯

2026-09-13 02:15:00
╭─ RESULT  FC 25. 3x3. Conference League  ·  Villarreal vs Basel ────────────────────────────────────────────╮
│ ┏━━━━━━━━━━━━┳━━━━━━━━━━┳━━━━━━━━━━━┳━━━━━━━━━━━━┳━━━━━━━━━━┳━━━━━━━━━━━┳━━━━━━━━━━━━┳━━━━━━━━━━━━━┓       │
│ ┃            ┃          ┃ total for ┃ winner for ┃          ┃ total for ┃ winner for ┃             ┃       │
│ ┃ Result     ┃ 1st half ┃ 1st half  ┃  1st half  ┃ 2nd half ┃ 2nd half  ┃  2nd half  ┃ final total ┃       │
│ ┡━━━━━━━━━━━━╇━━━━━━━━━━╇━━━━━━━━━━━╇━━━━━━━━━━━━╇━━━━━━━━━━╇━━━━━━━━━━━╇━━━━━━━━━━━━╇━━━━━━━━━━━━━┩       │
│ │ Villarreal │        2 │     6     │     2X     │        4 │           │            │             │       │
│ │ Basel      │        4 │           │            │        3 │     7     │     1X     │     13      │       │
│ └────────────┴──────────┴───────────┴────────────┴──────────┴───────────┴────────────┴─────────────┘       │
╰───────────────────────────────────────────────────────────────────────────────────────────────── 13 goals ─╯

2026-09-13 02:24:14
╭─ RESULT  FC 25. 3x3. Conference League  ·  AZ Alkmaar vs Villarreal ───────────────────────────────────────╮
│ ┏━━━━━━━━━━━━┳━━━━━━━━━━┳━━━━━━━━━━━┳━━━━━━━━━━━━┳━━━━━━━━━━┳━━━━━━━━━━━┳━━━━━━━━━━━━┳━━━━━━━━━━━━━┓       │
│ ┃            ┃          ┃ total for ┃ winner for ┃          ┃ total for ┃ winner for ┃             ┃       │
│ ┃ Result     ┃ 1st half ┃ 1st half  ┃  1st half  ┃ 2nd half ┃ 2nd half  ┃  2nd half  ┃ final total ┃       │
│ ┡━━━━━━━━━━━━╇━━━━━━━━━━╇━━━━━━━━━━━╇━━━━━━━━━━━━╇━━━━━━━━━━╇━━━━━━━━━━━╇━━━━━━━━━━━━╇━━━━━━━━━━━━━┩       │
│ │ AZ Alkmaar │        3 │     5     │     1X     │        1 │           │            │             │       │
│ │ Villarreal │        2 │           │            │        4 │     5     │     2X     │     10      │       │
│ └────────────┴──────────┴───────────┴────────────┴──────────┴───────────┴────────────┴─────────────┘       │
╰───────────────────────────────────────────────────────────────────────────────────────────────── 10 goals ─╯

2026-09-13 02:35:09
╭─ RESULT  FC 25. 3x3. Conference League  ·  Basel vs Fiorentina ────────────────────────────────────────────╮
│ ┏━━━━━━━━━━━━┳━━━━━━━━━━┳━━━━━━━━━━━┳━━━━━━━━━━━━┳━━━━━━━━━━┳━━━━━━━━━━━┳━━━━━━━━━━━━┳━━━━━━━━━━━━━┓       │
│ ┃            ┃          ┃ total for ┃ winner for ┃          ┃ total for ┃ winner for ┃             ┃       │
│ ┃ Result     ┃ 1st half ┃ 1st half  ┃  1st half  ┃ 2nd half ┃ 2nd half  ┃  2nd half  ┃ final total ┃       │
│ ┡━━━━━━━━━━━━╇━━━━━━━━━━╇━━━━━━━━━━━╇━━━━━━━━━━━━╇━━━━━━━━━━╇━━━━━━━━━━━╇━━━━━━━━━━━━╇━━━━━━━━━━━━━┩       │
│ │ Basel      │        3 │     9     │     2X     │        0 │           │            │             │       │
│ │ Fiorentina │        6 │           │            │        4 │     4     │     2X     │     13      │       │
│ └────────────┴──────────┴───────────┴────────────┴──────────┴───────────┴────────────┴─────────────┘       │
╰───────────────────────────────────────────────────────────────────────────────────────────────── 13 goals ─╯

2026-09-13 02:44:01
╭─ RESULT  FC 25. 3x3. Conference League  ·  Celta vs Anderlecht ────────────────────────────────────────────╮
│ ┏━━━━━━━━━━━━┳━━━━━━━━━━┳━━━━━━━━━━━┳━━━━━━━━━━━━┳━━━━━━━━━━┳━━━━━━━━━━━┳━━━━━━━━━━━━┳━━━━━━━━━━━━━┓       │
│ ┃            ┃          ┃ total for ┃ winner for ┃          ┃ total for ┃ winner for ┃             ┃       │
│ ┃ Result     ┃ 1st half ┃ 1st half  ┃  1st half  ┃ 2nd half ┃ 2nd half  ┃  2nd half  ┃ final total ┃       │
│ ┡━━━━━━━━━━━━╇━━━━━━━━━━╇━━━━━━━━━━━╇━━━━━━━━━━━━╇━━━━━━━━━━╇━━━━━━━━━━━╇━━━━━━━━━━━━╇━━━━━━━━━━━━━┩       │
│ │ Celta      │        1 │     3     │     2X     │        4 │           │            │             │       │
│ │ Anderlecht │        2 │           │            │        2 │     6     │     1X     │      9      │       │
│ └────────────┴──────────┴───────────┴────────────┴──────────┴───────────┴────────────┴─────────────┘       │
╰────────────────────────────────────────────────────────────────────────────────────────────────── 9 goals ─╯

2026-09-13 02:55:25
╭─ RESULT  FC 25. 3x3. Conference League  ·  Fenerbahce vs Braga ────────────────────────────────────────────╮
│ ┏━━━━━━━━━━━━┳━━━━━━━━━━┳━━━━━━━━━━━┳━━━━━━━━━━━━┳━━━━━━━━━━┳━━━━━━━━━━━┳━━━━━━━━━━━━┳━━━━━━━━━━━━━┓       │
│ ┃            ┃          ┃ total for ┃ winner for ┃          ┃ total for ┃ winner for ┃             ┃       │
│ ┃ Result     ┃ 1st half ┃ 1st half  ┃  1st half  ┃ 2nd half ┃ 2nd half  ┃  2nd half  ┃ final total ┃       │
│ ┡━━━━━━━━━━━━╇━━━━━━━━━━╇━━━━━━━━━━━╇━━━━━━━━━━━━╇━━━━━━━━━━╇━━━━━━━━━━━╇━━━━━━━━━━━━╇━━━━━━━━━━━━━┩       │
│ │ Fenerbahce │        7 │    10     │     1X     │        2 │           │            │             │       │
│ │ Braga      │        3 │           │            │        3 │     5     │     2X     │     15      │       │
│ └────────────┴──────────┴───────────┴────────────┴──────────┴───────────┴────────────┴─────────────┘       │
╰───────────────────────────────────────────────────────────────────────────────────────────────── 15 goals ─╯

2026-09-13 03:04:58
╭─ RESULT  FC 25. 3x3. Conference League  ·  Olympiacos vs Red Bull ─────────────────────────────────────────╮
│ ┏━━━━━━━━━━━━┳━━━━━━━━━━┳━━━━━━━━━━━┳━━━━━━━━━━━━┳━━━━━━━━━━┳━━━━━━━━━━━┳━━━━━━━━━━━━┳━━━━━━━━━━━━━┓       │
│ ┃            ┃          ┃ total for ┃ winner for ┃          ┃ total for ┃ winner for ┃             ┃       │
│ ┃ Result     ┃ 1st half ┃ 1st half  ┃  1st half  ┃ 2nd half ┃ 2nd half  ┃  2nd half  ┃ final total ┃       │
│ ┡━━━━━━━━━━━━╇━━━━━━━━━━╇━━━━━━━━━━━╇━━━━━━━━━━━━╇━━━━━━━━━━╇━━━━━━━━━━━╇━━━━━━━━━━━━╇━━━━━━━━━━━━━┩       │
│ │ Olympiacos │        3 │     7     │     2X     │        2 │           │            │             │       │
│ │ Red Bull   │        4 │           │            │        5 │     7     │     2X     │     14      │       │
│ └────────────┴──────────┴───────────┴────────────┴──────────┴───────────┴────────────┴─────────────┘       │
╰───────────────────────────────────────────────────────────────────────────────────────────────── 14 goals ─╯

2026-09-13 03:16:03
╭─ RESULT  FC 25. 3x3. Conference League  ·  Lille OSC vs Heart of Midlothian ───────────────────────────────╮
│ ┏━━━━━━━━━━━━━━━━━━┳━━━━━━━━━━┳━━━━━━━━━━━┳━━━━━━━━━━━━┳━━━━━━━━━━┳━━━━━━━━━━━┳━━━━━━━━━━━━┳━━━━━━━━━━━━━┓ │
│ ┃                  ┃          ┃ total for ┃ winner for ┃          ┃ total for ┃ winner for ┃             ┃ │
│ ┃ Result           ┃ 1st half ┃ 1st half  ┃  1st half  ┃ 2nd half ┃ 2nd half  ┃  2nd half  ┃ final total ┃ │
│ ┡━━━━━━━━━━━━━━━━━━╇━━━━━━━━━━╇━━━━━━━━━━━╇━━━━━━━━━━━━╇━━━━━━━━━━╇━━━━━━━━━━━╇━━━━━━━━━━━━╇━━━━━━━━━━━━━┩ │
│ │ Lille OSC        │        5 │    10     │     X      │        2 │           │            │             │ │
│ │ Heart of         │        5 │           │            │        5 │     7     │     2X     │     17      │ │
│ │ Midlothian       │          │           │            │          │           │            │             │ │
│ └──────────────────┴──────────┴───────────┴────────────┴──────────┴───────────┴────────────┴─────────────┘ │
╰───────────────────────────────────────────────────────────────────────────────────────────────── 17 goals ─╯

2026-09-13 03:24:40
╭─ RESULT  FC 25. 3x3. Conference League  ·  Nice vs West Ham United ────────────────────────────────────────╮
│ ┏━━━━━━━━━━━━━━━━━┳━━━━━━━━━━┳━━━━━━━━━━━┳━━━━━━━━━━━━┳━━━━━━━━━━┳━━━━━━━━━━━┳━━━━━━━━━━━━┳━━━━━━━━━━━━━┓  │
│ ┃                 ┃          ┃ total for ┃ winner for ┃          ┃ total for ┃ winner for ┃             ┃  │
│ ┃ Result          ┃ 1st half ┃ 1st half  ┃  1st half  ┃ 2nd half ┃ 2nd half  ┃  2nd half  ┃ final total ┃  │
│ ┡━━━━━━━━━━━━━━━━━╇━━━━━━━━━━╇━━━━━━━━━━━╇━━━━━━━━━━━━╇━━━━━━━━━━╇━━━━━━━━━━━╇━━━━━━━━━━━━╇━━━━━━━━━━━━━┩  │
│ │ Nice            │        2 │     6     │     2X     │        3 │           │            │             │  │
│ │ West Ham United │        4 │           │            │        3 │     6     │     X      │     12      │  │
│ └─────────────────┴──────────┴───────────┴────────────┴──────────┴───────────┴────────────┴─────────────┘  │
╰───────────────────────────────────────────────────────────────────────────────────────────────── 12 goals ─╯

2026-09-13 03:34:55
╭─ RESULT  FC 25. 3x3. Conference League  ·  Eintracht Frankfurt vs Borussia Monchengladbach ────────────────╮
│ ┏━━━━━━━━━━━━━━━━━━┳━━━━━━━━━━┳━━━━━━━━━━━┳━━━━━━━━━━━━┳━━━━━━━━━━┳━━━━━━━━━━━┳━━━━━━━━━━━━┳━━━━━━━━━━━━━┓ │
│ ┃                  ┃          ┃ total for ┃ winner for ┃          ┃ total for ┃ winner for ┃             ┃ │
│ ┃ Result           ┃ 1st half ┃ 1st half  ┃  1st half  ┃ 2nd half ┃ 2nd half  ┃  2nd half  ┃ final total ┃ │
│ ┡━━━━━━━━━━━━━━━━━━╇━━━━━━━━━━╇━━━━━━━━━━━╇━━━━━━━━━━━━╇━━━━━━━━━━╇━━━━━━━━━━━╇━━━━━━━━━━━━╇━━━━━━━━━━━━━┩ │
│ │ Eintracht        │        3 │     6     │     X      │        2 │           │            │             │ │
│ │ Frankfurt        │          │           │            │          │           │            │             │ │
│ │ Borussia         │        3 │           │            │        5 │     7     │     2X     │     13      │ │
│ │ Monchengladbach  │          │           │            │          │           │            │             │ │
│ └──────────────────┴──────────┴───────────┴────────────┴──────────┴───────────┴────────────┴─────────────┘ │
│ W1 30.00  X 15.00  W2 1.00 ✓                                                                               │
╰───────────────────────────────────────────────────────────────────────────────────────────────── 13 goals ─╯

2026-09-13 03:55:24
╭─ RESULT  FC 25. 3x3. Conference League  ·  Roma vs AZ Alkmaar ─────────────────────────────────────────────╮
│ ┏━━━━━━━━━━━━┳━━━━━━━━━━┳━━━━━━━━━━━┳━━━━━━━━━━━━┳━━━━━━━━━━┳━━━━━━━━━━━┳━━━━━━━━━━━━┳━━━━━━━━━━━━━┓       │
│ ┃            ┃          ┃ total for ┃ winner for ┃          ┃ total for ┃ winner for ┃             ┃       │
│ ┃ Result     ┃ 1st half ┃ 1st half  ┃  1st half  ┃ 2nd half ┃ 2nd half  ┃  2nd half  ┃ final total ┃       │
│ ┡━━━━━━━━━━━━╇━━━━━━━━━━╇━━━━━━━━━━━╇━━━━━━━━━━━━╇━━━━━━━━━━╇━━━━━━━━━━━╇━━━━━━━━━━━━╇━━━━━━━━━━━━━┩       │
│ │ Roma       │        4 │     6     │     1X     │        4 │           │            │             │       │
│ │ AZ Alkmaar │        2 │           │            │        4 │     8     │     X      │     14      │       │
│ └────────────┴──────────┴───────────┴────────────┴──────────┴───────────┴────────────┴─────────────┘       │
╰───────────────────────────────────────────────────────────────────────────────────────────────── 14 goals ─╯

2026-09-13 04:05:44
╭─ RESULT  FC 25. 3x3. Conference League  ·  Chelsea vs Eintracht Frankfurt ─────────────────────────────────╮
│ ┏━━━━━━━━━━━━━━━━━━┳━━━━━━━━━━┳━━━━━━━━━━━┳━━━━━━━━━━━━┳━━━━━━━━━━┳━━━━━━━━━━━┳━━━━━━━━━━━━┳━━━━━━━━━━━━━┓ │
│ ┃                  ┃          ┃ total for ┃ winner for ┃          ┃ total for ┃ winner for ┃             ┃ │
│ ┃ Result           ┃ 1st half ┃ 1st half  ┃  1st half  ┃ 2nd half ┃ 2nd half  ┃  2nd half  ┃ final total ┃ │
│ ┡━━━━━━━━━━━━━━━━━━╇━━━━━━━━━━╇━━━━━━━━━━━╇━━━━━━━━━━━━╇━━━━━━━━━━╇━━━━━━━━━━━╇━━━━━━━━━━━━╇━━━━━━━━━━━━━┩ │
│ │ Chelsea          │        7 │     9     │     1X     │        4 │           │            │             │ │
│ │ Eintracht        │        2 │           │            │        5 │     9     │     2X     │     18      │ │
│ │ Frankfurt        │          │           │            │          │           │            │             │ │
│ └──────────────────┴──────────┴───────────┴────────────┴──────────┴───────────┴────────────┴─────────────┘ │
╰───────────────────────────────────────────────────────────────────────────────────────────────── 18 goals ─╯

2026-09-13 04:16:12
╭─ RESULT  FC 25. 3x3. Conference League  ·  Borussia Monchengladbach vs Nice ───────────────────────────────╮
│ ┏━━━━━━━━━━━━━━━━━━┳━━━━━━━━━━┳━━━━━━━━━━━┳━━━━━━━━━━━━┳━━━━━━━━━━┳━━━━━━━━━━━┳━━━━━━━━━━━━┳━━━━━━━━━━━━━┓ │
│ ┃                  ┃          ┃ total for ┃ winner for ┃          ┃ total for ┃ winner for ┃             ┃ │
│ ┃ Result           ┃ 1st half ┃ 1st half  ┃  1st half  ┃ 2nd half ┃ 2nd half  ┃  2nd half  ┃ final total ┃ │
│ ┡━━━━━━━━━━━━━━━━━━╇━━━━━━━━━━╇━━━━━━━━━━━╇━━━━━━━━━━━━╇━━━━━━━━━━╇━━━━━━━━━━━╇━━━━━━━━━━━━╇━━━━━━━━━━━━━┩ │
│ │ Borussia         │        6 │    11     │     1X     │        1 │           │            │             │ │
│ │ Monchengladbach  │          │           │            │          │           │            │             │ │
│ │ Nice             │        5 │           │            │        5 │     6     │     2X     │     17      │ │
│ └──────────────────┴──────────┴───────────┴────────────┴──────────┴───────────┴────────────┴─────────────┘ │
│ W1 30.00  X 30.00  W2 1.00 ✓                                                                               │
╰───────────────────────────────────────────────────────────────────────────────────────────────── 17 goals ─╯

2026-09-13 04:26:01
╭─ RESULT  FC 25. 3x3. Conference League  ·  West Ham United vs Lille OSC ───────────────────────────────────╮
│ ┏━━━━━━━━━━━━━━━━━┳━━━━━━━━━━┳━━━━━━━━━━━┳━━━━━━━━━━━━┳━━━━━━━━━━┳━━━━━━━━━━━┳━━━━━━━━━━━━┳━━━━━━━━━━━━━┓  │
│ ┃                 ┃          ┃ total for ┃ winner for ┃          ┃ total for ┃ winner for ┃             ┃  │
│ ┃ Result          ┃ 1st half ┃ 1st half  ┃  1st half  ┃ 2nd half ┃ 2nd half  ┃  2nd half  ┃ final total ┃  │
│ ┡━━━━━━━━━━━━━━━━━╇━━━━━━━━━━╇━━━━━━━━━━━╇━━━━━━━━━━━━╇━━━━━━━━━━╇━━━━━━━━━━━╇━━━━━━━━━━━━╇━━━━━━━━━━━━━┩  │
│ │ West Ham United │        7 │    10     │     1X     │        3 │           │            │             │  │
│ │ Lille OSC       │        3 │           │            │        3 │     6     │     X      │     16      │  │
│ └─────────────────┴──────────┴───────────┴────────────┴──────────┴───────────┴────────────┴─────────────┘  │
│ W1 1.00 ✓  X 30.00  W2 1.00                                                                                │
╰───────────────────────────────────────────────────────────────────────────────────────────────── 16 goals ─╯

2026-09-13 04:36:26
╭─ RESULT  FC 25. 3x3. Conference League  ·  Heart of Midlothian vs Olympiacos ──────────────────────────────╮
│ ┏━━━━━━━━━━━━━━━━━━┳━━━━━━━━━━┳━━━━━━━━━━━┳━━━━━━━━━━━━┳━━━━━━━━━━┳━━━━━━━━━━━┳━━━━━━━━━━━━┳━━━━━━━━━━━━━┓ │
│ ┃                  ┃          ┃ total for ┃ winner for ┃          ┃ total for ┃ winner for ┃             ┃ │
│ ┃ Result           ┃ 1st half ┃ 1st half  ┃  1st half  ┃ 2nd half ┃ 2nd half  ┃  2nd half  ┃ final total ┃ │
│ ┡━━━━━━━━━━━━━━━━━━╇━━━━━━━━━━╇━━━━━━━━━━━╇━━━━━━━━━━━━╇━━━━━━━━━━╇━━━━━━━━━━━╇━━━━━━━━━━━━╇━━━━━━━━━━━━━┩ │
│ │ Heart of         │        4 │    10     │     2X     │        4 │           │            │             │ │
│ │ Midlothian       │          │           │            │          │           │            │             │ │
│ │ Olympiacos       │        6 │           │            │        6 │    10     │     2X     │     20      │ │
│ └──────────────────┴──────────┴───────────┴────────────┴──────────┴───────────┴────────────┴─────────────┘ │
│ W1 30.00  X 15.00  W2 1.00 ✓                                                                               │
╰───────────────────────────────────────────────────────────────────────────────────────────────── 20 goals ─╯

2026-09-13 04:45:43
╭─ RESULT  FC 25. 3x3. Conference League  ·  Red Bull vs Fenerbahce ─────────────────────────────────────────╮
│ ┏━━━━━━━━━━━━┳━━━━━━━━━━┳━━━━━━━━━━━┳━━━━━━━━━━━━┳━━━━━━━━━━┳━━━━━━━━━━━┳━━━━━━━━━━━━┳━━━━━━━━━━━━━┓       │
│ ┃            ┃          ┃ total for ┃ winner for ┃          ┃ total for ┃ winner for ┃             ┃       │
│ ┃ Result     ┃ 1st half ┃ 1st half  ┃  1st half  ┃ 2nd half ┃ 2nd half  ┃  2nd half  ┃ final total ┃       │
│ ┡━━━━━━━━━━━━╇━━━━━━━━━━╇━━━━━━━━━━━╇━━━━━━━━━━━━╇━━━━━━━━━━╇━━━━━━━━━━━╇━━━━━━━━━━━━╇━━━━━━━━━━━━━┩       │
│ │ Red Bull   │        3 │     6     │     X      │        5 │           │            │             │       │
│ │ Fenerbahce │        3 │           │            │        4 │     9     │     1X     │     15      │       │
│ └────────────┴──────────┴───────────┴────────────┴──────────┴───────────┴────────────┴─────────────┘       │
╰───────────────────────────────────────────────────────────────────────────────────────────────── 15 goals ─╯

2026-09-13 04:53:50
╭─ RESULT  FC 25. 3x3. Conference League  ·  Braga vs Celta ─────────────────────────────────────────────────╮
│ ┏━━━━━━━━┳━━━━━━━━━━┳━━━━━━━━━━━┳━━━━━━━━━━━━┳━━━━━━━━━━┳━━━━━━━━━━━┳━━━━━━━━━━━━┳━━━━━━━━━━━━━┓           │
│ ┃        ┃          ┃ total for ┃ winner for ┃          ┃ total for ┃ winner for ┃             ┃           │
│ ┃ Result ┃ 1st half ┃ 1st half  ┃  1st half  ┃ 2nd half ┃ 2nd half  ┃  2nd half  ┃ final total ┃           │
│ ┡━━━━━━━━╇━━━━━━━━━━╇━━━━━━━━━━━╇━━━━━━━━━━━━╇━━━━━━━━━━╇━━━━━━━━━━━╇━━━━━━━━━━━━╇━━━━━━━━━━━━━┩           │
│ │ Braga  │        1 │     4     │     2X     │        3 │           │            │             │           │
│ │ Celta  │        3 │           │            │        2 │     5     │     1X     │      9      │           │
│ └────────┴──────────┴───────────┴────────────┴──────────┴───────────┴────────────┴─────────────┘           │
│ W1 30.00  X 13.00  W2 1.00 ✓                                                                               │
╰────────────────────────────────────────────────────────────────────────────────────────────────── 9 goals ─╯

2026-09-13 05:03:50
╭─ RESULT  FC 25. 3x3. Conference League  ·  Anderlecht vs Basel ────────────────────────────────────────────╮
│ ┏━━━━━━━━━━━━┳━━━━━━━━━━┳━━━━━━━━━━━┳━━━━━━━━━━━━┳━━━━━━━━━━┳━━━━━━━━━━━┳━━━━━━━━━━━━┳━━━━━━━━━━━━━┓       │
│ ┃            ┃          ┃ total for ┃ winner for ┃          ┃ total for ┃ winner for ┃             ┃       │
│ ┃ Result     ┃ 1st half ┃ 1st half  ┃  1st half  ┃ 2nd half ┃ 2nd half  ┃  2nd half  ┃ final total ┃       │
│ ┡━━━━━━━━━━━━╇━━━━━━━━━━╇━━━━━━━━━━━╇━━━━━━━━━━━━╇━━━━━━━━━━╇━━━━━━━━━━━╇━━━━━━━━━━━━╇━━━━━━━━━━━━━┩       │
│ │ Anderlecht │        1 │     2     │     X      │        4 │           │            │             │       │
│ │ Basel      │        1 │           │            │        2 │     6     │     1X     │      8      │       │
│ └────────────┴──────────┴───────────┴────────────┴──────────┴───────────┴────────────┴─────────────┘       │
│ W1 1.00 ✓  X 17.00  W2 30.00                                                                               │
╰────────────────────────────────────────────────────────────────────────────────────────────────── 8 goals ─╯

2026-09-13 05:14:40
╭─ RESULT  FC 25. 3x3. Conference League  ·  Fiorentina vs Villarreal ───────────────────────────────────────╮
│ ┏━━━━━━━━━━━━┳━━━━━━━━━━┳━━━━━━━━━━━┳━━━━━━━━━━━━┳━━━━━━━━━━┳━━━━━━━━━━━┳━━━━━━━━━━━━┳━━━━━━━━━━━━━┓       │
│ ┃            ┃          ┃ total for ┃ winner for ┃          ┃ total for ┃ winner for ┃             ┃       │
│ ┃ Result     ┃ 1st half ┃ 1st half  ┃  1st half  ┃ 2nd half ┃ 2nd half  ┃  2nd half  ┃ final total ┃       │
│ ┡━━━━━━━━━━━━╇━━━━━━━━━━╇━━━━━━━━━━━╇━━━━━━━━━━━━╇━━━━━━━━━━╇━━━━━━━━━━━╇━━━━━━━━━━━━╇━━━━━━━━━━━━━┩       │
│ │ Fiorentina │        3 │     8     │     2X     │        1 │           │            │             │       │
│ │ Villarreal │        5 │           │            │        4 │     5     │     2X     │     13      │       │
│ └────────────┴──────────┴───────────┴────────────┴──────────┴───────────┴────────────┴─────────────┘       │
│ W1 1.00  X 30.00  W2 1.00 ✓                                                                                │
╰───────────────────────────────────────────────────────────────────────────────────────────────── 13 goals ─╯

2026-09-13 05:27:11
╭─ RESULT  FC 25. 3x3. Conference League  ·  AZ Alkmaar vs Fiorentina ───────────────────────────────────────╮
│ ┏━━━━━━━━━━━━┳━━━━━━━━━━┳━━━━━━━━━━━┳━━━━━━━━━━━━┳━━━━━━━━━━┳━━━━━━━━━━━┳━━━━━━━━━━━━┳━━━━━━━━━━━━━┓       │
│ ┃            ┃          ┃ total for ┃ winner for ┃          ┃ total for ┃ winner for ┃             ┃       │
│ ┃ Result     ┃ 1st half ┃ 1st half  ┃  1st half  ┃ 2nd half ┃ 2nd half  ┃  2nd half  ┃ final total ┃       │
│ ┡━━━━━━━━━━━━╇━━━━━━━━━━╇━━━━━━━━━━━╇━━━━━━━━━━━━╇━━━━━━━━━━╇━━━━━━━━━━━╇━━━━━━━━━━━━╇━━━━━━━━━━━━━┩       │
│ │ AZ Alkmaar │        4 │    10     │     2X     │        4 │           │            │             │       │
│ │ Fiorentina │        6 │           │            │        8 │    12     │     2X     │     22      │       │
│ └────────────┴──────────┴───────────┴────────────┴──────────┴───────────┴────────────┴─────────────┘       │
╰───────────────────────────────────────────────────────────────────────────────────────────────── 22 goals ─╯

2026-09-13 05:36:54
╭─ RESULT  FC 25. 3x3. Conference League  ·  Villarreal vs Anderlecht ───────────────────────────────────────╮
│ ┏━━━━━━━━━━━━┳━━━━━━━━━━┳━━━━━━━━━━━┳━━━━━━━━━━━━┳━━━━━━━━━━┳━━━━━━━━━━━┳━━━━━━━━━━━━┳━━━━━━━━━━━━━┓       │
│ ┃            ┃          ┃ total for ┃ winner for ┃          ┃ total for ┃ winner for ┃             ┃       │
│ ┃ Result     ┃ 1st half ┃ 1st half  ┃  1st half  ┃ 2nd half ┃ 2nd half  ┃  2nd half  ┃ final total ┃       │
│ ┡━━━━━━━━━━━━╇━━━━━━━━━━╇━━━━━━━━━━━╇━━━━━━━━━━━━╇━━━━━━━━━━╇━━━━━━━━━━━╇━━━━━━━━━━━━╇━━━━━━━━━━━━━┩       │
│ │ Villarreal │        5 │    10     │     X      │        5 │           │            │             │       │
│ │ Anderlecht │        5 │           │            │        4 │     9     │     1X     │     19      │       │
│ └────────────┴──────────┴───────────┴────────────┴──────────┴───────────┴────────────┴─────────────┘       │
│ W1 1.30 ✓  X 4.15  W2 12.00                                                                                │
╰───────────────────────────────────────────────────────────────────────────────────────────────── 19 goals ─╯

2026-09-13 05:45:21
╭─ RESULT  FC 25. 3x3. Conference League  ·  Basel vs Braga ─────────────────────────────────────────────────╮
│ ┏━━━━━━━━┳━━━━━━━━━━┳━━━━━━━━━━━┳━━━━━━━━━━━━┳━━━━━━━━━━┳━━━━━━━━━━━┳━━━━━━━━━━━━┳━━━━━━━━━━━━━┓           │
│ ┃        ┃          ┃ total for ┃ winner for ┃          ┃ total for ┃ winner for ┃             ┃           │
│ ┃ Result ┃ 1st half ┃ 1st half  ┃  1st half  ┃ 2nd half ┃ 2nd half  ┃  2nd half  ┃ final total ┃           │
│ ┡━━━━━━━━╇━━━━━━━━━━╇━━━━━━━━━━━╇━━━━━━━━━━━━╇━━━━━━━━━━╇━━━━━━━━━━━╇━━━━━━━━━━━━╇━━━━━━━━━━━━━┩           │
│ │ Basel  │        2 │     8     │     2X     │        2 │           │            │             │           │
│ │ Braga  │        6 │           │            │        6 │     8     │     2X     │     16      │           │
│ └────────┴──────────┴───────────┴────────────┴──────────┴───────────┴────────────┴─────────────┘           │
╰───────────────────────────────────────────────────────────────────────────────────────────────── 16 goals ─╯

2026-09-13 05:53:57
╭─ RESULT  FC 25. 3x3. Conference League  ·  Celta vs Red Bull ──────────────────────────────────────────────╮
│ ┏━━━━━━━━━━┳━━━━━━━━━━┳━━━━━━━━━━━┳━━━━━━━━━━━━┳━━━━━━━━━━┳━━━━━━━━━━━┳━━━━━━━━━━━━┳━━━━━━━━━━━━━┓         │
│ ┃          ┃          ┃ total for ┃ winner for ┃          ┃ total for ┃ winner for ┃             ┃         │
│ ┃ Result   ┃ 1st half ┃ 1st half  ┃  1st half  ┃ 2nd half ┃ 2nd half  ┃  2nd half  ┃ final total ┃         │
│ ┡━━━━━━━━━━╇━━━━━━━━━━╇━━━━━━━━━━━╇━━━━━━━━━━━━╇━━━━━━━━━━╇━━━━━━━━━━━╇━━━━━━━━━━━━╇━━━━━━━━━━━━━┩         │
│ │ Celta    │        0 │     2     │     2X     │        5 │           │            │             │         │
│ │ Red Bull │        2 │           │            │        2 │     7     │     1X     │      9      │         │
│ └──────────┴──────────┴───────────┴────────────┴──────────┴───────────┴────────────┴─────────────┘         │
╰────────────────────────────────────────────────────────────────────────────────────────────────── 9 goals ─╯

2026-09-13 06:05:32
╭─ RESULT  FC 25. 3x3. Conference League  ·  Fenerbahce vs Heart of Midlothian ──────────────────────────────╮
│ ┏━━━━━━━━━━━━━━━━━━┳━━━━━━━━━━┳━━━━━━━━━━━┳━━━━━━━━━━━━┳━━━━━━━━━━┳━━━━━━━━━━━┳━━━━━━━━━━━━┳━━━━━━━━━━━━━┓ │
│ ┃                  ┃          ┃ total for ┃ winner for ┃          ┃ total for ┃ winner for ┃             ┃ │
│ ┃ Result           ┃ 1st half ┃ 1st half  ┃  1st half  ┃ 2nd half ┃ 2nd half  ┃  2nd half  ┃ final total ┃ │
│ ┡━━━━━━━━━━━━━━━━━━╇━━━━━━━━━━╇━━━━━━━━━━━╇━━━━━━━━━━━━╇━━━━━━━━━━╇━━━━━━━━━━━╇━━━━━━━━━━━━╇━━━━━━━━━━━━━┩ │
│ │ Fenerbahce       │        5 │    10     │     X      │        3 │           │            │             │ │
│ │ Heart of         │        5 │           │            │        3 │     6     │     X      │     16      │ │
│ │ Midlothian       │          │           │            │          │           │            │             │ │
│ └──────────────────┴──────────┴───────────┴────────────┴──────────┴───────────┴────────────┴─────────────┘ │
╰───────────────────────────────────────────────────────────────────────────────────────────────── 16 goals ─╯
2026-09-13 06:15:56
╭─ RESULT  FC 25. 3x3. Conference League  ·  Olympiacos vs West Ham United ──────────────────────────────────╮
│ ┏━━━━━━━━━━━━━━━━━┳━━━━━━━━━━┳━━━━━━━━━━━┳━━━━━━━━━━━━┳━━━━━━━━━━┳━━━━━━━━━━━┳━━━━━━━━━━━━┳━━━━━━━━━━━━━┓  │
│ ┃                 ┃          ┃ total for ┃ winner for ┃          ┃ total for ┃ winner for ┃             ┃  │
│ ┃ Result          ┃ 1st half ┃ 1st half  ┃  1st half  ┃ 2nd half ┃ 2nd half  ┃  2nd half  ┃ final total ┃  │
│ ┡━━━━━━━━━━━━━━━━━╇━━━━━━━━━━╇━━━━━━━━━━━╇━━━━━━━━━━━━╇━━━━━━━━━━╇━━━━━━━━━━━╇━━━━━━━━━━━━╇━━━━━━━━━━━━━┩  │
│ │ Olympiacos      │        6 │    12     │     X      │        1 │           │            │             │  │
│ │ West Ham United │        6 │           │            │        3 │     4     │     2X     │     16      │  │
│ └─────────────────┴──────────┴───────────┴────────────┴──────────┴───────────┴────────────┴─────────────┘  │
│ W1 13.00  X 3.84  W2 1.32 ✓                                                                                │
╰───────────────────────────────────────────────────────────────────────────────────────────────── 16 goals ─╯

2026-09-13 06:26:15
╭─ RESULT  FC 25. 3x3. Conference League  ·  Lille OSC vs Borussia Monchengladbach ──────────────────────────╮
│ ┏━━━━━━━━━━━━━━━━━━┳━━━━━━━━━━┳━━━━━━━━━━━┳━━━━━━━━━━━━┳━━━━━━━━━━┳━━━━━━━━━━━┳━━━━━━━━━━━━┳━━━━━━━━━━━━━┓ │
│ ┃                  ┃          ┃ total for ┃ winner for ┃          ┃ total for ┃ winner for ┃             ┃ │
│ ┃ Result           ┃ 1st half ┃ 1st half  ┃  1st half  ┃ 2nd half ┃ 2nd half  ┃  2nd half  ┃ final total ┃ │
│ ┡━━━━━━━━━━━━━━━━━━╇━━━━━━━━━━╇━━━━━━━━━━━╇━━━━━━━━━━━━╇━━━━━━━━━━╇━━━━━━━━━━━╇━━━━━━━━━━━━╇━━━━━━━━━━━━━┩ │
│ │ Lille OSC        │        3 │    10     │     2X     │        7 │           │            │             │ │
│ │ Borussia         │        7 │           │            │        2 │     9     │     1X     │     19      │ │
│ │ Monchengladbach  │          │           │            │          │           │            │             │ │
│ └──────────────────┴──────────┴───────────┴────────────┴──────────┴───────────┴────────────┴─────────────┘ │
│ W1 10.00 ✓  X 3.67  W2 1.38                                                                                │
╰───────────────────────────────────────────────────────────────────────────────────────────────── 19 goals ─╯

2026-09-12 13:54:43
╭─ RESULT  FC 25. 3x3. Conference League  ·  Red Bull vs AZ Alkmaar ─────────────────────────────────────────╮
│ ┏━━━━━━━━━━━━┳━━━━━━━━━━┳━━━━━━━━━━━┳━━━━━━━━━━┳━━━━━━━━━━━┳━━━━━━━━━━━━━┓                                 │
│ ┃            ┃          ┃ total for ┃          ┃ total for ┃             ┃                                 │
│ ┃ Result     ┃ 1st half ┃ 1st half  ┃ 2nd half ┃ 2nd half  ┃ final total ┃                                 │
│ ┡━━━━━━━━━━━━╇━━━━━━━━━━╇━━━━━━━━━━━╇━━━━━━━━━━╇━━━━━━━━━━━╇━━━━━━━━━━━━━┩                                 │
│ │ Red Bull   │        5 │     6     │        3 │           │             │                                 │
│ │ AZ Alkmaar │        1 │           │        2 │     5     │     11      │                                 │
│ └────────────┴──────────┴───────────┴──────────┴───────────┴─────────────┘                                 │
╰───────────────────────────────────────────────────────────────────────────────────────────────── 11 goals ─╯

2026-09-12 14:04:52
╭─ RESULT  FC 25. 3x3. Conference League  ·  Braga vs Heart of Midlothian ───────────────────────────────────╮
│ ┏━━━━━━━━━━━━━━━━━━━━━┳━━━━━━━━━━┳━━━━━━━━━━━┳━━━━━━━━━━┳━━━━━━━━━━━┳━━━━━━━━━━━━━┓                        │
│ ┃                     ┃          ┃ total for ┃          ┃ total for ┃             ┃                        │
│ ┃ Result              ┃ 1st half ┃ 1st half  ┃ 2nd half ┃ 2nd half  ┃ final total ┃                        │
│ ┡━━━━━━━━━━━━━━━━━━━━━╇━━━━━━━━━━╇━━━━━━━━━━━╇━━━━━━━━━━╇━━━━━━━━━━━╇━━━━━━━━━━━━━┩                        │
│ │ Braga               │        2 │     9     │        3 │           │             │                        │
│ │ Heart of Midlothian │        7 │           │        0 │     3     │     12      │                        │
│ └─────────────────────┴──────────┴───────────┴──────────┴───────────┴─────────────┘                        │
│ W1 30.00  X 30.00  W2 1.00 ✓                                                                               │
╰───────────────────────────────────────────────────────────────────────────────────────────────── 12 goals ─╯

2026-09-12 14:15:02
╭─ RESULT  FC 25. 3x3. Conference League  ·  Anderlecht vs West Ham United ──────────────────────────────────╮
│ ┏━━━━━━━━━━━━━━━━━┳━━━━━━━━━━┳━━━━━━━━━━━┳━━━━━━━━━━┳━━━━━━━━━━━┳━━━━━━━━━━━━━┓                            │
│ ┃                 ┃          ┃ total for ┃          ┃ total for ┃             ┃                            │
│ ┃ Result          ┃ 1st half ┃ 1st half  ┃ 2nd half ┃ 2nd half  ┃ final total ┃                            │
│ ┡━━━━━━━━━━━━━━━━━╇━━━━━━━━━━╇━━━━━━━━━━━╇━━━━━━━━━━╇━━━━━━━━━━━╇━━━━━━━━━━━━━┩                            │
│ │ Anderlecht      │        0 │     3     │        4 │           │             │                            │
│ │ West Ham United │        3 │           │        4 │     8     │     11      │                            │
│ └─────────────────┴──────────┴───────────┴──────────┴───────────┴─────────────┘                            │
│ W1 30.00  X 17.00  W2 1.00 ✓                                                                               │
╰───────────────────────────────────────────────────────────────────────────────────────────────── 11 goals ─╯

2026-09-12 14:25:21
╭─ RESULT  FC 25. 3x3. Conference League  ·  Fiorentina vs Borussia Monchengladbach ─────────────────────────╮
│ ┏━━━━━━━━━━━━━━━━━━━━━━━━━━┳━━━━━━━━━━┳━━━━━━━━━━━┳━━━━━━━━━━┳━━━━━━━━━━━┳━━━━━━━━━━━━━┓                   │
│ ┃                          ┃          ┃ total for ┃          ┃ total for ┃             ┃                   │
│ ┃ Result                   ┃ 1st half ┃ 1st half  ┃ 2nd half ┃ 2nd half  ┃ final total ┃                   │
│ ┡━━━━━━━━━━━━━━━━━━━━━━━━━━╇━━━━━━━━━━╇━━━━━━━━━━━╇━━━━━━━━━━╇━━━━━━━━━━━╇━━━━━━━━━━━━━┩                   │
│ │ Fiorentina               │        3 │     7     │        5 │           │             │                   │
│ │ Borussia Monchengladbach │        4 │           │        2 │     7     │     14      │                   │
│ └──────────────────────────┴──────────┴───────────┴──────────┴───────────┴─────────────┘                   │
╰───────────────────────────────────────────────────────────────────────────────────────────────── 14 goals ─╯

2026-09-12 14:37:30
╭─ RESULT  FC 25. 3x3. Conference League  ·  Villarreal vs Chelsea ──────────────────────────────────────────╮
│ ┏━━━━━━━━━━━━┳━━━━━━━━━━┳━━━━━━━━━━━┳━━━━━━━━━━┳━━━━━━━━━━━┳━━━━━━━━━━━━━┓                                 │
│ ┃            ┃          ┃ total for ┃          ┃ total for ┃             ┃                                 │
│ ┃ Result     ┃ 1st half ┃ 1st half  ┃ 2nd half ┃ 2nd half  ┃ final total ┃                                 │
│ ┡━━━━━━━━━━━━╇━━━━━━━━━━╇━━━━━━━━━━━╇━━━━━━━━━━╇━━━━━━━━━━━╇━━━━━━━━━━━━━┩                                 │
│ │ Villarreal │        5 │     9     │        9 │           │             │                                 │
│ │ Chelsea    │        4 │           │        5 │    14     │     23      │                                 │
│ └────────────┴──────────┴───────────┴──────────┴───────────┴─────────────┘                                 │
│ W1 1.00 ✓  X 30.00  W2 30.00                                                                               │
╰───────────────────────────────────────────────────────────────────────────────────────────────── 23 goals ─╯

2026-09-12 14:45:23
╭─ RESULT  FC 25. 3x3. Conference League  ·  Basel vs Roma ──────────────────────────────────────────────────╮
│ ┏━━━━━━━━┳━━━━━━━━━━┳━━━━━━━━━━━┳━━━━━━━━━━┳━━━━━━━━━━━┳━━━━━━━━━━━━━┓                                     │
│ ┃        ┃          ┃ total for ┃          ┃ total for ┃             ┃                                     │
│ ┃ Result ┃ 1st half ┃ 1st half  ┃ 2nd half ┃ 2nd half  ┃ final total ┃                                     │
│ ┡━━━━━━━━╇━━━━━━━━━━╇━━━━━━━━━━━╇━━━━━━━━━━╇━━━━━━━━━━━╇━━━━━━━━━━━━━┩                                     │
│ │ Basel  │        4 │     7     │        3 │           │             │                                     │
│ │ Roma   │        3 │           │        4 │     7     │     14      │                                     │
│ └────────┴──────────┴───────────┴──────────┴───────────┴─────────────┘                                     │
│ W1 3.64  X 2.43 ✓  W2 2.50                                                                                 │
╰───────────────────────────────────────────────────────────────────────────────────────────────── 14 goals ─╯

2026-09-12 14:55:16
╭─ RESULT  FC 25. 3x3. Conference League  ·  Celta vs Eintracht Frankfurt ───────────────────────────────────╮
│ ┏━━━━━━━━━━━━━━━━━━━━━┳━━━━━━━━━━┳━━━━━━━━━━━┳━━━━━━━━━━┳━━━━━━━━━━━┳━━━━━━━━━━━━━┓                        │
│ ┃                     ┃          ┃ total for ┃          ┃ total for ┃             ┃                        │
│ ┃ Result              ┃ 1st half ┃ 1st half  ┃ 2nd half ┃ 2nd half  ┃ final total ┃                        │
│ ┡━━━━━━━━━━━━━━━━━━━━━╇━━━━━━━━━━╇━━━━━━━━━━━╇━━━━━━━━━━╇━━━━━━━━━━━╇━━━━━━━━━━━━━┩                        │
│ │ Celta               │        3 │     6     │        3 │           │             │                        │
│ │ Eintracht Frankfurt │        3 │           │        4 │     7     │     13      │                        │
│ └─────────────────────┴──────────┴───────────┴──────────┴───────────┴─────────────┘                        │
╰───────────────────────────────────────────────────────────────────────────────────────────────── 13 goals ─╯

2026-09-12 15:04:38
╭─ RESULT  FC 25. 3x3. Conference League  ·  Fenerbahce vs Nice ─────────────────────────────────────────────╮
│ ┏━━━━━━━━━━━━┳━━━━━━━━━━┳━━━━━━━━━━━┳━━━━━━━━━━┳━━━━━━━━━━━┳━━━━━━━━━━━━━┓                                 │
│ ┃            ┃          ┃ total for ┃          ┃ total for ┃             ┃                                 │
│ ┃ Result     ┃ 1st half ┃ 1st half  ┃ 2nd half ┃ 2nd half  ┃ final total ┃                                 │
│ ┡━━━━━━━━━━━━╇━━━━━━━━━━╇━━━━━━━━━━━╇━━━━━━━━━━╇━━━━━━━━━━━╇━━━━━━━━━━━━━┩                                 │
│ │ Fenerbahce │        5 │     7     │        4 │           │             │                                 │
│ │ Nice       │        2 │           │        0 │     4     │     11      │                                 │
│ └────────────┴──────────┴───────────┴──────────┴───────────┴─────────────┘                                 │
╰───────────────────────────────────────────────────────────────────────────────────────────────── 11 goals ─╯

2026-09-12 15:14:05
╭─ RESULT  FC 25. 3x3. Conference League  ·  Olympiacos vs Lille OSC ────────────────────────────────────────╮
│ ┏━━━━━━━━━━━━┳━━━━━━━━━━┳━━━━━━━━━━━┳━━━━━━━━━━┳━━━━━━━━━━━┳━━━━━━━━━━━━━┓                                 │
│ ┃            ┃          ┃ total for ┃          ┃ total for ┃             ┃                                 │
│ ┃ Result     ┃ 1st half ┃ 1st half  ┃ 2nd half ┃ 2nd half  ┃ final total ┃                                 │
│ ┡━━━━━━━━━━━━╇━━━━━━━━━━╇━━━━━━━━━━━╇━━━━━━━━━━╇━━━━━━━━━━━╇━━━━━━━━━━━━━┩                                 │
│ │ Olympiacos │        3 │     6     │        1 │           │             │                                 │
│ │ Lille OSC  │        3 │           │        4 │     5     │     11      │                                 │
│ └────────────┴──────────┴───────────┴──────────┴───────────┴─────────────┘                                 │
│ W1 30.00  X 14.00  W2 1.00 ✓                                                                               │
╰───────────────────────────────────────────────────────────────────────────────────────────────── 11 goals ─╯

2026-09-12 15:25:18
╭─ RESULT  FC 25. 3x3. Conference League  ·  AZ Alkmaar vs Olympiacos ───────────────────────────────────────╮
│ ┏━━━━━━━━━━━━┳━━━━━━━━━━┳━━━━━━━━━━━┳━━━━━━━━━━┳━━━━━━━━━━━┳━━━━━━━━━━━━━┓                                 │
│ ┃            ┃          ┃ total for ┃          ┃ total for ┃             ┃                                 │
│ ┃ Result     ┃ 1st half ┃ 1st half  ┃ 2nd half ┃ 2nd half  ┃ final total ┃                                 │
│ ┡━━━━━━━━━━━━╇━━━━━━━━━━╇━━━━━━━━━━━╇━━━━━━━━━━╇━━━━━━━━━━━╇━━━━━━━━━━━━━┩                                 │
│ │ AZ Alkmaar │        3 │     8     │        2 │           │             │                                 │
│ │ Olympiacos │        5 │           │        3 │     5     │     13      │                                 │
│ └────────────┴──────────┴───────────┴──────────┴───────────┴─────────────┘                                 │
│ W1 30.00  X 30.00  W2 1.00 ✓                                                                               │
╰───────────────────────────────────────────────────────────────────────────────────────────────── 13 goals ─╯

2026-09-12 16:24:48
╭─ RESULT  FC 25. 3x3. Conference League  ·  Borussia Monchengladbach vs Anderlecht ─────────────────────────╮
│ ┏━━━━━━━━━━━━━━━━━━━━━━━━━━┳━━━━━━━━━━┳━━━━━━━━━━━┳━━━━━━━━━━┳━━━━━━━━━━━┳━━━━━━━━━━━━━┓                   │
│ ┃                          ┃          ┃ total for ┃          ┃ total for ┃             ┃                   │
│ ┃ Result                   ┃ 1st half ┃ 1st half  ┃ 2nd half ┃ 2nd half  ┃ final total ┃                   │
│ ┡━━━━━━━━━━━━━━━━━━━━━━━━━━╇━━━━━━━━━━╇━━━━━━━━━━━╇━━━━━━━━━━╇━━━━━━━━━━━╇━━━━━━━━━━━━━┩                   │
│ │ Borussia Monchengladbach │        3 │     8     │        0 │           │             │                   │
│ │ Anderlecht               │        5 │           │        4 │     4     │     12      │                   │
│ └──────────────────────────┴──────────┴───────────┴──────────┴───────────┴─────────────┘                   │
│ W1 1.00  X 30.00  W2 1.00 ✓                                                                                │
╰───────────────────────────────────────────────────────────────────────────────────────────────── 12 goals ─╯

2026-09-12 16:35:13
╭─ RESULT  FC 25. 3x3. Conference League  ·  West Ham United vs Braga ───────────────────────────────────────╮
│ ┏━━━━━━━━━━━━━━━━━┳━━━━━━━━━━┳━━━━━━━━━━━┳━━━━━━━━━━┳━━━━━━━━━━━┳━━━━━━━━━━━━━┓                            │
│ ┃                 ┃          ┃ total for ┃          ┃ total for ┃             ┃                            │
│ ┃ Result          ┃ 1st half ┃ 1st half  ┃ 2nd half ┃ 2nd half  ┃ final total ┃                            │
│ ┡━━━━━━━━━━━━━━━━━╇━━━━━━━━━━╇━━━━━━━━━━━╇━━━━━━━━━━╇━━━━━━━━━━━╇━━━━━━━━━━━━━┩                            │
│ │ West Ham United │        6 │    12     │        1 │           │             │                            │
│ │ Braga           │        6 │           │        1 │     2     │     14      │                            │
│ └─────────────────┴──────────┴───────────┴──────────┴───────────┴─────────────┘                            │
│ W1 3.07  X 2.30 ✓  W2 3.06                                                                                 │
╰───────────────────────────────────────────────────────────────────────────────────────────────── 14 goals ─╯

2026-09-12 16:46:17
╭─ RESULT  FC 25. 3x3. Conference League  ·  Heart of Midlothian vs Red Bull ────────────────────────────────╮
│ ┏━━━━━━━━━━━━━━━━━━━━━┳━━━━━━━━━━┳━━━━━━━━━━━┳━━━━━━━━━━┳━━━━━━━━━━━┳━━━━━━━━━━━━━┓                        │
│ ┃                     ┃          ┃ total for ┃          ┃ total for ┃             ┃                        │
│ ┃ Result              ┃ 1st half ┃ 1st half  ┃ 2nd half ┃ 2nd half  ┃ final total ┃                        │
│ ┡━━━━━━━━━━━━━━━━━━━━━╇━━━━━━━━━━╇━━━━━━━━━━━╇━━━━━━━━━━╇━━━━━━━━━━━╇━━━━━━━━━━━━━┩                        │
│ │ Heart of Midlothian │        5 │     9     │        6 │           │             │                        │
│ │ Red Bull            │        4 │           │        4 │    10     │     19      │                        │
│ └─────────────────────┴──────────┴───────────┴──────────┴───────────┴─────────────┘                        │
╰───────────────────────────────────────────────────────────────────────────────────────────────── 19 goals ─╯

2026-09-12 16:53:18
╭─ RESULT  FC 25. 3x3. Conference League  ·  Heart of Midlothian vs AZ Alkmaar ──────────────────────────────╮
│ ┏━━━━━━━━━━━━━━━━━━━━━┳━━━━━━━━━━┳━━━━━━━━━━━┳━━━━━━━━━━┳━━━━━━━━━━━┳━━━━━━━━━━━━━┓                        │
│ ┃                     ┃          ┃ total for ┃          ┃ total for ┃             ┃                        │
│ ┃ Result              ┃ 1st half ┃ 1st half  ┃ 2nd half ┃ 2nd half  ┃ final total ┃                        │
│ ┡━━━━━━━━━━━━━━━━━━━━━╇━━━━━━━━━━╇━━━━━━━━━━━╇━━━━━━━━━━╇━━━━━━━━━━━╇━━━━━━━━━━━━━┩                        │
│ │ Heart of Midlothian │        1 │     4     │        2 │           │             │                        │
│ │ AZ Alkmaar          │        3 │           │        1 │     3     │      7      │                        │
│ └─────────────────────┴──────────┴───────────┴──────────┴───────────┴─────────────┘                        │
│ W1 30.00  X 17.00  W2 1.00 ✓                                                                               │
╰────────────────────────────────────────────────────────────────────────────────────────────────── 7 goals ─╯

2026-09-12 17:05:44
╭─ RESULT  FC 25. 3x3. Conference League  ·  Red Bull vs West Ham United ────────────────────────────────────╮
│ ┏━━━━━━━━━━━━━━━━━┳━━━━━━━━━━┳━━━━━━━━━━━┳━━━━━━━━━━┳━━━━━━━━━━━┳━━━━━━━━━━━━━┓                            │
│ ┃                 ┃          ┃ total for ┃          ┃ total for ┃             ┃                            │
│ ┃ Result          ┃ 1st half ┃ 1st half  ┃ 2nd half ┃ 2nd half  ┃ final total ┃                            │
│ ┡━━━━━━━━━━━━━━━━━╇━━━━━━━━━━╇━━━━━━━━━━━╇━━━━━━━━━━╇━━━━━━━━━━━╇━━━━━━━━━━━━━┩                            │
│ │ Red Bull        │        5 │    10     │        3 │           │             │                            │
│ │ West Ham United │        5 │           │        5 │     8     │     18      │                            │
│ └─────────────────┴──────────┴───────────┴──────────┴───────────┴─────────────┘                            │
╰───────────────────────────────────────────────────────────────────────────────────────────────── 18 goals ─╯

2026-09-12 17:17:31
╭─ RESULT  FC 25. 3x3. Conference League  ·  Braga vs Borussia Monchengladbach ──────────────────────────────╮
│ ┏━━━━━━━━━━━━━━━━━━━━━━━━━━┳━━━━━━━━━━┳━━━━━━━━━━━┳━━━━━━━━━━┳━━━━━━━━━━━┳━━━━━━━━━━━━━┓                   │
│ ┃                          ┃          ┃ total for ┃          ┃ total for ┃             ┃                   │
│ ┃ Result                   ┃ 1st half ┃ 1st half  ┃ 2nd half ┃ 2nd half  ┃ final total ┃                   │
│ ┡━━━━━━━━━━━━━━━━━━━━━━━━━━╇━━━━━━━━━━╇━━━━━━━━━━━╇━━━━━━━━━━╇━━━━━━━━━━━╇━━━━━━━━━━━━━┩                   │
│ │ Braga                    │        2 │    10     │        5 │           │             │                   │
│ │ Borussia Monchengladbach │        8 │           │        7 │    12     │     22      │                   │
│ └──────────────────────────┴──────────┴───────────┴──────────┴───────────┴─────────────┘                   │
╰───────────────────────────────────────────────────────────────────────────────────────────────── 22 goals ─╯

2026-09-12 17:24:33
╭─ RESULT  FC 25. 3x3. Conference League  ·  Anderlecht vs Chelsea ──────────────────────────────────────────╮
│ ┏━━━━━━━━━━━━┳━━━━━━━━━━┳━━━━━━━━━━━┳━━━━━━━━━━┳━━━━━━━━━━━┳━━━━━━━━━━━━━┓                                 │
│ ┃            ┃          ┃ total for ┃          ┃ total for ┃             ┃                                 │
│ ┃ Result     ┃ 1st half ┃ 1st half  ┃ 2nd half ┃ 2nd half  ┃ final total ┃                                 │
│ ┡━━━━━━━━━━━━╇━━━━━━━━━━╇━━━━━━━━━━━╇━━━━━━━━━━╇━━━━━━━━━━━╇━━━━━━━━━━━━━┩                                 │
│ │ Anderlecht │        2 │     4     │        3 │           │             │                                 │
│ │ Chelsea    │        2 │           │        4 │     7     │     11      │                                 │
│ └────────────┴──────────┴───────────┴──────────┴───────────┴─────────────┘                                 │
│ W1 1.33  X 3.92  W2 11.00 ✓                                                                                │
╰───────────────────────────────────────────────────────────────────────────────────────────────── 11 goals ─╯

2026-09-12 17:35:01
╭─ RESULT  FC 25. 3x3. Conference League  ·  Fiorentina vs Roma ─────────────────────────────────────────────╮
│ ┏━━━━━━━━━━━━┳━━━━━━━━━━┳━━━━━━━━━━━┳━━━━━━━━━━┳━━━━━━━━━━━┳━━━━━━━━━━━━━┓                                 │
│ ┃            ┃          ┃ total for ┃          ┃ total for ┃             ┃                                 │
│ ┃ Result     ┃ 1st half ┃ 1st half  ┃ 2nd half ┃ 2nd half  ┃ final total ┃                                 │
│ ┡━━━━━━━━━━━━╇━━━━━━━━━━╇━━━━━━━━━━━╇━━━━━━━━━━╇━━━━━━━━━━━╇━━━━━━━━━━━━━┩                                 │
│ │ Fiorentina │        3 │     6     │        6 │           │             │                                 │
│ │ Roma       │        3 │           │        1 │     7     │     13      │                                 │
│ └────────────┴──────────┴───────────┴──────────┴───────────┴─────────────┘                                 │
╰───────────────────────────────────────────────────────────────────────────────────────────────── 13 goals ─╯

2026-09-12 17:45:19
╭─ RESULT  FC 25. 3x3. Conference League  ·  Villarreal vs Eintracht Frankfurt ──────────────────────────────╮
│ ┏━━━━━━━━━━━━━━━━━━━━━┳━━━━━━━━━━┳━━━━━━━━━━━┳━━━━━━━━━━┳━━━━━━━━━━━┳━━━━━━━━━━━━━┓                        │
│ ┃                     ┃          ┃ total for ┃          ┃ total for ┃             ┃                        │
│ ┃ Result              ┃ 1st half ┃ 1st half  ┃ 2nd half ┃ 2nd half  ┃ final total ┃                        │
│ ┡━━━━━━━━━━━━━━━━━━━━━╇━━━━━━━━━━╇━━━━━━━━━━━╇━━━━━━━━━━╇━━━━━━━━━━━╇━━━━━━━━━━━━━┩                        │
│ │ Villarreal          │        2 │     5     │        4 │           │             │                        │
│ │ Eintracht Frankfurt │        3 │           │        4 │     8     │     13      │                        │
│ └─────────────────────┴──────────┴───────────┴──────────┴───────────┴─────────────┘                        │
│ W1 3.10  X 2.24  W2 3.19 ✓                                                                                 │
╰───────────────────────────────────────────────────────────────────────────────────────────────── 13 goals ─╯

2026-09-12 22:35:23
╭─ RESULT  FC 25. 3x3. Conference League  ·  Chelsea vs Heart of Midlothian ─────────────────────────────────╮
│ ┏━━━━━━━━━━━━━━━━━━━━━┳━━━━━━━━━━┳━━━━━━━━━━━┳━━━━━━━━━━┳━━━━━━━━━━━┳━━━━━━━━━━━━━┓                        │
│ ┃                     ┃          ┃ total for ┃          ┃ total for ┃             ┃                        │
│ ┃ Result              ┃ 1st half ┃ 1st half  ┃ 2nd half ┃ 2nd half  ┃ final total ┃                        │
│ ┡━━━━━━━━━━━━━━━━━━━━━╇━━━━━━━━━━╇━━━━━━━━━━━╇━━━━━━━━━━╇━━━━━━━━━━━╇━━━━━━━━━━━━━┩                        │
│ │ Chelsea             │        7 │    12     │        2 │           │             │                        │
│ │ Heart of Midlothian │        5 │           │        1 │     3     │     15      │                        │
│ └─────────────────────┴──────────┴───────────┴──────────┴───────────┴─────────────┘                        │
│ W1 1.00 ✓  X 30.00  W2 30.00                                                                               │
╰───────────────────────────────────────────────────────────────────────────────────────────────── 15 goals ─╯

2026-09-12 22:44:26
╭─ RESULT  FC 25. 3x3. Conference League  ·  Borussia Monchengladbach vs West Ham United ────────────────────╮
│ ┏━━━━━━━━━━━━━━━━━━━━━━━━━━┳━━━━━━━━━━┳━━━━━━━━━━━┳━━━━━━━━━━┳━━━━━━━━━━━┳━━━━━━━━━━━━━┓                   │
│ ┃                          ┃          ┃ total for ┃          ┃ total for ┃             ┃                   │
│ ┃ Result                   ┃ 1st half ┃ 1st half  ┃ 2nd half ┃ 2nd half  ┃ final total ┃                   │
│ ┡━━━━━━━━━━━━━━━━━━━━━━━━━━╇━━━━━━━━━━╇━━━━━━━━━━━╇━━━━━━━━━━╇━━━━━━━━━━━╇━━━━━━━━━━━━━┩                   │
│ │ Borussia Monchengladbach │        2 │     6     │        3 │           │             │                   │
│ │ West Ham United          │        4 │           │        3 │     6     │     12      │                   │
│ └──────────────────────────┴──────────┴───────────┴──────────┴───────────┴─────────────┘                   │
│ W1 30.00  X 30.00  W2 1.00 ✓                                                                               │
╰───────────────────────────────────────────────────────────────────────────────────────────────── 12 goals ─╯

2026-09-12 22:56:36
╭─ RESULT  FC 25. 3x3. Conference League  ·  Borussia Monchengladbach vs AZ Alkmaar ─────────────────────────╮
│ ┏━━━━━━━━━━━━━━━━━━━━━━━━━━┳━━━━━━━━━━┳━━━━━━━━━━━┳━━━━━━━━━━┳━━━━━━━━━━━┳━━━━━━━━━━━━━┓                   │
│ ┃                          ┃          ┃ total for ┃          ┃ total for ┃             ┃                   │
│ ┃ Result                   ┃ 1st half ┃ 1st half  ┃ 2nd half ┃ 2nd half  ┃ final total ┃                   │
│ ┡━━━━━━━━━━━━━━━━━━━━━━━━━━╇━━━━━━━━━━╇━━━━━━━━━━━╇━━━━━━━━━━╇━━━━━━━━━━━╇━━━━━━━━━━━━━┩                   │
│ │ Borussia Monchengladbach │        2 │     9     │        7 │           │             │                   │
│ │ AZ Alkmaar               │        7 │           │        3 │    10     │     19      │                   │
│ └──────────────────────────┴──────────┴───────────┴──────────┴───────────┴─────────────┘                   │
│ W1 11.00  X 3.78  W2 1.35 ✓                                                                                │
╰───────────────────────────────────────────────────────────────────────────────────────────────── 19 goals ─╯

2026-09-12 23:04:03
╭─ RESULT  FC 25. 3x3. Conference League  ·  West Ham United vs Chelsea ─────────────────────────────────────╮
│ ┏━━━━━━━━━━━━━━━━━┳━━━━━━━━━━┳━━━━━━━━━━━┳━━━━━━━━━━┳━━━━━━━━━━━┳━━━━━━━━━━━━━┓                            │
│ ┃                 ┃          ┃ total for ┃          ┃ total for ┃             ┃                            │
│ ┃ Result          ┃ 1st half ┃ 1st half  ┃ 2nd half ┃ 2nd half  ┃ final total ┃                            │
│ ┡━━━━━━━━━━━━━━━━━╇━━━━━━━━━━╇━━━━━━━━━━━╇━━━━━━━━━━╇━━━━━━━━━━━╇━━━━━━━━━━━━━┩                            │
│ │ West Ham United │        2 │     5     │        2 │           │             │                            │
│ │ Chelsea         │        3 │           │        3 │     5     │     10      │                            │
│ └─────────────────┴──────────┴───────────┴──────────┴───────────┴─────────────┘                            │
│ W1 30.00  X 16.00  W2 1.00 ✓                                                                               │
╰───────────────────────────────────────────────────────────────────────────────────────────────── 10 goals ─╯

2026-09-12 23:16:26
╭─ RESULT  FC 25. 3x3. Conference League  ·  Heart of Midlothian vs Roma ────────────────────────────────────╮
│ ┏━━━━━━━━━━━━━━━━━━━━━┳━━━━━━━━━━┳━━━━━━━━━━━┳━━━━━━━━━━┳━━━━━━━━━━━┳━━━━━━━━━━━━━┓                        │
│ ┃                     ┃          ┃ total for ┃          ┃ total for ┃             ┃                        │
│ ┃ Result              ┃ 1st half ┃ 1st half  ┃ 2nd half ┃ 2nd half  ┃ final total ┃                        │
│ ┡━━━━━━━━━━━━━━━━━━━━━╇━━━━━━━━━━╇━━━━━━━━━━━╇━━━━━━━━━━╇━━━━━━━━━━━╇━━━━━━━━━━━━━┩                        │
│ │ Heart of Midlothian │        3 │     7     │        6 │           │             │                        │
│ │ Roma                │        4 │           │        4 │    10     │     17      │                        │
│ └─────────────────────┴──────────┴───────────┴──────────┴───────────┴─────────────┘                        │
╰───────────────────────────────────────────────────────────────────────────────────────────────── 17 goals ─╯

2026-09-12 23:24:45
╭─ RESULT  FC 25. 3x3. Conference League  ·  Red Bull vs Eintracht Frankfurt ────────────────────────────────╮
│ ┏━━━━━━━━━━━━━━━━━━━━━┳━━━━━━━━━━┳━━━━━━━━━━━┳━━━━━━━━━━┳━━━━━━━━━━━┳━━━━━━━━━━━━━┓                        │
│ ┃                     ┃          ┃ total for ┃          ┃ total for ┃             ┃                        │
│ ┃ Result              ┃ 1st half ┃ 1st half  ┃ 2nd half ┃ 2nd half  ┃ final total ┃                        │
│ ┡━━━━━━━━━━━━━━━━━━━━━╇━━━━━━━━━━╇━━━━━━━━━━━╇━━━━━━━━━━╇━━━━━━━━━━━╇━━━━━━━━━━━━━┩                        │
│ │ Red Bull            │        1 │     8     │        2 │           │             │                        │
│ │ Eintracht Frankfurt │        7 │           │        2 │     4     │     12      │                        │
│ └─────────────────────┴──────────┴───────────┴──────────┴───────────┴─────────────┘                        │
╰───────────────────────────────────────────────────────────────────────────────────────────────── 12 goals ─╯

2026-09-12 23:35:26
╭─ RESULT  FC 25. 3x3. Conference League  ·  Braga vs Nice ──────────────────────────────────────────────────╮
│ ┏━━━━━━━━┳━━━━━━━━━━┳━━━━━━━━━━━┳━━━━━━━━━━┳━━━━━━━━━━━┳━━━━━━━━━━━━━┓                                     │
│ ┃        ┃          ┃ total for ┃          ┃ total for ┃             ┃                                     │
│ ┃ Result ┃ 1st half ┃ 1st half  ┃ 2nd half ┃ 2nd half  ┃ final total ┃                                     │
│ ┡━━━━━━━━╇━━━━━━━━━━╇━━━━━━━━━━━╇━━━━━━━━━━╇━━━━━━━━━━━╇━━━━━━━━━━━━━┩                                     │
│ │ Braga  │        2 │     7     │        3 │           │             │                                     │
│ │ Nice   │        5 │           │        5 │     8     │     15      │                                     │
│ └────────┴──────────┴───────────┴──────────┴───────────┴─────────────┘                                     │
╰───────────────────────────────────────────────────────────────────────────────────────────────── 15 goals ─╯

2026-09-12 23:45:34
╭─ RESULT  FC 25. 3x3. Conference League  ·  Anderlecht vs Lille OSC ────────────────────────────────────────╮
│ ┏━━━━━━━━━━━━┳━━━━━━━━━━┳━━━━━━━━━━━┳━━━━━━━━━━┳━━━━━━━━━━━┳━━━━━━━━━━━━━┓                                 │
│ ┃            ┃          ┃ total for ┃          ┃ total for ┃             ┃                                 │
│ ┃ Result     ┃ 1st half ┃ 1st half  ┃ 2nd half ┃ 2nd half  ┃ final total ┃                                 │
│ ┡━━━━━━━━━━━━╇━━━━━━━━━━╇━━━━━━━━━━━╇━━━━━━━━━━╇━━━━━━━━━━━╇━━━━━━━━━━━━━┩                                 │
│ │ Anderlecht │        5 │     7     │        4 │           │             │                                 │
│ │ Lille OSC  │        2 │           │        5 │     9     │     16      │                                 │
│ └────────────┴──────────┴───────────┴──────────┴───────────┴─────────────┘                                 │
╰───────────────────────────────────────────────────────────────────────────────────────────────── 16 goals ─╯

2026-09-12 23:55:34
╭─ RESULT  FC 25. 3x3. Conference League  ·  Fiorentina vs Olympiacos ───────────────────────────────────────╮
│ ┏━━━━━━━━━━━━┳━━━━━━━━━━┳━━━━━━━━━━━┳━━━━━━━━━━┳━━━━━━━━━━━┳━━━━━━━━━━━━━┓                                 │
│ ┃            ┃          ┃ total for ┃          ┃ total for ┃             ┃                                 │
│ ┃ Result     ┃ 1st half ┃ 1st half  ┃ 2nd half ┃ 2nd half  ┃ final total ┃                                 │
│ ┡━━━━━━━━━━━━╇━━━━━━━━━━╇━━━━━━━━━━━╇━━━━━━━━━━╇━━━━━━━━━━━╇━━━━━━━━━━━━━┩                                 │
│ │ Fiorentina │        2 │     5     │        5 │           │             │                                 │
│ │ Olympiacos │        3 │           │        4 │     9     │     14      │                                 │
│ └────────────┴──────────┴───────────┴──────────┴───────────┴─────────────┘                                 │
╰───────────────────────────────────────────────────────────────────────────────────────────────── 14 goals ─╯

2026-09-13 00:05:16
╭─ RESULT  FC 25. 3x3. Conference League  ·  Villarreal vs Fenerbahce ───────────────────────────────────────╮
│ ┏━━━━━━━━━━━━┳━━━━━━━━━━┳━━━━━━━━━━━┳━━━━━━━━━━┳━━━━━━━━━━━┳━━━━━━━━━━━━━┓                                 │
│ ┃            ┃          ┃ total for ┃          ┃ total for ┃             ┃                                 │
│ ┃ Result     ┃ 1st half ┃ 1st half  ┃ 2nd half ┃ 2nd half  ┃ final total ┃                                 │
│ ┡━━━━━━━━━━━━╇━━━━━━━━━━╇━━━━━━━━━━━╇━━━━━━━━━━╇━━━━━━━━━━━╇━━━━━━━━━━━━━┩                                 │
│ │ Villarreal │        4 │     9     │        1 │           │             │                                 │
│ │ Fenerbahce │        5 │           │        4 │     5     │     14      │                                 │
│ └────────────┴──────────┴───────────┴──────────┴───────────┴─────────────┘                                 │
╰───────────────────────────────────────────────────────────────────────────────────────────────── 14 goals ─╯

2026-09-13 00:15:17
╭─ RESULT  FC 25. 3x3. Conference League  ·  Basel vs Celta ─────────────────────────────────────────────────╮
│ ┏━━━━━━━━┳━━━━━━━━━━┳━━━━━━━━━━━┳━━━━━━━━━━┳━━━━━━━━━━━┳━━━━━━━━━━━━━┓                                     │
│ ┃        ┃          ┃ total for ┃          ┃ total for ┃             ┃                                     │
│ ┃ Result ┃ 1st half ┃ 1st half  ┃ 2nd half ┃ 2nd half  ┃ final total ┃                                     │
│ ┡━━━━━━━━╇━━━━━━━━━━╇━━━━━━━━━━━╇━━━━━━━━━━╇━━━━━━━━━━━╇━━━━━━━━━━━━━┩                                     │
│ │ Basel  │        4 │     6     │        3 │           │             │                                     │
│ │ Celta  │        2 │           │        4 │     7     │     13      │                                     │
│ └────────┴──────────┴───────────┴──────────┴───────────┴─────────────┘                                     │
│ W1 1.00 ✓  X 15.00  W2 30.00                                                                               │
╰───────────────────────────────────────────────────────────────────────────────────────────────── 13 goals ─╯

2026-09-13 00:24:08
╭─ RESULT  FC 25. 3x3. Conference League  ·  AZ Alkmaar vs Basel ────────────────────────────────────────────╮
│ ┏━━━━━━━━━━━━┳━━━━━━━━━━┳━━━━━━━━━━━┳━━━━━━━━━━┳━━━━━━━━━━━┳━━━━━━━━━━━━━┓                                 │
│ ┃            ┃          ┃ total for ┃          ┃ total for ┃             ┃                                 │
│ ┃ Result     ┃ 1st half ┃ 1st half  ┃ 2nd half ┃ 2nd half  ┃ final total ┃                                 │
│ ┡━━━━━━━━━━━━╇━━━━━━━━━━╇━━━━━━━━━━━╇━━━━━━━━━━╇━━━━━━━━━━━╇━━━━━━━━━━━━━┩                                 │
│ │ AZ Alkmaar │        3 │     4     │        2 │           │             │                                 │
│ │ Basel      │        1 │           │        3 │     5     │      9      │                                 │
│ └────────────┴──────────┴───────────┴──────────┴───────────┴─────────────┘                                 │
│ W1 1.27 ✓  X 4.14  W2 15.00                                                                                │
╰────────────────────────────────────────────────────────────────────────────────────────────────── 9 goals ─╯

2026-09-13 00:36:10
╭─ RESULT  FC 25. 3x3. Conference League  ·  Celta vs Villarreal ────────────────────────────────────────────╮
│ ┏━━━━━━━━━━━━┳━━━━━━━━━━┳━━━━━━━━━━━┳━━━━━━━━━━┳━━━━━━━━━━━┳━━━━━━━━━━━━━┓                                 │
│ ┃            ┃          ┃ total for ┃          ┃ total for ┃             ┃                                 │
│ ┃ Result     ┃ 1st half ┃ 1st half  ┃ 2nd half ┃ 2nd half  ┃ final total ┃                                 │
│ ┡━━━━━━━━━━━━╇━━━━━━━━━━╇━━━━━━━━━━━╇━━━━━━━━━━╇━━━━━━━━━━━╇━━━━━━━━━━━━━┩                                 │
│ │ Celta      │        6 │     9     │        3 │           │             │                                 │
│ │ Villarreal │        3 │           │        6 │     9     │     18      │                                 │
│ └────────────┴──────────┴───────────┴──────────┴───────────┴─────────────┘                                 │
╰───────────────────────────────────────────────────────────────────────────────────────────────── 18 goals ─╯

2026-09-13 00:45:11
╭─ RESULT  FC 25. 3x3. Conference League  ·  Fenerbahce vs Fiorentina ───────────────────────────────────────╮
│ ┏━━━━━━━━━━━━┳━━━━━━━━━━┳━━━━━━━━━━━┳━━━━━━━━━━┳━━━━━━━━━━━┳━━━━━━━━━━━━━┓                                 │
│ ┃            ┃          ┃ total for ┃          ┃ total for ┃             ┃                                 │
│ ┃ Result     ┃ 1st half ┃ 1st half  ┃ 2nd half ┃ 2nd half  ┃ final total ┃                                 │
│ ┡━━━━━━━━━━━━╇━━━━━━━━━━╇━━━━━━━━━━━╇━━━━━━━━━━╇━━━━━━━━━━━╇━━━━━━━━━━━━━┩                                 │
│ │ Fenerbahce │        6 │     6     │        4 │           │             │                                 │
│ │ Fiorentina │        0 │           │        4 │     8     │     14      │                                 │
│ └────────────┴──────────┴───────────┴──────────┴───────────┴─────────────┘                                 │
╰───────────────────────────────────────────────────────────────────────────────────────────────── 14 goals ─╯

2026-09-13 00:54:06
╭─ RESULT  FC 25. 3x3. Conference League  ·  Olympiacos vs Anderlecht ───────────────────────────────────────╮
│ ┏━━━━━━━━━━━━┳━━━━━━━━━━┳━━━━━━━━━━━┳━━━━━━━━━━┳━━━━━━━━━━━┳━━━━━━━━━━━━━┓                                 │
│ ┃            ┃          ┃ total for ┃          ┃ total for ┃             ┃                                 │
│ ┃ Result     ┃ 1st half ┃ 1st half  ┃ 2nd half ┃ 2nd half  ┃ final total ┃                                 │
│ ┡━━━━━━━━━━━━╇━━━━━━━━━━╇━━━━━━━━━━━╇━━━━━━━━━━╇━━━━━━━━━━━╇━━━━━━━━━━━━━┩                                 │
│ │ Olympiacos │        4 │     5     │        4 │           │             │                                 │
│ │ Anderlecht │        1 │           │        2 │     6     │     11      │                                 │
│ └────────────┴──────────┴───────────┴──────────┴───────────┴─────────────┘                                 │
│ W1 1.00 ✓  X 30.00  W2 30.00                                                                               │
╰───────────────────────────────────────────────────────────────────────────────────────────────── 11 goals ─╯

2026-09-13 01:04:03
╭─ RESULT  FC 25. 3x3. Conference League  ·  Lille OSC vs Braga ─────────────────────────────────────────────╮
│ ┏━━━━━━━━━━━┳━━━━━━━━━━┳━━━━━━━━━━━┳━━━━━━━━━━┳━━━━━━━━━━━┳━━━━━━━━━━━━━┓                                  │
│ ┃           ┃          ┃ total for ┃          ┃ total for ┃             ┃                                  │
│ ┃ Result    ┃ 1st half ┃ 1st half  ┃ 2nd half ┃ 2nd half  ┃ final total ┃                                  │
│ ┡━━━━━━━━━━━╇━━━━━━━━━━╇━━━━━━━━━━━╇━━━━━━━━━━╇━━━━━━━━━━━╇━━━━━━━━━━━━━┩                                  │
│ │ Lille OSC │        3 │     4     │        2 │           │             │                                  │
│ │ Braga     │        1 │           │        2 │     4     │      8      │                                  │
│ └───────────┴──────────┴───────────┴──────────┴───────────┴─────────────┘                                  │
│ W1 1.00 ✓  X 30.00  W2 30.00                                                                               │
╰────────────────────────────────────────────────────────────────────────────────────────────────── 8 goals ─╯

2026-09-13 01:13:20
╭─ RESULT  FC 25. 3x3. Conference League  ·  Nice vs Red Bull ───────────────────────────────────────────────╮
│ ┏━━━━━━━━━━┳━━━━━━━━━━┳━━━━━━━━━━━┳━━━━━━━━━━┳━━━━━━━━━━━┳━━━━━━━━━━━━━┓                                   │
│ ┃          ┃          ┃ total for ┃          ┃ total for ┃             ┃                                   │
│ ┃ Result   ┃ 1st half ┃ 1st half  ┃ 2nd half ┃ 2nd half  ┃ final total ┃                                   │
│ ┡━━━━━━━━━━╇━━━━━━━━━━╇━━━━━━━━━━━╇━━━━━━━━━━╇━━━━━━━━━━━╇━━━━━━━━━━━━━┩                                   │
│ │ Nice     │        2 │     3     │        2 │           │             │                                   │
│ │ Red Bull │        1 │           │        1 │     3     │      6      │                                   │
│ └──────────┴──────────┴───────────┴──────────┴───────────┴─────────────┘                                   │
│ W1 1.00 ✓  X 13.00  W2 30.00                                                                               │
╰────────────────────────────────────────────────────────────────────────────────────────────────── 6 goals ─╯

2026-09-13 01:26:35
╭─ RESULT  FC 25. 3x3. Conference League  ·  Eintracht Frankfurt vs Heart of Midlothian ─────────────────────╮
│ ┏━━━━━━━━━━━━━━━━━━━━━┳━━━━━━━━━━┳━━━━━━━━━━━┳━━━━━━━━━━┳━━━━━━━━━━━┳━━━━━━━━━━━━━┓                        │
│ ┃                     ┃          ┃ total for ┃          ┃ total for ┃             ┃                        │
│ ┃ Result              ┃ 1st half ┃ 1st half  ┃ 2nd half ┃ 2nd half  ┃ final total ┃                        │
│ ┡━━━━━━━━━━━━━━━━━━━━━╇━━━━━━━━━━╇━━━━━━━━━━━╇━━━━━━━━━━╇━━━━━━━━━━━╇━━━━━━━━━━━━━┩                        │
│ │ Eintracht Frankfurt │        6 │     9     │        5 │           │             │                        │
│ │ Heart of Midlothian │        3 │           │        5 │    10     │     19      │                        │
│ └─────────────────────┴──────────┴───────────┴──────────┴───────────┴─────────────┘                        │
│ W1 1.00 ✓  X 30.00  W2 1.00                                                                                │
╰───────────────────────────────────────────────────────────────────────────────────────────────── 19 goals ─╯

2026-09-13 01:35:05
╭─ RESULT  FC 25. 3x3. Conference League  ·  Roma vs West Ham United ────────────────────────────────────────╮
│ ┏━━━━━━━━━━━━━━━━━┳━━━━━━━━━━┳━━━━━━━━━━━┳━━━━━━━━━━┳━━━━━━━━━━━┳━━━━━━━━━━━━━┓                            │
│ ┃                 ┃          ┃ total for ┃          ┃ total for ┃             ┃                            │
│ ┃ Result          ┃ 1st half ┃ 1st half  ┃ 2nd half ┃ 2nd half  ┃ final total ┃                            │
│ ┡━━━━━━━━━━━━━━━━━╇━━━━━━━━━━╇━━━━━━━━━━━╇━━━━━━━━━━╇━━━━━━━━━━━╇━━━━━━━━━━━━━┩                            │
│ │ Roma            │        2 │     6     │        4 │           │             │                            │
│ │ West Ham United │        4 │           │        3 │     7     │     13      │                            │
│ └─────────────────┴──────────┴───────────┴──────────┴───────────┴─────────────┘                            │
│ W1 12.00  X 3.72  W2 1.35 ✓                                                                                │
╰───────────────────────────────────────────────────────────────────────────────────────────────── 13 goals ─╯

2026-09-13 01:43:54
╭─ RESULT  FC 25. 3x3. Conference League  ·  Chelsea vs Borussia Monchengladbach ────────────────────────────╮
│ ┏━━━━━━━━━━━━━━━━━━━━━━━━━━┳━━━━━━━━━━┳━━━━━━━━━━━┳━━━━━━━━━━┳━━━━━━━━━━━┳━━━━━━━━━━━━━┓                   │
│ ┃                          ┃          ┃ total for ┃          ┃ total for ┃             ┃                   │
│ ┃ Result                   ┃ 1st half ┃ 1st half  ┃ 2nd half ┃ 2nd half  ┃ final total ┃                   │
│ ┡━━━━━━━━━━━━━━━━━━━━━━━━━━╇━━━━━━━━━━╇━━━━━━━━━━━╇━━━━━━━━━━╇━━━━━━━━━━━╇━━━━━━━━━━━━━┩                   │
│ │ Chelsea                  │        2 │     3     │        3 │           │             │                   │
│ │ Borussia Monchengladbach │        1 │           │        2 │     5     │      8      │                   │
│ └──────────────────────────┴──────────┴───────────┴──────────┴───────────┴─────────────┘                   │
│ W1 1.00 ✓  X 19.00  W2 30.00                                                                               │
╰────────────────────────────────────────────────────────────────────────────────────────────────── 8 goals ─╯

2026-09-13 01:55:00
╭─ RESULT  FC 25. 3x3. Conference League  ·  Chelsea vs AZ Alkmaar ──────────────────────────────────────────╮
│ ┏━━━━━━━━━━━━┳━━━━━━━━━━┳━━━━━━━━━━━┳━━━━━━━━━━┳━━━━━━━━━━━┳━━━━━━━━━━━━━┓                                 │
│ ┃            ┃          ┃ total for ┃          ┃ total for ┃             ┃                                 │
│ ┃ Result     ┃ 1st half ┃ 1st half  ┃ 2nd half ┃ 2nd half  ┃ final total ┃                                 │
│ ┡━━━━━━━━━━━━╇━━━━━━━━━━╇━━━━━━━━━━━╇━━━━━━━━━━╇━━━━━━━━━━━╇━━━━━━━━━━━━━┩                                 │
│ │ Chelsea    │        1 │     4     │        5 │           │             │                                 │
│ │ AZ Alkmaar │        3 │           │        4 │     9     │     13      │                                 │
│ └────────────┴──────────┴───────────┴──────────┴───────────┴─────────────┘                                 │
│ W1 11.00  X 3.63  W2 1.37 ✓                                                                                │
╰───────────────────────────────────────────────────────────────────────────────────────────────── 13 goals ─╯

2026-09-13 02:06:56
╭─ RESULT  FC 25. 3x3. Conference League  ·  Borussia Monchengladbach vs Roma ───────────────────────────────╮
│ ┏━━━━━━━━━━━━━━━━━━━━━━━━━━┳━━━━━━━━━━┳━━━━━━━━━━━┳━━━━━━━━━━┳━━━━━━━━━━━┳━━━━━━━━━━━━━┓                   │
│ ┃                          ┃          ┃ total for ┃          ┃ total for ┃             ┃                   │
│ ┃ Result                   ┃ 1st half ┃ 1st half  ┃ 2nd half ┃ 2nd half  ┃ final total ┃                   │
│ ┡━━━━━━━━━━━━━━━━━━━━━━━━━━╇━━━━━━━━━━╇━━━━━━━━━━━╇━━━━━━━━━━╇━━━━━━━━━━━╇━━━━━━━━━━━━━┩                   │
│ │ Borussia Monchengladbach │        6 │    10     │        4 │           │             │                   │
│ │ Roma                     │        4 │           │        7 │    11     │     21      │                   │
│ └──────────────────────────┴──────────┴───────────┴──────────┴───────────┴─────────────┘                   │
╰───────────────────────────────────────────────────────────────────────────────────────────────── 21 goals ─╯

2026-09-13 02:14:20
╭─ RESULT  FC 25. 3x3. Conference League  ·  West Ham United vs Eintracht Frankfurt ─────────────────────────╮
│ ┏━━━━━━━━━━━━━━━━━━━━━┳━━━━━━━━━━┳━━━━━━━━━━━┳━━━━━━━━━━┳━━━━━━━━━━━┳━━━━━━━━━━━━━┓                        │
│ ┃                     ┃          ┃ total for ┃          ┃ total for ┃             ┃                        │
│ ┃ Result              ┃ 1st half ┃ 1st half  ┃ 2nd half ┃ 2nd half  ┃ final total ┃                        │
│ ┡━━━━━━━━━━━━━━━━━━━━━╇━━━━━━━━━━╇━━━━━━━━━━━╇━━━━━━━━━━╇━━━━━━━━━━━╇━━━━━━━━━━━━━┩                        │
│ │ West Ham United     │        3 │     4     │        4 │           │             │                        │
│ │ Eintracht Frankfurt │        1 │           │        3 │     7     │     11      │                        │
│ └─────────────────────┴──────────┴───────────┴──────────┴───────────┴─────────────┘                        │
╰───────────────────────────────────────────────────────────────────────────────────────────────── 11 goals ─╯

2026-09-13 02:24:53
╭─ RESULT  FC 25. 3x3. Conference League  ·  Heart of Midlothian vs Nice ────────────────────────────────────╮
│ ┏━━━━━━━━━━━━━━━━━━━━━┳━━━━━━━━━━┳━━━━━━━━━━━┳━━━━━━━━━━┳━━━━━━━━━━━┳━━━━━━━━━━━━━┓                        │
│ ┃                     ┃          ┃ total for ┃          ┃ total for ┃             ┃                        │
│ ┃ Result              ┃ 1st half ┃ 1st half  ┃ 2nd half ┃ 2nd half  ┃ final total ┃                        │
│ ┡━━━━━━━━━━━━━━━━━━━━━╇━━━━━━━━━━╇━━━━━━━━━━━╇━━━━━━━━━━╇━━━━━━━━━━━╇━━━━━━━━━━━━━┩                        │
│ │ Heart of Midlothian │        4 │     6     │        2 │           │             │                        │
│ │ Nice                │        2 │           │        5 │     7     │     13      │                        │
│ └─────────────────────┴──────────┴───────────┴──────────┴───────────┴─────────────┘                        │
╰───────────────────────────────────────────────────────────────────────────────────────────────── 13 goals ─╯

2026-09-13 02:35:09
╭─ RESULT  FC 25. 3x3. Conference League  ·  Red Bull vs Lille OSC ──────────────────────────────────────────╮
│ ┏━━━━━━━━━━━┳━━━━━━━━━━┳━━━━━━━━━━━┳━━━━━━━━━━┳━━━━━━━━━━━┳━━━━━━━━━━━━━┓                                  │
│ ┃           ┃          ┃ total for ┃          ┃ total for ┃             ┃                                  │
│ ┃ Result    ┃ 1st half ┃ 1st half  ┃ 2nd half ┃ 2nd half  ┃ final total ┃                                  │
│ ┡━━━━━━━━━━━╇━━━━━━━━━━╇━━━━━━━━━━━╇━━━━━━━━━━╇━━━━━━━━━━━╇━━━━━━━━━━━━━┩                                  │
│ │ Red Bull  │        5 │     7     │        2 │           │             │                                  │
│ │ Lille OSC │        2 │           │        4 │     6     │     13      │                                  │
│ └───────────┴──────────┴───────────┴──────────┴───────────┴─────────────┘                                  │
╰───────────────────────────────────────────────────────────────────────────────────────────────── 13 goals ─╯

2026-09-13 02:44:17
╭─ RESULT  FC 25. 3x3. Conference League  ·  Braga vs Olympiacos ────────────────────────────────────────────╮
│ ┏━━━━━━━━━━━━┳━━━━━━━━━━┳━━━━━━━━━━━┳━━━━━━━━━━┳━━━━━━━━━━━┳━━━━━━━━━━━━━┓                                 │
│ ┃            ┃          ┃ total for ┃          ┃ total for ┃             ┃                                 │
│ ┃ Result     ┃ 1st half ┃ 1st half  ┃ 2nd half ┃ 2nd half  ┃ final total ┃                                 │
│ ┡━━━━━━━━━━━━╇━━━━━━━━━━╇━━━━━━━━━━━╇━━━━━━━━━━╇━━━━━━━━━━━╇━━━━━━━━━━━━━┩                                 │
│ │ Braga      │        3 │     5     │        3 │           │             │                                 │
│ │ Olympiacos │        2 │           │        2 │     5     │     10      │                                 │
│ └────────────┴──────────┴───────────┴──────────┴───────────┴─────────────┘                                 │
│ W1 1.00 ✓  X 30.00  W2 30.00                                                                               │
╰───────────────────────────────────────────────────────────────────────────────────────────────── 10 goals ─╯

2026-09-13 02:55:53
╭─ RESULT  FC 25. 3x3. Conference League  ·  Anderlecht vs Fenerbahce ───────────────────────────────────────╮
│ ┏━━━━━━━━━━━━┳━━━━━━━━━━┳━━━━━━━━━━━┳━━━━━━━━━━┳━━━━━━━━━━━┳━━━━━━━━━━━━━┓                                 │
│ ┃            ┃          ┃ total for ┃          ┃ total for ┃             ┃                                 │
│ ┃ Result     ┃ 1st half ┃ 1st half  ┃ 2nd half ┃ 2nd half  ┃ final total ┃                                 │
│ ┡━━━━━━━━━━━━╇━━━━━━━━━━╇━━━━━━━━━━━╇━━━━━━━━━━╇━━━━━━━━━━━╇━━━━━━━━━━━━━┩                                 │
│ │ Anderlecht │        4 │     8     │        3 │           │             │                                 │
│ │ Fenerbahce │        4 │           │        5 │     8     │     16      │                                 │
│ └────────────┴──────────┴───────────┴──────────┴───────────┴─────────────┘                                 │
│ W1 16.00  X 4.20  W2 1.26 ✓                                                                                │
╰───────────────────────────────────────────────────────────────────────────────────────────────── 16 goals ─╯

2026-09-13 03:04:59
╭─ RESULT  FC 25. 3x3. Conference League  ·  Fiorentina vs Celta ────────────────────────────────────────────╮
│ ┏━━━━━━━━━━━━┳━━━━━━━━━━┳━━━━━━━━━━━┳━━━━━━━━━━┳━━━━━━━━━━━┳━━━━━━━━━━━━━┓                                 │
│ ┃            ┃          ┃ total for ┃          ┃ total for ┃             ┃                                 │
│ ┃ Result     ┃ 1st half ┃ 1st half  ┃ 2nd half ┃ 2nd half  ┃ final total ┃                                 │
│ ┡━━━━━━━━━━━━╇━━━━━━━━━━╇━━━━━━━━━━━╇━━━━━━━━━━╇━━━━━━━━━━━╇━━━━━━━━━━━━━┩                                 │
│ │ Fiorentina │        5 │    11     │        2 │           │             │                                 │
│ │ Celta      │        6 │           │        2 │     4     │     15      │                                 │
│ └────────────┴──────────┴───────────┴──────────┴───────────┴─────────────┘                                 │
│ W1 11.00  X 3.68  W2 1.38 ✓                                                                                │
╰───────────────────────────────────────────────────────────────────────────────────────────────── 15 goals ─╯

2026-09-13 03:15:15
╭─ RESULT  FC 25. 3x3. Conference League  ·  Villarreal vs Basel ────────────────────────────────────────────╮
│ ┏━━━━━━━━━━━━┳━━━━━━━━━━┳━━━━━━━━━━━┳━━━━━━━━━━┳━━━━━━━━━━━┳━━━━━━━━━━━━━┓                                 │
│ ┃            ┃          ┃ total for ┃          ┃ total for ┃             ┃                                 │
│ ┃ Result     ┃ 1st half ┃ 1st half  ┃ 2nd half ┃ 2nd half  ┃ final total ┃                                 │
│ ┡━━━━━━━━━━━━╇━━━━━━━━━━╇━━━━━━━━━━━╇━━━━━━━━━━╇━━━━━━━━━━━╇━━━━━━━━━━━━━┩                                 │
│ │ Villarreal │        2 │     6     │        4 │           │             │                                 │
│ │ Basel      │        4 │           │        3 │     7     │     13      │                                 │
│ └────────────┴──────────┴───────────┴──────────┴───────────┴─────────────┘                                 │
╰───────────────────────────────────────────────────────────────────────────────────────────────── 13 goals ─╯

2026-09-13 03:24:16
╭─ RESULT  FC 25. 3x3. Conference League  ·  AZ Alkmaar vs Villarreal ───────────────────────────────────────╮
│ ┏━━━━━━━━━━━━┳━━━━━━━━━━┳━━━━━━━━━━━┳━━━━━━━━━━┳━━━━━━━━━━━┳━━━━━━━━━━━━━┓                                 │
│ ┃            ┃          ┃ total for ┃          ┃ total for ┃             ┃                                 │
│ ┃ Result     ┃ 1st half ┃ 1st half  ┃ 2nd half ┃ 2nd half  ┃ final total ┃                                 │
│ ┡━━━━━━━━━━━━╇━━━━━━━━━━╇━━━━━━━━━━━╇━━━━━━━━━━╇━━━━━━━━━━━╇━━━━━━━━━━━━━┩                                 │
│ │ AZ Alkmaar │        3 │     5     │        1 │           │             │                                 │
│ │ Villarreal │        2 │           │        4 │     5     │     10      │                                 │
│ └────────────┴──────────┴───────────┴──────────┴───────────┴─────────────┘                                 │
╰───────────────────────────────────────────────────────────────────────────────────────────────── 10 goals ─╯

2026-09-13 03:35:00
╭─ RESULT  FC 25. 3x3. Conference League  ·  Basel vs Fiorentina ────────────────────────────────────────────╮
│ ┏━━━━━━━━━━━━┳━━━━━━━━━━┳━━━━━━━━━━━┳━━━━━━━━━━┳━━━━━━━━━━━┳━━━━━━━━━━━━━┓                                 │
│ ┃            ┃          ┃ total for ┃          ┃ total for ┃             ┃                                 │
│ ┃ Result     ┃ 1st half ┃ 1st half  ┃ 2nd half ┃ 2nd half  ┃ final total ┃                                 │
│ ┡━━━━━━━━━━━━╇━━━━━━━━━━╇━━━━━━━━━━━╇━━━━━━━━━━╇━━━━━━━━━━━╇━━━━━━━━━━━━━┩                                 │
│ │ Basel      │        3 │     9     │        0 │           │             │                                 │
│ │ Fiorentina │        6 │           │        4 │     4     │     13      │                                 │
│ └────────────┴──────────┴───────────┴──────────┴───────────┴─────────────┘                                 │
╰───────────────────────────────────────────────────────────────────────────────────────────────── 13 goals ─╯

2026-09-13 03:44:07
╭─ RESULT  FC 25. 3x3. Conference League  ·  Celta vs Anderlecht ────────────────────────────────────────────╮
│ ┏━━━━━━━━━━━━┳━━━━━━━━━━┳━━━━━━━━━━━┳━━━━━━━━━━┳━━━━━━━━━━━┳━━━━━━━━━━━━━┓                                 │
│ ┃            ┃          ┃ total for ┃          ┃ total for ┃             ┃                                 │
│ ┃ Result     ┃ 1st half ┃ 1st half  ┃ 2nd half ┃ 2nd half  ┃ final total ┃                                 │
│ ┡━━━━━━━━━━━━╇━━━━━━━━━━╇━━━━━━━━━━━╇━━━━━━━━━━╇━━━━━━━━━━━╇━━━━━━━━━━━━━┩                                 │
│ │ Celta      │        1 │     3     │        4 │           │             │                                 │
│ │ Anderlecht │        2 │           │        2 │     6     │      9      │                                 │
│ └────────────┴──────────┴───────────┴──────────┴───────────┴─────────────┘                                 │
╰────────────────────────────────────────────────────────────────────────────────────────────────── 9 goals ─╯

2026-09-13 03:55:26
╭─ RESULT  FC 25. 3x3. Conference League  ·  Fenerbahce vs Braga ────────────────────────────────────────────╮
│ ┏━━━━━━━━━━━━┳━━━━━━━━━━┳━━━━━━━━━━━┳━━━━━━━━━━┳━━━━━━━━━━━┳━━━━━━━━━━━━━┓                                 │
│ ┃            ┃          ┃ total for ┃          ┃ total for ┃             ┃                                 │
│ ┃ Result     ┃ 1st half ┃ 1st half  ┃ 2nd half ┃ 2nd half  ┃ final total ┃                                 │
│ ┡━━━━━━━━━━━━╇━━━━━━━━━━╇━━━━━━━━━━━╇━━━━━━━━━━╇━━━━━━━━━━━╇━━━━━━━━━━━━━┩                                 │
│ │ Fenerbahce │        7 │    10     │        2 │           │             │                                 │
│ │ Braga      │        3 │           │        3 │     5     │     15      │                                 │
│ └────────────┴──────────┴───────────┴──────────┴───────────┴─────────────┘                                 │
│ W1 1.00 ✓  X 30.00  W2 30.00                                                                               │
╰───────────────────────────────────────────────────────────────────────────────────────────────── 15 goals ─╯

2026-09-13 04:04:47
╭─ RESULT  FC 25. 3x3. Conference League  ·  Olympiacos vs Red Bull ─────────────────────────────────────────╮
│ ┏━━━━━━━━━━━━┳━━━━━━━━━━┳━━━━━━━━━━━┳━━━━━━━━━━┳━━━━━━━━━━━┳━━━━━━━━━━━━━┓                                 │
│ ┃            ┃          ┃ total for ┃          ┃ total for ┃             ┃                                 │
│ ┃ Result     ┃ 1st half ┃ 1st half  ┃ 2nd half ┃ 2nd half  ┃ final total ┃                                 │
│ ┡━━━━━━━━━━━━╇━━━━━━━━━━╇━━━━━━━━━━━╇━━━━━━━━━━╇━━━━━━━━━━━╇━━━━━━━━━━━━━┩                                 │
│ │ Olympiacos │        3 │     7     │        2 │           │             │                                 │
│ │ Red Bull   │        4 │           │        5 │     7     │     14      │                                 │
│ └────────────┴──────────┴───────────┴──────────┴───────────┴─────────────┘                                 │
╰───────────────────────────────────────────────────────────────────────────────────────────────── 14 goals ─╯

2026-09-13 04:15:50
╭─ RESULT  FC 25. 3x3. Conference League  ·  Lille OSC vs Heart of Midlothian ───────────────────────────────╮
│ ┏━━━━━━━━━━━━━━━━━━━━━┳━━━━━━━━━━┳━━━━━━━━━━━┳━━━━━━━━━━┳━━━━━━━━━━━┳━━━━━━━━━━━━━┓                        │
│ ┃                     ┃          ┃ total for ┃          ┃ total for ┃             ┃                        │
│ ┃ Result              ┃ 1st half ┃ 1st half  ┃ 2nd half ┃ 2nd half  ┃ final total ┃                        │
│ ┡━━━━━━━━━━━━━━━━━━━━━╇━━━━━━━━━━╇━━━━━━━━━━━╇━━━━━━━━━━╇━━━━━━━━━━━╇━━━━━━━━━━━━━┩                        │
│ │ Lille OSC           │        5 │    10     │        2 │           │             │                        │
│ │ Heart of Midlothian │        5 │           │        5 │     7     │     17      │                        │
│ └─────────────────────┴──────────┴───────────┴──────────┴───────────┴─────────────┘                        │
│ W1 1.00  X 30.00  W2 1.00 ✓                                                                                │
╰───────────────────────────────────────────────────────────────────────────────────────────────── 17 goals ─╯

2026-09-13 04:24:42
╭─ RESULT  FC 25. 3x3. Conference League  ·  Nice vs West Ham United ────────────────────────────────────────╮
│ ┏━━━━━━━━━━━━━━━━━┳━━━━━━━━━━┳━━━━━━━━━━━┳━━━━━━━━━━┳━━━━━━━━━━━┳━━━━━━━━━━━━━┓                            │
│ ┃                 ┃          ┃ total for ┃          ┃ total for ┃             ┃                            │
│ ┃ Result          ┃ 1st half ┃ 1st half  ┃ 2nd half ┃ 2nd half  ┃ final total ┃                            │
│ ┡━━━━━━━━━━━━━━━━━╇━━━━━━━━━━╇━━━━━━━━━━━╇━━━━━━━━━━╇━━━━━━━━━━━╇━━━━━━━━━━━━━┩                            │
│ │ Nice            │        2 │     6     │        3 │           │             │                            │
│ │ West Ham United │        4 │           │        3 │     6     │     12      │                            │
│ └─────────────────┴──────────┴───────────┴──────────┴───────────┴─────────────┘                            │
╰───────────────────────────────────────────────────────────────────────────────────────────────── 12 goals ─╯

2026-09-13 04:34:52
╭─ RESULT  FC 25. 3x3. Conference League  ·  Eintracht Frankfurt vs Borussia Monchengladbach ────────────────╮
│ ┏━━━━━━━━━━━━━━━━━━━━━━━━━━┳━━━━━━━━━━┳━━━━━━━━━━━┳━━━━━━━━━━┳━━━━━━━━━━━┳━━━━━━━━━━━━━┓                   │
│ ┃                          ┃          ┃ total for ┃          ┃ total for ┃             ┃                   │
│ ┃ Result                   ┃ 1st half ┃ 1st half  ┃ 2nd half ┃ 2nd half  ┃ final total ┃                   │
│ ┡━━━━━━━━━━━━━━━━━━━━━━━━━━╇━━━━━━━━━━╇━━━━━━━━━━━╇━━━━━━━━━━╇━━━━━━━━━━━╇━━━━━━━━━━━━━┩                   │
│ │ Eintracht Frankfurt      │        3 │     6     │        2 │           │             │                   │
│ │ Borussia Monchengladbach │        3 │           │        5 │     7     │     13      │                   │
│ └──────────────────────────┴──────────┴───────────┴──────────┴───────────┴─────────────┘                   │
│ W1 30.00  X 15.00  W2 1.00 ✓                                                                               │
╰───────────────────────────────────────────────────────────────────────────────────────────────── 13 goals ─╯

2026-09-13 04:55:24
╭─ RESULT  FC 25. 3x3. Conference League  ·  Roma vs AZ Alkmaar ─────────────────────────────────────────────╮
│ ┏━━━━━━━━━━━━┳━━━━━━━━━━┳━━━━━━━━━━━┳━━━━━━━━━━┳━━━━━━━━━━━┳━━━━━━━━━━━━━┓                                 │
│ ┃            ┃          ┃ total for ┃          ┃ total for ┃             ┃                                 │
│ ┃ Result     ┃ 1st half ┃ 1st half  ┃ 2nd half ┃ 2nd half  ┃ final total ┃                                 │
│ ┡━━━━━━━━━━━━╇━━━━━━━━━━╇━━━━━━━━━━━╇━━━━━━━━━━╇━━━━━━━━━━━╇━━━━━━━━━━━━━┩                                 │
│ │ Roma       │        4 │     6     │        4 │           │             │                                 │
│ │ AZ Alkmaar │        2 │           │        4 │     8     │     14      │                                 │
│ └────────────┴──────────┴───────────┴──────────┴───────────┴─────────────┘                                 │
╰───────────────────────────────────────────────────────────────────────────────────────────────── 14 goals ─╯

2026-09-13 05:05:50
╭─ RESULT  FC 25. 3x3. Conference League  ·  Chelsea vs Eintracht Frankfurt ─────────────────────────────────╮
│ ┏━━━━━━━━━━━━━━━━━━━━━┳━━━━━━━━━━┳━━━━━━━━━━━┳━━━━━━━━━━┳━━━━━━━━━━━┳━━━━━━━━━━━━━┓                        │
│ ┃                     ┃          ┃ total for ┃          ┃ total for ┃             ┃                        │
│ ┃ Result              ┃ 1st half ┃ 1st half  ┃ 2nd half ┃ 2nd half  ┃ final total ┃                        │
│ ┡━━━━━━━━━━━━━━━━━━━━━╇━━━━━━━━━━╇━━━━━━━━━━━╇━━━━━━━━━━╇━━━━━━━━━━━╇━━━━━━━━━━━━━┩                        │
│ │ Chelsea             │        7 │     9     │        4 │           │             │                        │
│ │ Eintracht Frankfurt │        2 │           │        5 │     9     │     18      │                        │
│ └─────────────────────┴──────────┴───────────┴──────────┴───────────┴─────────────┘                        │
╰───────────────────────────────────────────────────────────────────────────────────────────────── 18 goals ─╯

2026-09-13 05:16:20
╭─ RESULT  FC 25. 3x3. Conference League  ·  Borussia Monchengladbach vs Nice ───────────────────────────────╮
│ ┏━━━━━━━━━━━━━━━━━━━━━━━━━━┳━━━━━━━━━━┳━━━━━━━━━━━┳━━━━━━━━━━┳━━━━━━━━━━━┳━━━━━━━━━━━━━┓                   │
│ ┃                          ┃          ┃ total for ┃          ┃ total for ┃             ┃                   │
│ ┃ Result                   ┃ 1st half ┃ 1st half  ┃ 2nd half ┃ 2nd half  ┃ final total ┃                   │
│ ┡━━━━━━━━━━━━━━━━━━━━━━━━━━╇━━━━━━━━━━╇━━━━━━━━━━━╇━━━━━━━━━━╇━━━━━━━━━━━╇━━━━━━━━━━━━━┩                   │
│ │ Borussia Monchengladbach │        6 │    11     │        1 │           │             │                   │
│ │ Nice                     │        5 │           │        5 │     6     │     17      │                   │
│ └──────────────────────────┴──────────┴───────────┴──────────┴───────────┴─────────────┘                   │
│ W1 30.00  X 30.00  W2 1.00 ✓                                                                               │
╰───────────────────────────────────────────────────────────────────────────────────────────────── 17 goals ─╯

2026-09-13 05:25:49
╭─ RESULT  FC 25. 3x3. Conference League  ·  West Ham United vs Lille OSC ───────────────────────────────────╮
│ ┏━━━━━━━━━━━━━━━━━┳━━━━━━━━━━┳━━━━━━━━━━━┳━━━━━━━━━━┳━━━━━━━━━━━┳━━━━━━━━━━━━━┓                            │
│ ┃                 ┃          ┃ total for ┃          ┃ total for ┃             ┃                            │
│ ┃ Result          ┃ 1st half ┃ 1st half  ┃ 2nd half ┃ 2nd half  ┃ final total ┃                            │
│ ┡━━━━━━━━━━━━━━━━━╇━━━━━━━━━━╇━━━━━━━━━━━╇━━━━━━━━━━╇━━━━━━━━━━━╇━━━━━━━━━━━━━┩                            │
│ │ West Ham United │        7 │    10     │        3 │           │             │                            │
│ │ Lille OSC       │        3 │           │        3 │     6     │     16      │                            │
│ └─────────────────┴──────────┴───────────┴──────────┴───────────┴─────────────┘                            │
│ W1 1.00 ✓  X 30.00  W2 1.00                                                                                │
╰───────────────────────────────────────────────────────────────────────────────────────────────── 16 goals ─╯

2026-09-13 05:36:33
╭─ RESULT  FC 25. 3x3. Conference League  ·  Heart of Midlothian vs Olympiacos ──────────────────────────────╮
│ ┏━━━━━━━━━━━━━━━━━━━━━┳━━━━━━━━━━┳━━━━━━━━━━━┳━━━━━━━━━━┳━━━━━━━━━━━┳━━━━━━━━━━━━━┓                        │
│ ┃                     ┃          ┃ total for ┃          ┃ total for ┃             ┃                        │
│ ┃ Result              ┃ 1st half ┃ 1st half  ┃ 2nd half ┃ 2nd half  ┃ final total ┃                        │
│ ┡━━━━━━━━━━━━━━━━━━━━━╇━━━━━━━━━━╇━━━━━━━━━━━╇━━━━━━━━━━╇━━━━━━━━━━━╇━━━━━━━━━━━━━┩                        │
│ │ Heart of Midlothian │        4 │    10     │        4 │           │             │                        │
│ │ Olympiacos          │        6 │           │        6 │    10     │     20      │                        │
│ └─────────────────────┴──────────┴───────────┴──────────┴───────────┴─────────────┘                        │
╰───────────────────────────────────────────────────────────────────────────────────────────────── 20 goals ─╯

2026-09-13 05:45:35
╭─ RESULT  FC 25. 3x3. Conference League  ·  Red Bull vs Fenerbahce ─────────────────────────────────────────╮
│ ┏━━━━━━━━━━━━┳━━━━━━━━━━┳━━━━━━━━━━━┳━━━━━━━━━━┳━━━━━━━━━━━┳━━━━━━━━━━━━━┓                                 │
│ ┃            ┃          ┃ total for ┃          ┃ total for ┃             ┃                                 │
│ ┃ Result     ┃ 1st half ┃ 1st half  ┃ 2nd half ┃ 2nd half  ┃ final total ┃                                 │
│ ┡━━━━━━━━━━━━╇━━━━━━━━━━╇━━━━━━━━━━━╇━━━━━━━━━━╇━━━━━━━━━━━╇━━━━━━━━━━━━━┩                                 │
│ │ Red Bull   │        3 │     6     │        5 │           │             │                                 │
│ │ Fenerbahce │        3 │           │        4 │     9     │     15      │                                 │
│ └────────────┴──────────┴───────────┴──────────┴───────────┴─────────────┘                                 │
╰───────────────────────────────────────────────────────────────────────────────────────────────── 15 goals ─╯

2026-09-13 06:27:09
╭─ RESULT  FC 25. 3x3. Conference League  ·  AZ Alkmaar vs Fiorentina ───────────────────────────────────────╮
│ ┏━━━━━━━━━━━━┳━━━━━━━━━━┳━━━━━━━━━━━┳━━━━━━━━━━┳━━━━━━━━━━━┳━━━━━━━━━━━━━┓                                 │
│ ┃            ┃          ┃ total for ┃          ┃ total for ┃             ┃                                 │
│ ┃ Result     ┃ 1st half ┃ 1st half  ┃ 2nd half ┃ 2nd half  ┃ final total ┃                                 │
│ ┡━━━━━━━━━━━━╇━━━━━━━━━━╇━━━━━━━━━━━╇━━━━━━━━━━╇━━━━━━━━━━━╇━━━━━━━━━━━━━┩                                 │
│ │ AZ Alkmaar │        4 │    10     │        4 │           │             │                                 │
│ │ Fiorentina │        6 │           │        8 │    12     │     22      │                                 │
│ └────────────┴──────────┴───────────┴──────────┴───────────┴─────────────┘                                 │
╰───────────────────────────────────────────────────────────────────────────────────────────────── 22 goals ─╯

2026-09-13 06:36:46
╭─ RESULT  FC 25. 3x3. Conference League  ·  Villarreal vs Anderlecht ───────────────────────────────────────╮
│ ┏━━━━━━━━━━━━┳━━━━━━━━━━┳━━━━━━━━━━━┳━━━━━━━━━━┳━━━━━━━━━━━┳━━━━━━━━━━━━━┓                                 │
│ ┃            ┃          ┃ total for ┃          ┃ total for ┃             ┃                                 │
│ ┃ Result     ┃ 1st half ┃ 1st half  ┃ 2nd half ┃ 2nd half  ┃ final total ┃                                 │
│ ┡━━━━━━━━━━━━╇━━━━━━━━━━╇━━━━━━━━━━━╇━━━━━━━━━━╇━━━━━━━━━━━╇━━━━━━━━━━━━━┩                                 │
│ │ Villarreal │        5 │    10     │        5 │           │             │                                 │
│ │ Anderlecht │        5 │           │        4 │     9     │     19      │                                 │
│ └────────────┴──────────┴───────────┴──────────┴───────────┴─────────────┘                                 │
╰───────────────────────────────────────────────────────────────────────────────────────────────── 19 goals ─╯

2026-09-13 06:45:14
╭─ RESULT  FC 25. 3x3. Conference League  ·  Basel vs Braga ─────────────────────────────────────────────────╮
│ ┏━━━━━━━━┳━━━━━━━━━━┳━━━━━━━━━━━┳━━━━━━━━━━┳━━━━━━━━━━━┳━━━━━━━━━━━━━┓                                     │
│ ┃        ┃          ┃ total for ┃          ┃ total for ┃             ┃                                     │
│ ┃ Result ┃ 1st half ┃ 1st half  ┃ 2nd half ┃ 2nd half  ┃ final total ┃                                     │
│ ┡━━━━━━━━╇━━━━━━━━━━╇━━━━━━━━━━━╇━━━━━━━━━━╇━━━━━━━━━━━╇━━━━━━━━━━━━━┩                                     │
│ │ Basel  │        2 │     8     │        2 │           │             │                                     │
│ │ Braga  │        6 │           │        6 │     8     │     16      │                                     │
│ └────────┴──────────┴───────────┴──────────┴───────────┴─────────────┘                                     │
╰───────────────────────────────────────────────────────────────────────────────────────────────── 16 goals ─╯

2026-09-13 06:53:53
╭─ RESULT  FC 25. 3x3. Conference League  ·  Celta vs Red Bull ──────────────────────────────────────────────╮
│ ┏━━━━━━━━━━┳━━━━━━━━━━┳━━━━━━━━━━━┳━━━━━━━━━━┳━━━━━━━━━━━┳━━━━━━━━━━━━━┓                                   │
│ ┃          ┃          ┃ total for ┃          ┃ total for ┃             ┃                                   │
│ ┃ Result   ┃ 1st half ┃ 1st half  ┃ 2nd half ┃ 2nd half  ┃ final total ┃                                   │
│ ┡━━━━━━━━━━╇━━━━━━━━━━╇━━━━━━━━━━━╇━━━━━━━━━━╇━━━━━━━━━━━╇━━━━━━━━━━━━━┩                                   │
│ │ Celta    │        0 │     2     │        5 │           │             │                                   │
│ │ Red Bull │        2 │           │        2 │     7     │      9      │                                   │
│ └──────────┴──────────┴───────────┴──────────┴───────────┴─────────────┘                                   │
╰────────────────────────────────────────────────────────────────────────────────────────────────── 9 goals ─╯

2026-09-13 07:05:28
╭─ RESULT  FC 25. 3x3. Conference League  ·  Fenerbahce vs Heart of Midlothian ──────────────────────────────╮
│ ┏━━━━━━━━━━━━━━━━━━━━━┳━━━━━━━━━━┳━━━━━━━━━━━┳━━━━━━━━━━┳━━━━━━━━━━━┳━━━━━━━━━━━━━┓                        │
│ ┃                     ┃          ┃ total for ┃          ┃ total for ┃             ┃                        │
│ ┃ Result              ┃ 1st half ┃ 1st half  ┃ 2nd half ┃ 2nd half  ┃ final total ┃                        │
│ ┡━━━━━━━━━━━━━━━━━━━━━╇━━━━━━━━━━╇━━━━━━━━━━━╇━━━━━━━━━━╇━━━━━━━━━━━╇━━━━━━━━━━━━━┩                        │
│ │ Fenerbahce          │        5 │    10     │        3 │           │             │                        │
│ │ Heart of Midlothian │        5 │           │        3 │     6     │     16      │                        │
│ └─────────────────────┴──────────┴───────────┴──────────┴───────────┴─────────────┘                        │
╰───────────────────────────────────────────────────────────────────────────────────────────────── 16 goals ─╯

2026-09-13 07:16:01
╭─ RESULT  FC 25. 3x3. Conference League  ·  Olympiacos vs West Ham United ──────────────────────────────────╮
│ ┏━━━━━━━━━━━━━━━━━┳━━━━━━━━━━┳━━━━━━━━━━━┳━━━━━━━━━━┳━━━━━━━━━━━┳━━━━━━━━━━━━━┓                            │
│ ┃                 ┃          ┃ total for ┃          ┃ total for ┃             ┃                            │
│ ┃ Result          ┃ 1st half ┃ 1st half  ┃ 2nd half ┃ 2nd half  ┃ final total ┃                            │
│ ┡━━━━━━━━━━━━━━━━━╇━━━━━━━━━━╇━━━━━━━━━━━╇━━━━━━━━━━╇━━━━━━━━━━━╇━━━━━━━━━━━━━┩                            │
│ │ Olympiacos      │        6 │    12     │        1 │           │             │                            │
│ │ West Ham United │        6 │           │        3 │     4     │     16      │                            │
│ └─────────────────┴──────────┴───────────┴──────────┴───────────┴─────────────┘                            │
╰───────────────────────────────────────────────────────────────────────────────────────────────── 16 goals ─╯

2026-09-13 07:26:14
╭─ RESULT  FC 25. 3x3. Conference League  ·  Lille OSC vs Borussia Monchengladbach ──────────────────────────╮
│ ┏━━━━━━━━━━━━━━━━━━━━━━━━━━┳━━━━━━━━━━┳━━━━━━━━━━━┳━━━━━━━━━━┳━━━━━━━━━━━┳━━━━━━━━━━━━━┓                   │
│ ┃                          ┃          ┃ total for ┃          ┃ total for ┃             ┃                   │
│ ┃ Result                   ┃ 1st half ┃ 1st half  ┃ 2nd half ┃ 2nd half  ┃ final total ┃                   │
│ ┡━━━━━━━━━━━━━━━━━━━━━━━━━━╇━━━━━━━━━━╇━━━━━━━━━━━╇━━━━━━━━━━╇━━━━━━━━━━━╇━━━━━━━━━━━━━┩                   │
│ │ Lille OSC                │        3 │    10     │        7 │           │             │                   │
│ │ Borussia Monchengladbach │        7 │           │        2 │     9     │     19      │                   │
│ └──────────────────────────┴──────────┴───────────┴──────────┴───────────┴─────────────┘                   │
╰───────────────────────────────────────────────────────────────────────────────────────────────── 19 goals ─╯

2026-09-13 07:35:53
╭─ RESULT  FC 25. 3x3. Conference League  ·  Nice vs Chelsea ────────────────────────────────────────────────╮
│ ┏━━━━━━━━━┳━━━━━━━━━━┳━━━━━━━━━━━┳━━━━━━━━━━━━┳━━━━━━━━━━┳━━━━━━━━━━━┳━━━━━━━━━━━━┳━━━━━━━━━━━━━┓          │
│ ┃         ┃          ┃ total for ┃ winner for ┃          ┃ total for ┃ winner for ┃             ┃          │
│ ┃ Result  ┃ 1st half ┃ 1st half  ┃  1st half  ┃ 2nd half ┃ 2nd half  ┃  2nd half  ┃ final total ┃          │
│ ┡━━━━━━━━━╇━━━━━━━━━━╇━━━━━━━━━━━╇━━━━━━━━━━━━╇━━━━━━━━━━╇━━━━━━━━━━━╇━━━━━━━━━━━━╇━━━━━━━━━━━━━┩          │
│ │ Nice    │        5 │     8     │     1X     │        6 │           │            │             │          │
│ │ Chelsea │        3 │           │            │        3 │     9     │     1X     │     17      │          │
│ └─────────┴──────────┴───────────┴────────────┴──────────┴───────────┴────────────┴─────────────┘          │
╰───────────────────────────────────────────────────────────────────────────────────────────────── 17 goals ─╯

2026-09-13 07:45:49
╭─ RESULT  FC 25. 3x3. Conference League  ·  Eintracht Frankfurt vs Roma ────────────────────────────────────╮
│ ┏━━━━━━━━━━━━━━━━━━┳━━━━━━━━━━┳━━━━━━━━━━━┳━━━━━━━━━━━━┳━━━━━━━━━━┳━━━━━━━━━━━┳━━━━━━━━━━━━┳━━━━━━━━━━━━━┓ │
│ ┃                  ┃          ┃ total for ┃ winner for ┃          ┃ total for ┃ winner for ┃             ┃ │
│ ┃ Result           ┃ 1st half ┃ 1st half  ┃  1st half  ┃ 2nd half ┃ 2nd half  ┃  2nd half  ┃ final total ┃ │
│ ┡━━━━━━━━━━━━━━━━━━╇━━━━━━━━━━╇━━━━━━━━━━━╇━━━━━━━━━━━━╇━━━━━━━━━━╇━━━━━━━━━━━╇━━━━━━━━━━━━╇━━━━━━━━━━━━━┩ │
│ │ Eintracht        │        8 │    13     │     1X     │        2 │           │            │             │ │
│ │ Frankfurt        │          │           │            │          │           │            │             │ │
│ │ Roma             │        5 │           │            │        1 │     3     │     1X     │     16      │ │
│ └──────────────────┴──────────┴───────────┴────────────┴──────────┴───────────┴────────────┴─────────────┘ │
│ W1 1.00 ✓  X 30.00  W2 30.00                                                                               │
╰───────────────────────────────────────────────────────────────────────────────────────────────── 16 goals ─╯

2026-09-13 07:54:52
╭─ RESULT  FC 25. 3x3. Conference League  ·  Eintracht Frankfurt vs AZ Alkmaar ──────────────────────────────╮
│ ┏━━━━━━━━━━━━━━━━━━┳━━━━━━━━━━┳━━━━━━━━━━━┳━━━━━━━━━━━━┳━━━━━━━━━━┳━━━━━━━━━━━┳━━━━━━━━━━━━┳━━━━━━━━━━━━━┓ │
│ ┃                  ┃          ┃ total for ┃ winner for ┃          ┃ total for ┃ winner for ┃             ┃ │
│ ┃ Result           ┃ 1st half ┃ 1st half  ┃  1st half  ┃ 2nd half ┃ 2nd half  ┃  2nd half  ┃ final total ┃ │
│ ┡━━━━━━━━━━━━━━━━━━╇━━━━━━━━━━╇━━━━━━━━━━━╇━━━━━━━━━━━━╇━━━━━━━━━━╇━━━━━━━━━━━╇━━━━━━━━━━━━╇━━━━━━━━━━━━━┩ │
│ │ Eintracht        │        5 │     8     │     1X     │        3 │           │            │             │ │
│ │ Frankfurt        │          │           │            │          │           │            │             │ │
│ │ AZ Alkmaar       │        3 │           │            │        2 │     5     │     1X     │     13      │ │
│ └──────────────────┴──────────┴───────────┴────────────┴──────────┴───────────┴────────────┴─────────────┘ │
│ W1 1.00 ✓  X 30.00  W2 30.00                                                                               │
╰───────────────────────────────────────────────────────────────────────────────────────────────── 13 goals ─╯

2026-09-13 08:07:12
╭─ RESULT  FC 25. 3x3. Conference League  ·  Roma vs Nice ───────────────────────────────────────────────────╮
│ ┏━━━━━━━━┳━━━━━━━━━━┳━━━━━━━━━━━┳━━━━━━━━━━━━┳━━━━━━━━━━┳━━━━━━━━━━━┳━━━━━━━━━━━━┳━━━━━━━━━━━━━┓           │
│ ┃        ┃          ┃ total for ┃ winner for ┃          ┃ total for ┃ winner for ┃             ┃           │
│ ┃ Result ┃ 1st half ┃ 1st half  ┃  1st half  ┃ 2nd half ┃ 2nd half  ┃  2nd half  ┃ final total ┃           │
│ ┡━━━━━━━━╇━━━━━━━━━━╇━━━━━━━━━━━╇━━━━━━━━━━━━╇━━━━━━━━━━╇━━━━━━━━━━━╇━━━━━━━━━━━━╇━━━━━━━━━━━━━┩           │
│ │ Roma   │        3 │    12     │     2X     │        5 │           │            │             │           │
│ │ Nice   │        9 │           │            │        4 │     9     │     1X     │     21      │           │
│ └────────┴──────────┴───────────┴────────────┴──────────┴───────────┴────────────┴─────────────┘           │
╰───────────────────────────────────────────────────────────────────────────────────────────────── 21 goals ─╯

2026-09-13 08:15:16
╭─ RESULT  FC 25. 3x3. Conference League  ·  Chelsea vs Lille OSC ───────────────────────────────────────────╮
│ ┏━━━━━━━━━━━┳━━━━━━━━━━┳━━━━━━━━━━━┳━━━━━━━━━━━━┳━━━━━━━━━━┳━━━━━━━━━━━┳━━━━━━━━━━━━┳━━━━━━━━━━━━━┓        │
│ ┃           ┃          ┃ total for ┃ winner for ┃          ┃ total for ┃ winner for ┃             ┃        │
│ ┃ Result    ┃ 1st half ┃ 1st half  ┃  1st half  ┃ 2nd half ┃ 2nd half  ┃  2nd half  ┃ final total ┃        │
│ ┡━━━━━━━━━━━╇━━━━━━━━━━╇━━━━━━━━━━━╇━━━━━━━━━━━━╇━━━━━━━━━━╇━━━━━━━━━━━╇━━━━━━━━━━━━╇━━━━━━━━━━━━━┩        │
│ │ Chelsea   │        3 │     6     │     X      │        5 │           │            │             │        │
│ │ Lille OSC │        3 │           │            │        3 │     8     │     1X     │     14      │        │
│ └───────────┴──────────┴───────────┴────────────┴──────────┴───────────┴────────────┴─────────────┘        │
╰───────────────────────────────────────────────────────────────────────────────────────────────── 14 goals ─╯

2026-09-13 08:26:29
╭─ RESULT  FC 25. 3x3. Conference League  ·  Borussia Monchengladbach vs Olympiacos ─────────────────────────╮
│ ┏━━━━━━━━━━━━━━━━━━┳━━━━━━━━━━┳━━━━━━━━━━━┳━━━━━━━━━━━━┳━━━━━━━━━━┳━━━━━━━━━━━┳━━━━━━━━━━━━┳━━━━━━━━━━━━━┓ │
│ ┃                  ┃          ┃ total for ┃ winner for ┃          ┃ total for ┃ winner for ┃             ┃ │
│ ┃ Result           ┃ 1st half ┃ 1st half  ┃  1st half  ┃ 2nd half ┃ 2nd half  ┃  2nd half  ┃ final total ┃ │
│ ┡━━━━━━━━━━━━━━━━━━╇━━━━━━━━━━╇━━━━━━━━━━━╇━━━━━━━━━━━━╇━━━━━━━━━━╇━━━━━━━━━━━╇━━━━━━━━━━━━╇━━━━━━━━━━━━━┩ │
│ │ Borussia         │        4 │    11     │     2X     │        2 │           │            │             │ │
│ │ Monchengladbach  │          │           │            │          │           │            │             │ │
│ │ Olympiacos       │        7 │           │            │        5 │     7     │     2X     │     18      │ │
│ └──────────────────┴──────────┴───────────┴────────────┴──────────┴───────────┴────────────┴─────────────┘ │
╰───────────────────────────────────────────────────────────────────────────────────────────────── 18 goals ─╯

2026-09-13 08:34:40
╭─ RESULT  FC 25. 3x3. Conference League  ·  West Ham United vs Fenerbahce ──────────────────────────────────╮
│ ┏━━━━━━━━━━━━━━━━━┳━━━━━━━━━━┳━━━━━━━━━━━┳━━━━━━━━━━━━┳━━━━━━━━━━┳━━━━━━━━━━━┳━━━━━━━━━━━━┳━━━━━━━━━━━━━┓  │
│ ┃                 ┃          ┃ total for ┃ winner for ┃          ┃ total for ┃ winner for ┃             ┃  │
│ ┃ Result          ┃ 1st half ┃ 1st half  ┃  1st half  ┃ 2nd half ┃ 2nd half  ┃  2nd half  ┃ final total ┃  │
│ ┡━━━━━━━━━━━━━━━━━╇━━━━━━━━━━╇━━━━━━━━━━━╇━━━━━━━━━━━━╇━━━━━━━━━━╇━━━━━━━━━━━╇━━━━━━━━━━━━╇━━━━━━━━━━━━━┩  │
│ │ West Ham United │        1 │     7     │     2X     │        3 │           │            │             │  │
│ │ Fenerbahce      │        6 │           │            │        3 │     6     │     X      │     13      │  │
│ └─────────────────┴──────────┴───────────┴────────────┴──────────┴───────────┴────────────┴─────────────┘  │
╰───────────────────────────────────────────────────────────────────────────────────────────────── 13 goals ─╯

2026-09-13 11:55:15
╭─ RESULT  FC 25. 3x3. Conference League  ·  Heart of Midlothian vs Villarreal ──────────────────────────────╮
│ ┏━━━━━━━━━━━━━━━━━━┳━━━━━━━━━━┳━━━━━━━━━━━┳━━━━━━━━━━━━┳━━━━━━━━━━┳━━━━━━━━━━━┳━━━━━━━━━━━━┳━━━━━━━━━━━━━┓ │
│ ┃                  ┃          ┃ total for ┃ winner for ┃          ┃ total for ┃ winner for ┃             ┃ │
│ ┃ Result           ┃ 1st half ┃ 1st half  ┃  1st half  ┃ 2nd half ┃ 2nd half  ┃  2nd half  ┃ final total ┃ │
│ ┡━━━━━━━━━━━━━━━━━━╇━━━━━━━━━━╇━━━━━━━━━━━╇━━━━━━━━━━━━╇━━━━━━━━━━╇━━━━━━━━━━━╇━━━━━━━━━━━━╇━━━━━━━━━━━━━┩ │
│ │ Heart of         │        5 │     6     │     1X     │        5 │           │            │             │ │
│ │ Midlothian       │          │           │            │          │           │            │             │ │
│ │ Villarreal       │        1 │           │            │        4 │     9     │     1X     │     15      │ │
│ └──────────────────┴──────────┴───────────┴────────────┴──────────┴───────────┴────────────┴─────────────┘ │
│ W1 1.00 ✓  X 30.00  W2 1.00                                                                                │
╰───────────────────────────────────────────────────────────────────────────────────────────────── 15 goals ─╯

2026-09-13 12:05:04
╭─ RESULT  FC 25. 3x3. Conference League  ·  Red Bull vs Fiorentina ─────────────────────────────────────────╮
│ ┏━━━━━━━━━━━━┳━━━━━━━━━━┳━━━━━━━━━━━┳━━━━━━━━━━━━┳━━━━━━━━━━┳━━━━━━━━━━━┳━━━━━━━━━━━━┳━━━━━━━━━━━━━┓       │
│ ┃            ┃          ┃ total for ┃ winner for ┃          ┃ total for ┃ winner for ┃             ┃       │
│ ┃ Result     ┃ 1st half ┃ 1st half  ┃  1st half  ┃ 2nd half ┃ 2nd half  ┃  2nd half  ┃ final total ┃       │
│ ┡━━━━━━━━━━━━╇━━━━━━━━━━╇━━━━━━━━━━━╇━━━━━━━━━━━━╇━━━━━━━━━━╇━━━━━━━━━━━╇━━━━━━━━━━━━╇━━━━━━━━━━━━━┩       │
│ │ Red Bull   │        3 │     8     │     2X     │        3 │           │            │             │       │
│ │ Fiorentina │        5 │           │            │        3 │     6     │     X      │     14      │       │
│ └────────────┴──────────┴───────────┴────────────┴──────────┴───────────┴────────────┴─────────────┘       │
│ W1 30.00  X 16.00  W2 1.00 ✓                                                                               │
╰───────────────────────────────────────────────────────────────────────────────────────────────── 14 goals ─╯

2026-09-13 12:14:44
╭─ RESULT  FC 25. 3x3. Conference League  ·  Braga vs Anderlecht ────────────────────────────────────────────╮
│ ┏━━━━━━━━━━━━┳━━━━━━━━━━┳━━━━━━━━━━━┳━━━━━━━━━━━━┳━━━━━━━━━━┳━━━━━━━━━━━┳━━━━━━━━━━━━┳━━━━━━━━━━━━━┓       │
│ ┃            ┃          ┃ total for ┃ winner for ┃          ┃ total for ┃ winner for ┃             ┃       │
│ ┃ Result     ┃ 1st half ┃ 1st half  ┃  1st half  ┃ 2nd half ┃ 2nd half  ┃  2nd half  ┃ final total ┃       │
│ ┡━━━━━━━━━━━━╇━━━━━━━━━━╇━━━━━━━━━━━╇━━━━━━━━━━━━╇━━━━━━━━━━╇━━━━━━━━━━━╇━━━━━━━━━━━━╇━━━━━━━━━━━━━┩       │
│ │ Braga      │        3 │     6     │     X      │        4 │           │            │             │       │
│ │ Anderlecht │        3 │           │            │        1 │     5     │     1X     │     11      │       │
│ └────────────┴──────────┴───────────┴────────────┴──────────┴───────────┴────────────┴─────────────┘       │
│ W1 1.00 ✓  X 30.00  W2 30.00                                                                               │
╰───────────────────────────────────────────────────────────────────────────────────────────────── 11 goals ─╯

2026-09-13 12:25:05
╭─ RESULT  FC 25. 3x3. Conference League  ·  AZ Alkmaar vs Braga ────────────────────────────────────────────╮
│ ┏━━━━━━━━━━━━┳━━━━━━━━━━┳━━━━━━━━━━━┳━━━━━━━━━━━━┳━━━━━━━━━━┳━━━━━━━━━━━┳━━━━━━━━━━━━┳━━━━━━━━━━━━━┓       │
│ ┃            ┃          ┃ total for ┃ winner for ┃          ┃ total for ┃ winner for ┃             ┃       │
│ ┃ Result     ┃ 1st half ┃ 1st half  ┃  1st half  ┃ 2nd half ┃ 2nd half  ┃  2nd half  ┃ final total ┃       │
│ ┡━━━━━━━━━━━━╇━━━━━━━━━━╇━━━━━━━━━━━╇━━━━━━━━━━━━╇━━━━━━━━━━╇━━━━━━━━━━━╇━━━━━━━━━━━━╇━━━━━━━━━━━━━┩       │
│ │ AZ Alkmaar │        5 │     7     │     1X     │        5 │           │            │             │       │
│ │ Braga      │        2 │           │            │        1 │     6     │     1X     │     13      │       │
│ └────────────┴──────────┴───────────┴────────────┴──────────┴───────────┴────────────┴─────────────┘       │
╰───────────────────────────────────────────────────────────────────────────────────────────────── 13 goals ─╯

2026-09-13 12:37:25
╭─ RESULT  FC 25. 3x3. Conference League  ·  Anderlecht vs Red Bull ─────────────────────────────────────────╮
│ ┏━━━━━━━━━━━━┳━━━━━━━━━━┳━━━━━━━━━━━┳━━━━━━━━━━━━┳━━━━━━━━━━┳━━━━━━━━━━━┳━━━━━━━━━━━━┳━━━━━━━━━━━━━┓       │
│ ┃            ┃          ┃ total for ┃ winner for ┃          ┃ total for ┃ winner for ┃             ┃       │
│ ┃ Result     ┃ 1st half ┃ 1st half  ┃  1st half  ┃ 2nd half ┃ 2nd half  ┃  2nd half  ┃ final total ┃       │
│ ┡━━━━━━━━━━━━╇━━━━━━━━━━╇━━━━━━━━━━━╇━━━━━━━━━━━━╇━━━━━━━━━━╇━━━━━━━━━━━╇━━━━━━━━━━━━╇━━━━━━━━━━━━━┩       │
│ │ Anderlecht │        7 │    11     │     1X     │        5 │           │            │             │       │
│ │ Red Bull   │        4 │           │            │        6 │    11     │     2X     │     22      │       │
│ └────────────┴──────────┴───────────┴────────────┴──────────┴───────────┴────────────┴─────────────┘       │
╰───────────────────────────────────────────────────────────────────────────────────────────────── 22 goals ─╯

2026-09-13 12:43:43
╭─ RESULT  FC 25. 3x3. Conference League  ·  Fiorentina vs Heart of Midlothian ──────────────────────────────╮
│ ┏━━━━━━━━━━━━━━━━━━┳━━━━━━━━━━┳━━━━━━━━━━━┳━━━━━━━━━━━━┳━━━━━━━━━━┳━━━━━━━━━━━┳━━━━━━━━━━━━┳━━━━━━━━━━━━━┓ │
│ ┃                  ┃          ┃ total for ┃ winner for ┃          ┃ total for ┃ winner for ┃             ┃ │
│ ┃ Result           ┃ 1st half ┃ 1st half  ┃  1st half  ┃ 2nd half ┃ 2nd half  ┃  2nd half  ┃ final total ┃ │
│ ┡━━━━━━━━━━━━━━━━━━╇━━━━━━━━━━╇━━━━━━━━━━━╇━━━━━━━━━━━━╇━━━━━━━━━━╇━━━━━━━━━━━╇━━━━━━━━━━━━╇━━━━━━━━━━━━━┩ │
│ │ Fiorentina       │        2 │     3     │     1X     │        4 │           │            │             │ │
│ │ Heart of         │        1 │           │            │        1 │     5     │     1X     │      8      │ │
│ │ Midlothian       │          │           │            │          │           │            │             │ │
│ └──────────────────┴──────────┴───────────┴────────────┴──────────┴───────────┴────────────┴─────────────┘ │
│ W1 1.00 ✓  X 30.00  W2 1.00                                                                                │
╰────────────────────────────────────────────────────────────────────────────────────────────────── 8 goals ─╯

2026-09-13 12:55:31
╭─ RESULT  FC 25. 3x3. Conference League  ·  Villarreal vs West Ham United ──────────────────────────────────╮
│ ┏━━━━━━━━━━━━━━━━━┳━━━━━━━━━━┳━━━━━━━━━━━┳━━━━━━━━━━━━┳━━━━━━━━━━┳━━━━━━━━━━━┳━━━━━━━━━━━━┳━━━━━━━━━━━━━┓  │
│ ┃                 ┃          ┃ total for ┃ winner for ┃          ┃ total for ┃ winner for ┃             ┃  │
│ ┃ Result          ┃ 1st half ┃ 1st half  ┃  1st half  ┃ 2nd half ┃ 2nd half  ┃  2nd half  ┃ final total ┃  │
│ ┡━━━━━━━━━━━━━━━━━╇━━━━━━━━━━╇━━━━━━━━━━━╇━━━━━━━━━━━━╇━━━━━━━━━━╇━━━━━━━━━━━╇━━━━━━━━━━━━╇━━━━━━━━━━━━━┩  │
│ │ Villarreal      │        6 │     8     │     1X     │        4 │           │            │             │  │
│ │ West Ham United │        2 │           │            │        3 │     7     │     1X     │     15      │  │
│ └─────────────────┴──────────┴───────────┴────────────┴──────────┴───────────┴────────────┴─────────────┘  │
╰───────────────────────────────────────────────────────────────────────────────────────────────── 15 goals ─╯

2026-09-13 13:03:52
╭─ RESULT  FC 25. 3x3. Conference League  ·  Basel vs Borussia Monchengladbach ──────────────────────────────╮
│ ┏━━━━━━━━━━━━━━━━━━┳━━━━━━━━━━┳━━━━━━━━━━━┳━━━━━━━━━━━━┳━━━━━━━━━━┳━━━━━━━━━━━┳━━━━━━━━━━━━┳━━━━━━━━━━━━━┓ │
│ ┃                  ┃          ┃ total for ┃ winner for ┃          ┃ total for ┃ winner for ┃             ┃ │
│ ┃ Result           ┃ 1st half ┃ 1st half  ┃  1st half  ┃ 2nd half ┃ 2nd half  ┃  2nd half  ┃ final total ┃ │
│ ┡━━━━━━━━━━━━━━━━━━╇━━━━━━━━━━╇━━━━━━━━━━━╇━━━━━━━━━━━━╇━━━━━━━━━━╇━━━━━━━━━━━╇━━━━━━━━━━━━╇━━━━━━━━━━━━━┩ │
│ │ Basel            │        3 │     5     │     1X     │        0 │           │            │             │ │
│ │ Borussia         │        2 │           │            │        3 │     3     │     2X     │      8      │ │
│ │ Monchengladbach  │          │           │            │          │           │            │             │ │
│ └──────────────────┴──────────┴───────────┴────────────┴──────────┴───────────┴────────────┴─────────────┘ │
│ W1 30.00  X 19.00  W2 1.00 ✓                                                                               │
╰────────────────────────────────────────────────────────────────────────────────────────────────── 8 goals ─╯

2026-09-13 13:13:49
╭─ RESULT  FC 25. 3x3. Conference League  ·  Celta vs Chelsea ───────────────────────────────────────────────╮
│ ┏━━━━━━━━━┳━━━━━━━━━━┳━━━━━━━━━━━┳━━━━━━━━━━━━┳━━━━━━━━━━┳━━━━━━━━━━━┳━━━━━━━━━━━━┳━━━━━━━━━━━━━┓          │
│ ┃         ┃          ┃ total for ┃ winner for ┃          ┃ total for ┃ winner for ┃             ┃          │
│ ┃ Result  ┃ 1st half ┃ 1st half  ┃  1st half  ┃ 2nd half ┃ 2nd half  ┃  2nd half  ┃ final total ┃          │
│ ┡━━━━━━━━━╇━━━━━━━━━━╇━━━━━━━━━━━╇━━━━━━━━━━━━╇━━━━━━━━━━╇━━━━━━━━━━━╇━━━━━━━━━━━━╇━━━━━━━━━━━━━┩          │
│ │ Celta   │        2 │     4     │     X      │        1 │           │            │             │          │
│ │ Chelsea │        2 │           │            │        3 │     4     │     2X     │      8      │          │
│ └─────────┴──────────┴───────────┴────────────┴──────────┴───────────┴────────────┴─────────────┘          │
│ W1 17.00  X 4.27  W2 1.25 ✓                                                                                │
╰────────────────────────────────────────────────────────────────────────────────────────────────── 8 goals ─╯

2026-09-13 13:25:42
╭─ RESULT  FC 25. 3x3. Conference League  ·  Fenerbahce vs Roma ─────────────────────────────────────────────╮
│ ┏━━━━━━━━━━━━┳━━━━━━━━━━┳━━━━━━━━━━━┳━━━━━━━━━━━━┳━━━━━━━━━━┳━━━━━━━━━━━┳━━━━━━━━━━━━┳━━━━━━━━━━━━━┓       │
│ ┃            ┃          ┃ total for ┃ winner for ┃          ┃ total for ┃ winner for ┃             ┃       │
│ ┃ Result     ┃ 1st half ┃ 1st half  ┃  1st half  ┃ 2nd half ┃ 2nd half  ┃  2nd half  ┃ final total ┃       │
│ ┡━━━━━━━━━━━━╇━━━━━━━━━━╇━━━━━━━━━━━╇━━━━━━━━━━━━╇━━━━━━━━━━╇━━━━━━━━━━━╇━━━━━━━━━━━━╇━━━━━━━━━━━━━┩       │
│ │ Fenerbahce │        4 │     6     │     1X     │        3 │           │            │             │       │
│ │ Roma       │        2 │           │            │        5 │     8     │     2X     │     14      │       │
│ └────────────┴──────────┴───────────┴────────────┴──────────┴───────────┴────────────┴─────────────┘       │
╰───────────────────────────────────────────────────────────────────────────────────────────────── 14 goals ─╯

2026-09-13 13:35:37
╭─ RESULT  FC 25. 3x3. Conference League  ·  Olympiacos vs Eintracht Frankfurt ──────────────────────────────╮
│ ┏━━━━━━━━━━━━━━━━━━┳━━━━━━━━━━┳━━━━━━━━━━━┳━━━━━━━━━━━━┳━━━━━━━━━━┳━━━━━━━━━━━┳━━━━━━━━━━━━┳━━━━━━━━━━━━━┓ │
│ ┃                  ┃          ┃ total for ┃ winner for ┃          ┃ total for ┃ winner for ┃             ┃ │
│ ┃ Result           ┃ 1st half ┃ 1st half  ┃  1st half  ┃ 2nd half ┃ 2nd half  ┃  2nd half  ┃ final total ┃ │
│ ┡━━━━━━━━━━━━━━━━━━╇━━━━━━━━━━╇━━━━━━━━━━━╇━━━━━━━━━━━━╇━━━━━━━━━━╇━━━━━━━━━━━╇━━━━━━━━━━━━╇━━━━━━━━━━━━━┩ │
│ │ Olympiacos       │        2 │     9     │     2X     │        3 │           │            │             │ │
│ │ Eintracht        │        7 │           │            │        4 │     7     │     2X     │     16      │ │
│ │ Frankfurt        │          │           │            │          │           │            │             │ │
│ └──────────────────┴──────────┴───────────┴────────────┴──────────┴───────────┴────────────┴─────────────┘ │
╰───────────────────────────────────────────────────────────────────────────────────────────────── 16 goals ─╯

2026-09-13 13:45:17
╭─ RESULT  FC 25. 3x3. Conference League  ·  Lille OSC vs Nice ──────────────────────────────────────────────╮
│ ┏━━━━━━━━━━━┳━━━━━━━━━━┳━━━━━━━━━━━┳━━━━━━━━━━━━┳━━━━━━━━━━┳━━━━━━━━━━━┳━━━━━━━━━━━━┳━━━━━━━━━━━━━┓        │
│ ┃           ┃          ┃ total for ┃ winner for ┃          ┃ total for ┃ winner for ┃             ┃        │
│ ┃ Result    ┃ 1st half ┃ 1st half  ┃  1st half  ┃ 2nd half ┃ 2nd half  ┃  2nd half  ┃ final total ┃        │
│ ┡━━━━━━━━━━━╇━━━━━━━━━━╇━━━━━━━━━━━╇━━━━━━━━━━━━╇━━━━━━━━━━╇━━━━━━━━━━━╇━━━━━━━━━━━━╇━━━━━━━━━━━━━┩        │
│ │ Lille OSC │        3 │     7     │     2X     │        2 │           │            │             │        │
│ │ Nice      │        4 │           │            │        5 │     7     │     2X     │     14      │        │
│ └───────────┴──────────┴───────────┴────────────┴──────────┴───────────┴────────────┴─────────────┘        │
│ W1 30.00  X 30.00  W2 1.00 ✓                                                                               │
╰───────────────────────────────────────────────────────────────────────────────────────────────── 14 goals ─╯

2026-09-13 13:57:48
╭─ RESULT  FC 25. 3x3. Conference League  ·  Fenerbahce vs Olympiacos ───────────────────────────────────────╮
│ ┏━━━━━━━━━━━━┳━━━━━━━━━━┳━━━━━━━━━━━┳━━━━━━━━━━━━┳━━━━━━━━━━┳━━━━━━━━━━━┳━━━━━━━━━━━━┳━━━━━━━━━━━━━┓       │
│ ┃            ┃          ┃ total for ┃ winner for ┃          ┃ total for ┃ winner for ┃             ┃       │
│ ┃ Result     ┃ 1st half ┃ 1st half  ┃  1st half  ┃ 2nd half ┃ 2nd half  ┃  2nd half  ┃ final total ┃       │
│ ┡━━━━━━━━━━━━╇━━━━━━━━━━╇━━━━━━━━━━━╇━━━━━━━━━━━━╇━━━━━━━━━━╇━━━━━━━━━━━╇━━━━━━━━━━━━╇━━━━━━━━━━━━━┩       │
│ │ Fenerbahce │        5 │    10     │     X      │        5 │           │            │             │       │
│ │ Olympiacos │        5 │           │            │       10 │    15     │     2X     │     25      │       │
│ └────────────┴──────────┴───────────┴────────────┴──────────┴───────────┴────────────┴─────────────┘       │
╰───────────────────────────────────────────────────────────────────────────────────────────────── 25 goals ─╯

2026-09-13 14:05:51
╭─ RESULT  FC 25. 3x3. Conference League  ·  Celta vs Chelsea ───────────────────────────────────────────────╮
│ ┏━━━━━━━━━┳━━━━━━━━━━┳━━━━━━━━━━━┳━━━━━━━━━━━━┳━━━━━━━━━━┳━━━━━━━━━━━┳━━━━━━━━━━━━┳━━━━━━━━━━━━━┓          │
│ ┃         ┃          ┃ total for ┃ winner for ┃          ┃ total for ┃ winner for ┃             ┃          │
│ ┃ Result  ┃ 1st half ┃ 1st half  ┃  1st half  ┃ 2nd half ┃ 2nd half  ┃  2nd half  ┃ final total ┃          │
│ ┡━━━━━━━━━╇━━━━━━━━━━╇━━━━━━━━━━━╇━━━━━━━━━━━━╇━━━━━━━━━━╇━━━━━━━━━━━╇━━━━━━━━━━━━╇━━━━━━━━━━━━━┩          │
│ │ Celta   │        2 │     6     │     2X     │        7 │           │            │             │          │
│ │ Chelsea │        4 │           │            │        4 │    11     │     1X     │     17      │          │
│ └─────────┴──────────┴───────────┴────────────┴──────────┴───────────┴────────────┴─────────────┘          │
╰───────────────────────────────────────────────────────────────────────────────────────────────── 17 goals ─╯

2026-09-13 14:15:29
╭─ RESULT  FC 25. 3x3. Conference League  ·  Fiorentina vs Roma ─────────────────────────────────────────────╮
│ ┏━━━━━━━━━━━━┳━━━━━━━━━━┳━━━━━━━━━━━┳━━━━━━━━━━━━┳━━━━━━━━━━┳━━━━━━━━━━━┳━━━━━━━━━━━━┳━━━━━━━━━━━━━┓       │
│ ┃            ┃          ┃ total for ┃ winner for ┃          ┃ total for ┃ winner for ┃             ┃       │
│ ┃ Result     ┃ 1st half ┃ 1st half  ┃  1st half  ┃ 2nd half ┃ 2nd half  ┃  2nd half  ┃ final total ┃       │
│ ┡━━━━━━━━━━━━╇━━━━━━━━━━╇━━━━━━━━━━━╇━━━━━━━━━━━━╇━━━━━━━━━━╇━━━━━━━━━━━╇━━━━━━━━━━━━╇━━━━━━━━━━━━━┩       │
│ │ Fiorentina │        5 │     9     │     1X     │        3 │           │            │             │       │
│ │ Roma       │        4 │           │            │        2 │     5     │     1X     │     14      │       │
│ └────────────┴──────────┴───────────┴────────────┴──────────┴───────────┴────────────┴─────────────┘       │
╰───────────────────────────────────────────────────────────────────────────────────────────────── 14 goals ─╯

2026-09-13 14:25:11
╭─ RESULT  FC 25. 3x3. Conference League  ·  Anderlecht vs Heart of Midlothian ──────────────────────────────╮
│ ┏━━━━━━━━━━━━━━━━━━┳━━━━━━━━━━┳━━━━━━━━━━━┳━━━━━━━━━━━━┳━━━━━━━━━━┳━━━━━━━━━━━┳━━━━━━━━━━━━┳━━━━━━━━━━━━━┓ │
│ ┃                  ┃          ┃ total for ┃ winner for ┃          ┃ total for ┃ winner for ┃             ┃ │
│ ┃ Result           ┃ 1st half ┃ 1st half  ┃  1st half  ┃ 2nd half ┃ 2nd half  ┃  2nd half  ┃ final total ┃ │
│ ┡━━━━━━━━━━━━━━━━━━╇━━━━━━━━━━╇━━━━━━━━━━━╇━━━━━━━━━━━━╇━━━━━━━━━━╇━━━━━━━━━━━╇━━━━━━━━━━━━╇━━━━━━━━━━━━━┩ │
│ │ Anderlecht       │        8 │    11     │     1X     │        2 │           │            │             │ │
│ │ Heart of         │        3 │           │            │        1 │     3     │     1X     │     14      │ │
│ │ Midlothian       │          │           │            │          │           │            │             │ │
│ └──────────────────┴──────────┴───────────┴────────────┴──────────┴───────────┴────────────┴─────────────┘ │
╰───────────────────────────────────────────────────────────────────────────────────────────────── 14 goals ─╯

2026-09-13 14:36:18
╭─ RESULT  FC 25. 3x3. Conference League  ·  West Ham United vs Red Bull ────────────────────────────────────╮
│ ┏━━━━━━━━━━━━━━━━━┳━━━━━━━━━━┳━━━━━━━━━━━┳━━━━━━━━━━━━┳━━━━━━━━━━┳━━━━━━━━━━━┳━━━━━━━━━━━━┳━━━━━━━━━━━━━┓  │
│ ┃                 ┃          ┃ total for ┃ winner for ┃          ┃ total for ┃ winner for ┃             ┃  │
│ ┃ Result          ┃ 1st half ┃ 1st half  ┃  1st half  ┃ 2nd half ┃ 2nd half  ┃  2nd half  ┃ final total ┃  │
│ ┡━━━━━━━━━━━━━━━━━╇━━━━━━━━━━╇━━━━━━━━━━━╇━━━━━━━━━━━━╇━━━━━━━━━━╇━━━━━━━━━━━╇━━━━━━━━━━━━╇━━━━━━━━━━━━━┩  │
│ │ West Ham United │        6 │    10     │     1X     │        5 │           │            │             │  │
│ │ Red Bull        │        4 │           │            │        3 │     8     │     1X     │     18      │  │
│ └─────────────────┴──────────┴───────────┴────────────┴──────────┴───────────┴────────────┴─────────────┘  │
╰───────────────────────────────────────────────────────────────────────────────────────────────── 18 goals ─╯

2026-09-13 14:45:26
╭─ RESULT  FC 25. 3x3. Conference League  ·  Nice vs Lille OSC ──────────────────────────────────────────────╮
│ ┏━━━━━━━━━━━┳━━━━━━━━━━┳━━━━━━━━━━━┳━━━━━━━━━━━━┳━━━━━━━━━━┳━━━━━━━━━━━┳━━━━━━━━━━━━┳━━━━━━━━━━━━━┓        │
│ ┃           ┃          ┃ total for ┃ winner for ┃          ┃ total for ┃ winner for ┃             ┃        │
│ ┃ Result    ┃ 1st half ┃ 1st half  ┃  1st half  ┃ 2nd half ┃ 2nd half  ┃  2nd half  ┃ final total ┃        │
│ ┡━━━━━━━━━━━╇━━━━━━━━━━╇━━━━━━━━━━━╇━━━━━━━━━━━━╇━━━━━━━━━━╇━━━━━━━━━━━╇━━━━━━━━━━━━╇━━━━━━━━━━━━━┩        │
│ │ Nice      │        3 │     8     │     2X     │        4 │           │            │             │        │
│ │ Lille OSC │        5 │           │            │        3 │     7     │     1X     │     15      │        │
│ └───────────┴──────────┴───────────┴────────────┴──────────┴───────────┴────────────┴─────────────┘        │
╰───────────────────────────────────────────────────────────────────────────────────────────────── 15 goals ─╯

2026-09-13 14:55:30
╭─ RESULT  FC 25. 3x3. Conference League  ·  Villarreal vs Borussia Monchengladbach ─────────────────────────╮
│ ┏━━━━━━━━━━━━━━━━━━┳━━━━━━━━━━┳━━━━━━━━━━━┳━━━━━━━━━━━━┳━━━━━━━━━━┳━━━━━━━━━━━┳━━━━━━━━━━━━┳━━━━━━━━━━━━━┓ │
│ ┃                  ┃          ┃ total for ┃ winner for ┃          ┃ total for ┃ winner for ┃             ┃ │
│ ┃ Result           ┃ 1st half ┃ 1st half  ┃  1st half  ┃ 2nd half ┃ 2nd half  ┃  2nd half  ┃ final total ┃ │
│ ┡━━━━━━━━━━━━━━━━━━╇━━━━━━━━━━╇━━━━━━━━━━━╇━━━━━━━━━━━━╇━━━━━━━━━━╇━━━━━━━━━━━╇━━━━━━━━━━━━╇━━━━━━━━━━━━━┩ │
│ │ Villarreal       │        6 │     9     │     1X     │        2 │           │            │             │ │
│ │ Borussia         │        3 │           │            │        4 │     6     │     2X     │     15      │ │
│ │ Monchengladbach  │          │           │            │          │           │            │             │ │
│ └──────────────────┴──────────┴───────────┴────────────┴──────────┴───────────┴────────────┴─────────────┘ │
│ W1 1.28 ✓  X 4.06  W2 15.00                                                                                │
╰───────────────────────────────────────────────────────────────────────────────────────────────── 15 goals ─╯

2026-09-13 15:04:16
╭─ RESULT  FC 25. 3x3. Conference League  ·  Basel vs Braga ─────────────────────────────────────────────────╮
│ ┏━━━━━━━━┳━━━━━━━━━━┳━━━━━━━━━━━┳━━━━━━━━━━━━┳━━━━━━━━━━┳━━━━━━━━━━━┳━━━━━━━━━━━━┳━━━━━━━━━━━━━┓           │
│ ┃        ┃          ┃ total for ┃ winner for ┃          ┃ total for ┃ winner for ┃             ┃           │
│ ┃ Result ┃ 1st half ┃ 1st half  ┃  1st half  ┃ 2nd half ┃ 2nd half  ┃  2nd half  ┃ final total ┃           │
│ ┡━━━━━━━━╇━━━━━━━━━━╇━━━━━━━━━━━╇━━━━━━━━━━━━╇━━━━━━━━━━╇━━━━━━━━━━━╇━━━━━━━━━━━━╇━━━━━━━━━━━━━┩           │
│ │ Basel  │        2 │     5     │     2X     │        2 │           │            │             │           │
│ │ Braga  │        3 │           │            │        3 │     5     │     2X     │     10      │           │
│ └────────┴──────────┴───────────┴────────────┴──────────┴───────────┴────────────┴─────────────┘           │
│ W1 30.00  X 17.00  W2 1.00 ✓                                                                               │
╰───────────────────────────────────────────────────────────────────────────────────────────────── 10 goals ─╯

2026-09-13 15:13:50
╭─ RESULT  FC 25. 3x3. Conference League  ·  Eintracht Frankfurt vs AZ Alkmaar ──────────────────────────────╮
│ ┏━━━━━━━━━━━━━━━━━━┳━━━━━━━━━━┳━━━━━━━━━━━┳━━━━━━━━━━━━┳━━━━━━━━━━┳━━━━━━━━━━━┳━━━━━━━━━━━━┳━━━━━━━━━━━━━┓ │
│ ┃                  ┃          ┃ total for ┃ winner for ┃          ┃ total for ┃ winner for ┃             ┃ │
│ ┃ Result           ┃ 1st half ┃ 1st half  ┃  1st half  ┃ 2nd half ┃ 2nd half  ┃  2nd half  ┃ final total ┃ │
│ ┡━━━━━━━━━━━━━━━━━━╇━━━━━━━━━━╇━━━━━━━━━━━╇━━━━━━━━━━━━╇━━━━━━━━━━╇━━━━━━━━━━━╇━━━━━━━━━━━━╇━━━━━━━━━━━━━┩ │
│ │ Eintracht        │        3 │     5     │     1X     │        1 │           │            │             │ │
│ │ Frankfurt        │          │           │            │          │           │            │             │ │
│ │ AZ Alkmaar       │        2 │           │            │        1 │     2     │     X      │      7      │ │
│ └──────────────────┴──────────┴───────────┴────────────┴──────────┴───────────┴────────────┴─────────────┘ │
│ W1 1.26 ✓  X 4.26  W2 15.00                                                                                │
╰────────────────────────────────────────────────────────────────────────────────────────────────── 7 goals ─╯

2026-09-13 15:24:46
╭─ RESULT  FC 25. 3x3. Conference League  ·  Olympiacos vs AZ Alkmaar ───────────────────────────────────────╮
│ ┏━━━━━━━━━━━━┳━━━━━━━━━━┳━━━━━━━━━━━┳━━━━━━━━━━━━┳━━━━━━━━━━┳━━━━━━━━━━━┳━━━━━━━━━━━━┳━━━━━━━━━━━━━┓       │
│ ┃            ┃          ┃ total for ┃ winner for ┃          ┃ total for ┃ winner for ┃             ┃       │
│ ┃ Result     ┃ 1st half ┃ 1st half  ┃  1st half  ┃ 2nd half ┃ 2nd half  ┃  2nd half  ┃ final total ┃       │
│ ┡━━━━━━━━━━━━╇━━━━━━━━━━╇━━━━━━━━━━━╇━━━━━━━━━━━━╇━━━━━━━━━━╇━━━━━━━━━━━╇━━━━━━━━━━━━╇━━━━━━━━━━━━━┩       │
│ │ Olympiacos │        3 │     6     │     X      │        3 │           │            │             │       │
│ │ AZ Alkmaar │        3 │           │            │        3 │     6     │     X      │     12      │       │
│ └────────────┴──────────┴───────────┴────────────┴──────────┴───────────┴────────────┴─────────────┘       │
│ W1 3.14  X 2.21 ✓  W2 3.22                                                                                 │
╰───────────────────────────────────────────────────────────────────────────────────────────────── 12 goals ─╯

2026-09-13 15:36:30
╭─ RESULT  FC 25. 3x3. Conference League  ·  Braga vs Eintracht Frankfurt ───────────────────────────────────╮
│ ┏━━━━━━━━━━━━━━━━━━┳━━━━━━━━━━┳━━━━━━━━━━━┳━━━━━━━━━━━━┳━━━━━━━━━━┳━━━━━━━━━━━┳━━━━━━━━━━━━┳━━━━━━━━━━━━━┓ │
│ ┃                  ┃          ┃ total for ┃ winner for ┃          ┃ total for ┃ winner for ┃             ┃ │
│ ┃ Result           ┃ 1st half ┃ 1st half  ┃  1st half  ┃ 2nd half ┃ 2nd half  ┃  2nd half  ┃ final total ┃ │
│ ┡━━━━━━━━━━━━━━━━━━╇━━━━━━━━━━╇━━━━━━━━━━━╇━━━━━━━━━━━━╇━━━━━━━━━━╇━━━━━━━━━━━╇━━━━━━━━━━━━╇━━━━━━━━━━━━━┩ │
│ │ Braga            │        4 │     9     │     2X     │        7 │           │            │             │ │
│ │ Eintracht        │        5 │           │            │        4 │    11     │     1X     │     20      │ │
│ │ Frankfurt        │          │           │            │          │           │            │             │ │
│ └──────────────────┴──────────┴───────────┴────────────┴──────────┴───────────┴────────────┴─────────────┘ │
│ W1 1.30 ✓  X 4.04  W2 13.00                                                                                │
╰───────────────────────────────────────────────────────────────────────────────────────────────── 20 goals ─╯

2026-09-13 15:45:05
╭─ RESULT  FC 25. 3x3. Conference League  ·  Borussia Monchengladbach vs Basel ──────────────────────────────╮
│ ┏━━━━━━━━━━━━━━━━━━┳━━━━━━━━━━┳━━━━━━━━━━━┳━━━━━━━━━━━━┳━━━━━━━━━━┳━━━━━━━━━━━┳━━━━━━━━━━━━┳━━━━━━━━━━━━━┓ │
│ ┃                  ┃          ┃ total for ┃ winner for ┃          ┃ total for ┃ winner for ┃             ┃ │
│ ┃ Result           ┃ 1st half ┃ 1st half  ┃  1st half  ┃ 2nd half ┃ 2nd half  ┃  2nd half  ┃ final total ┃ │
│ ┡━━━━━━━━━━━━━━━━━━╇━━━━━━━━━━╇━━━━━━━━━━━╇━━━━━━━━━━━━╇━━━━━━━━━━╇━━━━━━━━━━━╇━━━━━━━━━━━━╇━━━━━━━━━━━━━┩ │
│ │ Borussia         │        1 │     2     │     X      │        6 │           │            │             │ │
│ │ Monchengladbach  │          │           │            │          │           │            │             │ │
│ │ Basel            │        1 │           │            │        5 │    11     │     1X     │     13      │ │
│ └──────────────────┴──────────┴───────────┴────────────┴──────────┴───────────┴────────────┴─────────────┘ │
╰───────────────────────────────────────────────────────────────────────────────────────────────── 13 goals ─╯

2026-09-13 15:55:32
╭─ RESULT  FC 25. 3x3. Conference League  ·  Lille OSC vs Villarreal ────────────────────────────────────────╮
│ ┏━━━━━━━━━━━━┳━━━━━━━━━━┳━━━━━━━━━━━┳━━━━━━━━━━━━┳━━━━━━━━━━┳━━━━━━━━━━━┳━━━━━━━━━━━━┳━━━━━━━━━━━━━┓       │
│ ┃            ┃          ┃ total for ┃ winner for ┃          ┃ total for ┃ winner for ┃             ┃       │
│ ┃ Result     ┃ 1st half ┃ 1st half  ┃  1st half  ┃ 2nd half ┃ 2nd half  ┃  2nd half  ┃ final total ┃       │
│ ┡━━━━━━━━━━━━╇━━━━━━━━━━╇━━━━━━━━━━━╇━━━━━━━━━━━━╇━━━━━━━━━━╇━━━━━━━━━━━╇━━━━━━━━━━━━╇━━━━━━━━━━━━━┩       │
│ │ Lille OSC  │        6 │     8     │     1X     │        3 │           │            │             │       │
│ │ Villarreal │        2 │           │            │        4 │     7     │     2X     │     15      │       │
│ └────────────┴──────────┴───────────┴────────────┴──────────┴───────────┴────────────┴─────────────┘       │
│ W1 1.00 ✓  X 30.00  W2 30.00                                                                               │
╰───────────────────────────────────────────────────────────────────────────────────────────────── 15 goals ─╯

2026-09-13 16:05:33
╭─ RESULT  FC 25. 3x3. Conference League  ·  Red Bull vs Nice ───────────────────────────────────────────────╮
│ ┏━━━━━━━━━━┳━━━━━━━━━━┳━━━━━━━━━━━┳━━━━━━━━━━━━┳━━━━━━━━━━┳━━━━━━━━━━━┳━━━━━━━━━━━━┳━━━━━━━━━━━━━┓         │
│ ┃          ┃          ┃ total for ┃ winner for ┃          ┃ total for ┃ winner for ┃             ┃         │
│ ┃ Result   ┃ 1st half ┃ 1st half  ┃  1st half  ┃ 2nd half ┃ 2nd half  ┃  2nd half  ┃ final total ┃         │
│ ┡━━━━━━━━━━╇━━━━━━━━━━╇━━━━━━━━━━━╇━━━━━━━━━━━━╇━━━━━━━━━━╇━━━━━━━━━━━╇━━━━━━━━━━━━╇━━━━━━━━━━━━━┩         │
│ │ Red Bull │        2 │     6     │     2X     │        6 │           │            │             │         │
│ │ Nice     │        4 │           │            │        2 │     8     │     1X     │     14      │         │
│ └──────────┴──────────┴───────────┴────────────┴──────────┴───────────┴────────────┴─────────────┘         │
╰───────────────────────────────────────────────────────────────────────────────────────────────── 14 goals ─╯

2026-09-13 16:15:17
╭─ RESULT  FC 25. 3x3. Conference League  ·  Heart of Midlothian vs West Ham United ─────────────────────────╮
│ ┏━━━━━━━━━━━━━━━━━━┳━━━━━━━━━━┳━━━━━━━━━━━┳━━━━━━━━━━━━┳━━━━━━━━━━┳━━━━━━━━━━━┳━━━━━━━━━━━━┳━━━━━━━━━━━━━┓ │
│ ┃                  ┃          ┃ total for ┃ winner for ┃          ┃ total for ┃ winner for ┃             ┃ │
│ ┃ Result           ┃ 1st half ┃ 1st half  ┃  1st half  ┃ 2nd half ┃ 2nd half  ┃  2nd half  ┃ final total ┃ │
│ ┡━━━━━━━━━━━━━━━━━━╇━━━━━━━━━━╇━━━━━━━━━━━╇━━━━━━━━━━━━╇━━━━━━━━━━╇━━━━━━━━━━━╇━━━━━━━━━━━━╇━━━━━━━━━━━━━┩ │
│ │ Heart of         │        3 │     6     │     X      │        1 │           │            │             │ │
│ │ Midlothian       │          │           │            │          │           │            │             │ │
│ │ West Ham United  │        3 │           │            │        7 │     8     │     2X     │     14      │ │
│ └──────────────────┴──────────┴───────────┴────────────┴──────────┴───────────┴────────────┴─────────────┘ │
│ W1 1.00  X 30.00  W2 1.00 ✓                                                                                │
╰───────────────────────────────────────────────────────────────────────────────────────────────── 14 goals ─╯

2026-09-13 21:44:35
╭─ RESULT  FC 25. 3x3. Conference League  ·  Red Bull vs AZ Alkmaar ─────────────────────────────────────────╮
│ ┏━━━━━━━━━━━━┳━━━━━━━━━━┳━━━━━━━━━━━┳━━━━━━━━━━━━┳━━━━━━━━━━┳━━━━━━━━━━━┳━━━━━━━━━━━━┳━━━━━━━━━━━━━┓       │
│ ┃            ┃          ┃ total for ┃ winner for ┃          ┃ total for ┃ winner for ┃             ┃       │
│ ┃ Result     ┃ 1st half ┃ 1st half  ┃  1st half  ┃ 2nd half ┃ 2nd half  ┃  2nd half  ┃ final total ┃       │
│ ┡━━━━━━━━━━━━╇━━━━━━━━━━╇━━━━━━━━━━━╇━━━━━━━━━━━━╇━━━━━━━━━━╇━━━━━━━━━━━╇━━━━━━━━━━━━╇━━━━━━━━━━━━━┩       │
│ │ Red Bull   │        5 │     8     │     1X     │        3 │           │            │             │       │
│ │ AZ Alkmaar │        3 │           │            │        2 │     5     │     1X     │     13      │       │
│ └────────────┴──────────┴───────────┴────────────┴──────────┴───────────┴────────────┴─────────────┘       │
╰───────────────────────────────────────────────────────────────────────────────────────────────── 13 goals ─╯

2026-09-13 21:54:32
╭─ RESULT  FC 25. 3x3. Conference League  ·  Heart of Midlothian vs Eintracht Frankfurt ─────────────────────╮
│ ┏━━━━━━━━━━━━━━━━━━┳━━━━━━━━━━┳━━━━━━━━━━━┳━━━━━━━━━━━━┳━━━━━━━━━━┳━━━━━━━━━━━┳━━━━━━━━━━━━┳━━━━━━━━━━━━━┓ │
│ ┃                  ┃          ┃ total for ┃ winner for ┃          ┃ total for ┃ winner for ┃             ┃ │
│ ┃ Result           ┃ 1st half ┃ 1st half  ┃  1st half  ┃ 2nd half ┃ 2nd half  ┃  2nd half  ┃ final total ┃ │
│ ┡━━━━━━━━━━━━━━━━━━╇━━━━━━━━━━╇━━━━━━━━━━━╇━━━━━━━━━━━━╇━━━━━━━━━━╇━━━━━━━━━━━╇━━━━━━━━━━━━╇━━━━━━━━━━━━━┩ │
│ │ Heart of         │        3 │     8     │     2X     │        2 │           │            │             │ │
│ │ Midlothian       │          │           │            │          │           │            │             │ │
│ │ Eintracht        │        5 │           │            │        2 │     4     │     X      │     12      │ │
│ │ Frankfurt        │          │           │            │          │           │            │             │ │
│ └──────────────────┴──────────┴───────────┴────────────┴──────────┴───────────┴────────────┴─────────────┘ │
│ W1 30.00  X 19.00  W2 1.00 ✓                                                                               │
╰───────────────────────────────────────────────────────────────────────────────────────────────── 12 goals ─╯

2026-09-13 22:05:38
╭─ RESULT  FC 25. 3x3. Conference League  ·  Roma vs Basel ──────────────────────────────────────────────────╮
│ ┏━━━━━━━━┳━━━━━━━━━━┳━━━━━━━━━━━┳━━━━━━━━━━━━┳━━━━━━━━━━┳━━━━━━━━━━━┳━━━━━━━━━━━━┳━━━━━━━━━━━━━┓           │
│ ┃        ┃          ┃ total for ┃ winner for ┃          ┃ total for ┃ winner for ┃             ┃           │
│ ┃ Result ┃ 1st half ┃ 1st half  ┃  1st half  ┃ 2nd half ┃ 2nd half  ┃  2nd half  ┃ final total ┃           │
│ ┡━━━━━━━━╇━━━━━━━━━━╇━━━━━━━━━━━╇━━━━━━━━━━━━╇━━━━━━━━━━╇━━━━━━━━━━━╇━━━━━━━━━━━━╇━━━━━━━━━━━━━┩           │
│ │ Roma   │        4 │     9     │     2X     │        3 │           │            │             │           │
│ │ Basel  │        5 │           │            │        4 │     7     │     2X     │     16      │           │
│ └────────┴──────────┴───────────┴────────────┴──────────┴───────────┴────────────┴─────────────┘           │
│ W1 8.64  X 3.57  W2 1.45 ✓                                                                                 │
╰───────────────────────────────────────────────────────────────────────────────────────────────── 16 goals ─╯

2026-09-13 22:55:32
╭─ RESULT  FC 25. 3x3. Conference League  ·  Anderlecht vs Olympiacos ───────────────────────────────────────╮
│ ┏━━━━━━━━━━━━┳━━━━━━━━━━┳━━━━━━━━━━━┳━━━━━━━━━━━━┳━━━━━━━━━━┳━━━━━━━━━━━┳━━━━━━━━━━━━┳━━━━━━━━━━━━━┓       │
│ ┃            ┃          ┃ total for ┃ winner for ┃          ┃ total for ┃ winner for ┃             ┃       │
│ ┃ Result     ┃ 1st half ┃ 1st half  ┃  1st half  ┃ 2nd half ┃ 2nd half  ┃  2nd half  ┃ final total ┃       │
│ ┡━━━━━━━━━━━━╇━━━━━━━━━━╇━━━━━━━━━━━╇━━━━━━━━━━━━╇━━━━━━━━━━╇━━━━━━━━━━━╇━━━━━━━━━━━━╇━━━━━━━━━━━━━┩       │
│ │ Anderlecht │        3 │     9     │     2X     │        2 │           │            │             │       │
│ │ Olympiacos │        6 │           │            │        3 │     5     │     2X     │     14      │       │
│ └────────────┴──────────┴───────────┴────────────┴──────────┴───────────┴────────────┴─────────────┘       │
│ W1 1.00  X 30.00  W2 1.00 ✓                                                                                │
╰───────────────────────────────────────────────────────────────────────────────────────────────── 14 goals ─╯

2026-09-13 23:25:53
╭─ RESULT  FC 25. 3x3. Conference League  ·  Villarreal vs Fenerbahce ───────────────────────────────────────╮
│ ┏━━━━━━━━━━━━┳━━━━━━━━━━┳━━━━━━━━━━━┳━━━━━━━━━━━━┳━━━━━━━━━━┳━━━━━━━━━━━┳━━━━━━━━━━━━┳━━━━━━━━━━━━━┓       │
│ ┃            ┃          ┃ total for ┃ winner for ┃          ┃ total for ┃ winner for ┃             ┃       │
│ ┃ Result     ┃ 1st half ┃ 1st half  ┃  1st half  ┃ 2nd half ┃ 2nd half  ┃  2nd half  ┃ final total ┃       │
│ ┡━━━━━━━━━━━━╇━━━━━━━━━━╇━━━━━━━━━━━╇━━━━━━━━━━━━╇━━━━━━━━━━╇━━━━━━━━━━━╇━━━━━━━━━━━━╇━━━━━━━━━━━━━┩       │
│ │ Villarreal │        6 │     8     │     1X     │        3 │           │            │             │       │
│ │ Fenerbahce │        2 │           │            │        4 │     7     │     2X     │     15      │       │
│ └────────────┴──────────┴───────────┴────────────┴──────────┴───────────┴────────────┴─────────────┘       │
╰───────────────────────────────────────────────────────────────────────────────────────────────── 15 goals ─╯

2026-09-13 23:36:34
╭─ RESULT  FC 25. 3x3. Conference League  ·  Basel vs Chelsea ───────────────────────────────────────────────╮
│ ┏━━━━━━━━━┳━━━━━━━━━━┳━━━━━━━━━━━┳━━━━━━━━━━━━┳━━━━━━━━━━┳━━━━━━━━━━━┳━━━━━━━━━━━━┳━━━━━━━━━━━━━┓          │
│ ┃         ┃          ┃ total for ┃ winner for ┃          ┃ total for ┃ winner for ┃             ┃          │
│ ┃ Result  ┃ 1st half ┃ 1st half  ┃  1st half  ┃ 2nd half ┃ 2nd half  ┃  2nd half  ┃ final total ┃          │
│ ┡━━━━━━━━━╇━━━━━━━━━━╇━━━━━━━━━━━╇━━━━━━━━━━━━╇━━━━━━━━━━╇━━━━━━━━━━━╇━━━━━━━━━━━━╇━━━━━━━━━━━━━┩          │
│ │ Basel   │        2 │     7     │     2X     │        5 │           │            │             │          │
│ │ Chelsea │        5 │           │            │        7 │    12     │     2X     │     19      │          │
│ └─────────┴──────────┴───────────┴────────────┴──────────┴───────────┴────────────┴─────────────┘          │
╰───────────────────────────────────────────────────────────────────────────────────────────────── 19 goals ─╯

2026-09-13 23:44:42
╭─ RESULT  FC 25. 3x3. Conference League  ·  Eintracht Frankfurt vs Roma ────────────────────────────────────╮
│ ┏━━━━━━━━━━━━━━━━━━┳━━━━━━━━━━┳━━━━━━━━━━━┳━━━━━━━━━━━━┳━━━━━━━━━━┳━━━━━━━━━━━┳━━━━━━━━━━━━┳━━━━━━━━━━━━━┓ │
│ ┃                  ┃          ┃ total for ┃ winner for ┃          ┃ total for ┃ winner for ┃             ┃ │
│ ┃ Result           ┃ 1st half ┃ 1st half  ┃  1st half  ┃ 2nd half ┃ 2nd half  ┃  2nd half  ┃ final total ┃ │
│ ┡━━━━━━━━━━━━━━━━━━╇━━━━━━━━━━╇━━━━━━━━━━━╇━━━━━━━━━━━━╇━━━━━━━━━━╇━━━━━━━━━━━╇━━━━━━━━━━━━╇━━━━━━━━━━━━━┩ │
│ │ Eintracht        │        4 │     7     │     1X     │        2 │           │            │             │ │
│ │ Frankfurt        │          │           │            │          │           │            │             │ │
│ │ Roma             │        3 │           │            │        3 │     5     │     2X     │     12      │ │
│ └──────────────────┴──────────┴───────────┴────────────┴──────────┴───────────┴────────────┴─────────────┘ │
╰───────────────────────────────────────────────────────────────────────────────────────────────── 12 goals ─╯

2026-09-13 23:55:45
╭─ RESULT  FC 25. 3x3. Conference League  ·  AZ Alkmaar vs Heart of Midlothian ──────────────────────────────╮
│ ┏━━━━━━━━━━━━━━━━━━┳━━━━━━━━━━┳━━━━━━━━━━━┳━━━━━━━━━━━━┳━━━━━━━━━━┳━━━━━━━━━━━┳━━━━━━━━━━━━┳━━━━━━━━━━━━━┓ │
│ ┃                  ┃          ┃ total for ┃ winner for ┃          ┃ total for ┃ winner for ┃             ┃ │
│ ┃ Result           ┃ 1st half ┃ 1st half  ┃  1st half  ┃ 2nd half ┃ 2nd half  ┃  2nd half  ┃ final total ┃ │
│ ┡━━━━━━━━━━━━━━━━━━╇━━━━━━━━━━╇━━━━━━━━━━━╇━━━━━━━━━━━━╇━━━━━━━━━━╇━━━━━━━━━━━╇━━━━━━━━━━━━╇━━━━━━━━━━━━━┩ │
│ │ AZ Alkmaar       │        4 │     8     │     X      │        4 │           │            │             │ │
│ │ Heart of         │        4 │           │            │        3 │     7     │     1X     │     15      │ │
│ │ Midlothian       │          │           │            │          │           │            │             │ │
│ └──────────────────┴──────────┴───────────┴────────────┴──────────┴───────────┴────────────┴─────────────┘ │
╰───────────────────────────────────────────────────────────────────────────────────────────────── 15 goals ─╯

2026-09-14 00:06:22
╭─ RESULT  FC 25. 3x3. Conference League  ·  Braga vs Red Bull ──────────────────────────────────────────────╮
│ ┏━━━━━━━━━━┳━━━━━━━━━━┳━━━━━━━━━━━┳━━━━━━━━━━━━┳━━━━━━━━━━┳━━━━━━━━━━━┳━━━━━━━━━━━━┳━━━━━━━━━━━━━┓         │
│ ┃          ┃          ┃ total for ┃ winner for ┃          ┃ total for ┃ winner for ┃             ┃         │
│ ┃ Result   ┃ 1st half ┃ 1st half  ┃  1st half  ┃ 2nd half ┃ 2nd half  ┃  2nd half  ┃ final total ┃         │
│ ┡━━━━━━━━━━╇━━━━━━━━━━╇━━━━━━━━━━━╇━━━━━━━━━━━━╇━━━━━━━━━━╇━━━━━━━━━━━╇━━━━━━━━━━━━╇━━━━━━━━━━━━━┩         │
│ │ Braga    │        1 │    10     │     2X     │        4 │           │            │             │         │
│ │ Red Bull │        9 │           │            │        4 │     8     │     X      │     18      │         │
│ └──────────┴──────────┴───────────┴────────────┴──────────┴───────────┴────────────┴─────────────┘         │
╰───────────────────────────────────────────────────────────────────────────────────────────────── 18 goals ─╯

2026-09-14 00:15:08
╭─ RESULT  FC 25. 3x3. Conference League  ·  Borussia Monchengladbach vs Lille OSC ──────────────────────────╮
│ ┏━━━━━━━━━━━━━━━━━━┳━━━━━━━━━━┳━━━━━━━━━━━┳━━━━━━━━━━━━┳━━━━━━━━━━┳━━━━━━━━━━━┳━━━━━━━━━━━━┳━━━━━━━━━━━━━┓ │
│ ┃                  ┃          ┃ total for ┃ winner for ┃          ┃ total for ┃ winner for ┃             ┃ │
│ ┃ Result           ┃ 1st half ┃ 1st half  ┃  1st half  ┃ 2nd half ┃ 2nd half  ┃  2nd half  ┃ final total ┃ │
│ ┡━━━━━━━━━━━━━━━━━━╇━━━━━━━━━━╇━━━━━━━━━━━╇━━━━━━━━━━━━╇━━━━━━━━━━╇━━━━━━━━━━━╇━━━━━━━━━━━━╇━━━━━━━━━━━━━┩ │
│ │ Borussia         │        5 │     8     │     1X     │        2 │           │            │             │ │
│ │ Monchengladbach  │          │           │            │          │           │            │             │ │
│ │ Lille OSC        │        3 │           │            │        4 │     6     │     2X     │     14      │ │
│ └──────────────────┴──────────┴───────────┴────────────┴──────────┴───────────┴────────────┴─────────────┘ │
│ W1 1.31  X 3.99 ✓  W2 12.00                                                                                │
╰───────────────────────────────────────────────────────────────────────────────────────────────── 14 goals ─╯

2026-09-14 00:25:13
╭─ RESULT  FC 25. 3x3. Conference League  ·  Olympiacos vs Lille OSC ────────────────────────────────────────╮
│ ┏━━━━━━━━━━━━┳━━━━━━━━━━┳━━━━━━━━━━━┳━━━━━━━━━━━━┳━━━━━━━━━━┳━━━━━━━━━━━┳━━━━━━━━━━━━┳━━━━━━━━━━━━━┓       │
│ ┃            ┃          ┃ total for ┃ winner for ┃          ┃ total for ┃ winner for ┃             ┃       │
│ ┃ Result     ┃ 1st half ┃ 1st half  ┃  1st half  ┃ 2nd half ┃ 2nd half  ┃  2nd half  ┃ final total ┃       │
│ ┡━━━━━━━━━━━━╇━━━━━━━━━━╇━━━━━━━━━━━╇━━━━━━━━━━━━╇━━━━━━━━━━╇━━━━━━━━━━━╇━━━━━━━━━━━━╇━━━━━━━━━━━━━┩       │
│ │ Olympiacos │        4 │     7     │     1X     │        4 │           │            │             │       │
│ │ Lille OSC  │        3 │           │            │        3 │     7     │     1X     │     14      │       │
│ └────────────┴──────────┴───────────┴────────────┴──────────┴───────────┴────────────┴─────────────┘       │
│ W1 1.00 ✓  X 18.00  W2 30.00                                                                               │
╰───────────────────────────────────────────────────────────────────────────────────────────────── 14 goals ─╯

2026-09-14 00:35:50
╭─ RESULT  FC 25. 3x3. Conference League  ·  Red Bull vs Borussia Monchengladbach ───────────────────────────╮
│ ┏━━━━━━━━━━━━━━━━━━┳━━━━━━━━━━┳━━━━━━━━━━━┳━━━━━━━━━━━━┳━━━━━━━━━━┳━━━━━━━━━━━┳━━━━━━━━━━━━┳━━━━━━━━━━━━━┓ │
│ ┃                  ┃          ┃ total for ┃ winner for ┃          ┃ total for ┃ winner for ┃             ┃ │
│ ┃ Result           ┃ 1st half ┃ 1st half  ┃  1st half  ┃ 2nd half ┃ 2nd half  ┃  2nd half  ┃ final total ┃ │
│ ┡━━━━━━━━━━━━━━━━━━╇━━━━━━━━━━╇━━━━━━━━━━━╇━━━━━━━━━━━━╇━━━━━━━━━━╇━━━━━━━━━━━╇━━━━━━━━━━━━╇━━━━━━━━━━━━━┩ │
│ │ Red Bull         │        5 │    10     │     X      │        5 │           │            │             │ │
│ │ Borussia         │        5 │           │            │        3 │     8     │     1X     │     18      │ │
│ │ Monchengladbach  │          │           │            │          │           │            │             │ │
│ └──────────────────┴──────────┴───────────┴────────────┴──────────┴───────────┴────────────┴─────────────┘ │
│ W1 1.00 ✓  X 18.00  W2 30.00                                                                               │
╰───────────────────────────────────────────────────────────────────────────────────────────────── 18 goals ─╯

2026-09-14 00:44:19
╭─ RESULT  FC 25. 3x3. Conference League  ·  Heart of Midlothian vs Braga ───────────────────────────────────╮
│ ┏━━━━━━━━━━━━━━━━━━┳━━━━━━━━━━┳━━━━━━━━━━━┳━━━━━━━━━━━━┳━━━━━━━━━━┳━━━━━━━━━━━┳━━━━━━━━━━━━┳━━━━━━━━━━━━━┓ │
│ ┃                  ┃          ┃ total for ┃ winner for ┃          ┃ total for ┃ winner for ┃             ┃ │
│ ┃ Result           ┃ 1st half ┃ 1st half  ┃  1st half  ┃ 2nd half ┃ 2nd half  ┃  2nd half  ┃ final total ┃ │
│ ┡━━━━━━━━━━━━━━━━━━╇━━━━━━━━━━╇━━━━━━━━━━━╇━━━━━━━━━━━━╇━━━━━━━━━━╇━━━━━━━━━━━╇━━━━━━━━━━━━╇━━━━━━━━━━━━━┩ │
│ │ Heart of         │        5 │     5     │     1X     │        2 │           │            │             │ │
│ │ Midlothian       │          │           │            │          │           │            │             │ │
│ │ Braga            │        0 │           │            │        3 │     5     │     2X     │     10      │ │
│ └──────────────────┴──────────┴───────────┴────────────┴──────────┴───────────┴────────────┴─────────────┘ │
│ W1 1.00 ✓  X 30.00  W2 1.00                                                                                │
╰───────────────────────────────────────────────────────────────────────────────────────────────── 10 goals ─╯

2026-09-14 00:54:27
╭─ RESULT  FC 25. 3x3. Conference League  ·  Roma vs AZ Alkmaar ─────────────────────────────────────────────╮
│ ┏━━━━━━━━━━━━┳━━━━━━━━━━┳━━━━━━━━━━━┳━━━━━━━━━━━━┳━━━━━━━━━━┳━━━━━━━━━━━┳━━━━━━━━━━━━┳━━━━━━━━━━━━━┓       │
│ ┃            ┃          ┃ total for ┃ winner for ┃          ┃ total for ┃ winner for ┃             ┃       │
│ ┃ Result     ┃ 1st half ┃ 1st half  ┃  1st half  ┃ 2nd half ┃ 2nd half  ┃  2nd half  ┃ final total ┃       │
│ ┡━━━━━━━━━━━━╇━━━━━━━━━━╇━━━━━━━━━━━╇━━━━━━━━━━━━╇━━━━━━━━━━╇━━━━━━━━━━━╇━━━━━━━━━━━━╇━━━━━━━━━━━━━┩       │
│ │ Roma       │        6 │     9     │     1X     │        2 │           │            │             │       │
│ │ AZ Alkmaar │        3 │           │            │        3 │     5     │     2X     │     14      │       │
│ └────────────┴──────────┴───────────┴────────────┴──────────┴───────────┴────────────┴─────────────┘       │
│ W1 1.00 ✓  X 30.00  W2 30.00                                                                               │
╰───────────────────────────────────────────────────────────────────────────────────────────────── 14 goals ─╯

2026-09-14 01:04:30
╭─ RESULT  FC 25. 3x3. Conference League  ·  Chelsea vs Eintracht Frankfurt ─────────────────────────────────╮
│ ┏━━━━━━━━━━━━━━━━━━┳━━━━━━━━━━┳━━━━━━━━━━━┳━━━━━━━━━━━━┳━━━━━━━━━━┳━━━━━━━━━━━┳━━━━━━━━━━━━┳━━━━━━━━━━━━━┓ │
│ ┃                  ┃          ┃ total for ┃ winner for ┃          ┃ total for ┃ winner for ┃             ┃ │
│ ┃ Result           ┃ 1st half ┃ 1st half  ┃  1st half  ┃ 2nd half ┃ 2nd half  ┃  2nd half  ┃ final total ┃ │
│ ┡━━━━━━━━━━━━━━━━━━╇━━━━━━━━━━╇━━━━━━━━━━━╇━━━━━━━━━━━━╇━━━━━━━━━━╇━━━━━━━━━━━╇━━━━━━━━━━━━╇━━━━━━━━━━━━━┩ │
│ │ Chelsea          │        2 │     2     │     1X     │        6 │           │            │             │ │
│ │ Eintracht        │        0 │           │            │        2 │     8     │     1X     │     10      │ │
│ │ Frankfurt        │          │           │            │          │           │            │             │ │
│ └──────────────────┴──────────┴───────────┴────────────┴──────────┴───────────┴────────────┴─────────────┘ │
╰───────────────────────────────────────────────────────────────────────────────────────────────── 10 goals ─╯

2026-09-14 01:14:28
╭─ RESULT  FC 25. 3x3. Conference League  ·  Fenerbahce vs Basel ────────────────────────────────────────────╮
│ ┏━━━━━━━━━━━━┳━━━━━━━━━━┳━━━━━━━━━━━┳━━━━━━━━━━━━┳━━━━━━━━━━┳━━━━━━━━━━━┳━━━━━━━━━━━━┳━━━━━━━━━━━━━┓       │
│ ┃            ┃          ┃ total for ┃ winner for ┃          ┃ total for ┃ winner for ┃             ┃       │
│ ┃ Result     ┃ 1st half ┃ 1st half  ┃  1st half  ┃ 2nd half ┃ 2nd half  ┃  2nd half  ┃ final total ┃       │
│ ┡━━━━━━━━━━━━╇━━━━━━━━━━╇━━━━━━━━━━━╇━━━━━━━━━━━━╇━━━━━━━━━━╇━━━━━━━━━━━╇━━━━━━━━━━━━╇━━━━━━━━━━━━━┩       │
│ │ Fenerbahce │        5 │     6     │     1X     │        3 │           │            │             │       │
│ │ Basel      │        1 │           │            │        3 │     6     │     X      │     12      │       │
│ └────────────┴──────────┴───────────┴────────────┴──────────┴───────────┴────────────┴─────────────┘       │
╰───────────────────────────────────────────────────────────────────────────────────────────────── 12 goals ─╯

2026-09-14 01:26:01
╭─ RESULT  FC 25. 3x3. Conference League  ·  Celta vs Villarreal ────────────────────────────────────────────╮
│ ┏━━━━━━━━━━━━┳━━━━━━━━━━┳━━━━━━━━━━━┳━━━━━━━━━━━━┳━━━━━━━━━━┳━━━━━━━━━━━┳━━━━━━━━━━━━┳━━━━━━━━━━━━━┓       │
│ ┃            ┃          ┃ total for ┃ winner for ┃          ┃ total for ┃ winner for ┃             ┃       │
│ ┃ Result     ┃ 1st half ┃ 1st half  ┃  1st half  ┃ 2nd half ┃ 2nd half  ┃  2nd half  ┃ final total ┃       │
│ ┡━━━━━━━━━━━━╇━━━━━━━━━━╇━━━━━━━━━━━╇━━━━━━━━━━━━╇━━━━━━━━━━╇━━━━━━━━━━━╇━━━━━━━━━━━━╇━━━━━━━━━━━━━┩       │
│ │ Celta      │        3 │    12     │     2X     │        1 │           │            │             │       │
│ │ Villarreal │        9 │           │            │        4 │     5     │     2X     │     17      │       │
│ └────────────┴──────────┴───────────┴────────────┴──────────┴───────────┴────────────┴─────────────┘       │
╰───────────────────────────────────────────────────────────────────────────────────────────────── 17 goals ─╯

2026-09-14 01:34:14
╭─ RESULT  FC 25. 3x3. Conference League  ·  Fiorentina vs Nice ─────────────────────────────────────────────╮
│ ┏━━━━━━━━━━━━┳━━━━━━━━━━┳━━━━━━━━━━━┳━━━━━━━━━━━━┳━━━━━━━━━━┳━━━━━━━━━━━┳━━━━━━━━━━━━┳━━━━━━━━━━━━━┓       │
│ ┃            ┃          ┃ total for ┃ winner for ┃          ┃ total for ┃ winner for ┃             ┃       │
│ ┃ Result     ┃ 1st half ┃ 1st half  ┃  1st half  ┃ 2nd half ┃ 2nd half  ┃  2nd half  ┃ final total ┃       │
│ ┡━━━━━━━━━━━━╇━━━━━━━━━━╇━━━━━━━━━━━╇━━━━━━━━━━━━╇━━━━━━━━━━╇━━━━━━━━━━━╇━━━━━━━━━━━━╇━━━━━━━━━━━━━┩       │
│ │ Fiorentina │        1 │     3     │     2X     │        3 │           │            │             │       │
│ │ Nice       │        2 │           │            │        4 │     7     │     2X     │     10      │       │
│ └────────────┴──────────┴───────────┴────────────┴──────────┴───────────┴────────────┴─────────────┘       │
│ W1 30.00  X 13.00  W2 1.00 ✓                                                                               │
╰───────────────────────────────────────────────────────────────────────────────────────────────── 10 goals ─╯

2026-09-14 01:46:38
╭─ RESULT  FC 25. 3x3. Conference League  ·  Anderlecht vs West Ham United ──────────────────────────────────╮
│ ┏━━━━━━━━━━━━━━━━━┳━━━━━━━━━━┳━━━━━━━━━━━┳━━━━━━━━━━━━┳━━━━━━━━━━┳━━━━━━━━━━━┳━━━━━━━━━━━━┳━━━━━━━━━━━━━┓  │
│ ┃                 ┃          ┃ total for ┃ winner for ┃          ┃ total for ┃ winner for ┃             ┃  │
│ ┃ Result          ┃ 1st half ┃ 1st half  ┃  1st half  ┃ 2nd half ┃ 2nd half  ┃  2nd half  ┃ final total ┃  │
│ ┡━━━━━━━━━━━━━━━━━╇━━━━━━━━━━╇━━━━━━━━━━━╇━━━━━━━━━━━━╇━━━━━━━━━━╇━━━━━━━━━━━╇━━━━━━━━━━━━╇━━━━━━━━━━━━━┩  │
│ │ Anderlecht      │        4 │     7     │     1X     │        9 │           │            │             │  │
│ │ West Ham United │        3 │           │            │        5 │    14     │     1X     │     21      │  │
│ └─────────────────┴──────────┴───────────┴────────────┴──────────┴───────────┴────────────┴─────────────┘  │
╰───────────────────────────────────────────────────────────────────────────────────────────────── 21 goals ─╯

2026-09-14 03:14:38
╭─ RESULT  FC 25. 3x3. Conference League  ·  Lille OSC vs Red Bull ──────────────────────────────────────────╮
│ ┏━━━━━━━━━━━┳━━━━━━━━━━┳━━━━━━━━━━━┳━━━━━━━━━━━━┳━━━━━━━━━━┳━━━━━━━━━━━┳━━━━━━━━━━━━┳━━━━━━━━━━━━━┓        │
│ ┃           ┃          ┃ total for ┃ winner for ┃          ┃ total for ┃ winner for ┃             ┃        │
│ ┃ Result    ┃ 1st half ┃ 1st half  ┃  1st half  ┃ 2nd half ┃ 2nd half  ┃  2nd half  ┃ final total ┃        │
│ ┡━━━━━━━━━━━╇━━━━━━━━━━╇━━━━━━━━━━━╇━━━━━━━━━━━━╇━━━━━━━━━━╇━━━━━━━━━━━╇━━━━━━━━━━━━╇━━━━━━━━━━━━━┩        │
│ │ Lille OSC │        2 │     5     │     2X     │        5 │           │            │             │        │
│ │ Red Bull  │        3 │           │            │        2 │     7     │     1X     │     12      │        │
│ └───────────┴──────────┴───────────┴────────────┴──────────┴───────────┴────────────┴─────────────┘        │
│ W1 1.29 ✓  X 4.11  W2 13.00                                                                                │
╰───────────────────────────────────────────────────────────────────────────────────────────────── 12 goals ─╯

2026-09-14 03:24:33
╭─ RESULT  FC 25. 3x3. Conference League  ·  Olympiacos vs Red Bull ─────────────────────────────────────────╮
│ ┏━━━━━━━━━━━━┳━━━━━━━━━━┳━━━━━━━━━━━┳━━━━━━━━━━━━┳━━━━━━━━━━┳━━━━━━━━━━━┳━━━━━━━━━━━━┳━━━━━━━━━━━━━┓       │
│ ┃            ┃          ┃ total for ┃ winner for ┃          ┃ total for ┃ winner for ┃             ┃       │
│ ┃ Result     ┃ 1st half ┃ 1st half  ┃  1st half  ┃ 2nd half ┃ 2nd half  ┃  2nd half  ┃ final total ┃       │
│ ┡━━━━━━━━━━━━╇━━━━━━━━━━╇━━━━━━━━━━━╇━━━━━━━━━━━━╇━━━━━━━━━━╇━━━━━━━━━━━╇━━━━━━━━━━━━╇━━━━━━━━━━━━━┩       │
│ │ Olympiacos │        2 │     4     │     X      │        5 │           │            │             │       │
│ │ Red Bull   │        2 │           │            │        4 │     9     │     1X     │     13      │       │
│ └────────────┴──────────┴───────────┴────────────┴──────────┴───────────┴────────────┴─────────────┘       │
╰───────────────────────────────────────────────────────────────────────────────────────────────── 13 goals ─╯

2026-09-14 03:35:32
╭─ RESULT  FC 25. 3x3. Conference League  ·  Heart of Midlothian vs Lille OSC ───────────────────────────────╮
│ ┏━━━━━━━━━━━━━━━━━━┳━━━━━━━━━━┳━━━━━━━━━━━┳━━━━━━━━━━━━┳━━━━━━━━━━┳━━━━━━━━━━━┳━━━━━━━━━━━━┳━━━━━━━━━━━━━┓ │
│ ┃                  ┃          ┃ total for ┃ winner for ┃          ┃ total for ┃ winner for ┃             ┃ │
│ ┃ Result           ┃ 1st half ┃ 1st half  ┃  1st half  ┃ 2nd half ┃ 2nd half  ┃  2nd half  ┃ final total ┃ │
│ ┡━━━━━━━━━━━━━━━━━━╇━━━━━━━━━━╇━━━━━━━━━━━╇━━━━━━━━━━━━╇━━━━━━━━━━╇━━━━━━━━━━━╇━━━━━━━━━━━━╇━━━━━━━━━━━━━┩ │
│ │ Heart of         │        5 │    10     │     X      │        0 │           │            │             │ │
│ │ Midlothian       │          │           │            │          │           │            │             │ │
│ │ Lille OSC        │        5 │           │            │        5 │     5     │     2X     │     15      │ │
│ └──────────────────┴──────────┴───────────┴────────────┴──────────┴───────────┴────────────┴─────────────┘ │
╰───────────────────────────────────────────────────────────────────────────────────────────────── 15 goals ─╯

2026-09-14 03:45:42
╭─ RESULT  FC 25. 3x3. Conference League  ·  Roma vs Borussia Monchengladbach ───────────────────────────────╮
│ ┏━━━━━━━━━━━━━━━━━━┳━━━━━━━━━━┳━━━━━━━━━━━┳━━━━━━━━━━━━┳━━━━━━━━━━┳━━━━━━━━━━━┳━━━━━━━━━━━━┳━━━━━━━━━━━━━┓ │
│ ┃                  ┃          ┃ total for ┃ winner for ┃          ┃ total for ┃ winner for ┃             ┃ │
│ ┃ Result           ┃ 1st half ┃ 1st half  ┃  1st half  ┃ 2nd half ┃ 2nd half  ┃  2nd half  ┃ final total ┃ │
│ ┡━━━━━━━━━━━━━━━━━━╇━━━━━━━━━━╇━━━━━━━━━━━╇━━━━━━━━━━━━╇━━━━━━━━━━╇━━━━━━━━━━━╇━━━━━━━━━━━━╇━━━━━━━━━━━━━┩ │
│ │ Roma             │        5 │    10     │     X      │        4 │           │            │             │ │
│ │ Borussia         │        5 │           │            │        3 │     7     │     1X     │     17      │ │
│ │ Monchengladbach  │          │           │            │          │           │            │             │ │
│ └──────────────────┴──────────┴───────────┴────────────┴──────────┴───────────┴────────────┴─────────────┘ │
╰───────────────────────────────────────────────────────────────────────────────────────────────── 17 goals ─╯

2026-09-14 03:56:26
╭─ RESULT  FC 25. 3x3. Conference League  ·  Chelsea vs Braga ───────────────────────────────────────────────╮
│ ┏━━━━━━━━━┳━━━━━━━━━━┳━━━━━━━━━━━┳━━━━━━━━━━━━┳━━━━━━━━━━┳━━━━━━━━━━━┳━━━━━━━━━━━━┳━━━━━━━━━━━━━┓          │
│ ┃         ┃          ┃ total for ┃ winner for ┃          ┃ total for ┃ winner for ┃             ┃          │
│ ┃ Result  ┃ 1st half ┃ 1st half  ┃  1st half  ┃ 2nd half ┃ 2nd half  ┃  2nd half  ┃ final total ┃          │
│ ┡━━━━━━━━━╇━━━━━━━━━━╇━━━━━━━━━━━╇━━━━━━━━━━━━╇━━━━━━━━━━╇━━━━━━━━━━━╇━━━━━━━━━━━━╇━━━━━━━━━━━━━┩          │
│ │ Chelsea │        4 │    10     │     2X     │        4 │           │            │             │          │
│ │ Braga   │        6 │           │            │        5 │     9     │     2X     │     19      │          │
│ └─────────┴──────────┴───────────┴────────────┴──────────┴───────────┴────────────┴─────────────┘          │
│ W1 30.00  X 30.00  W2 1.00 ✓                                                                               │
╰───────────────────────────────────────────────────────────────────────────────────────────────── 19 goals ─╯

2026-09-14 04:05:24
╭─ RESULT  FC 25. 3x3. Conference League  ·  Fenerbahce vs AZ Alkmaar ───────────────────────────────────────╮
│ ┏━━━━━━━━━━━━┳━━━━━━━━━━┳━━━━━━━━━━━┳━━━━━━━━━━━━┳━━━━━━━━━━┳━━━━━━━━━━━┳━━━━━━━━━━━━┳━━━━━━━━━━━━━┓       │
│ ┃            ┃          ┃ total for ┃ winner for ┃          ┃ total for ┃ winner for ┃             ┃       │
│ ┃ Result     ┃ 1st half ┃ 1st half  ┃  1st half  ┃ 2nd half ┃ 2nd half  ┃  2nd half  ┃ final total ┃       │
│ ┡━━━━━━━━━━━━╇━━━━━━━━━━╇━━━━━━━━━━━╇━━━━━━━━━━━━╇━━━━━━━━━━╇━━━━━━━━━━━╇━━━━━━━━━━━━╇━━━━━━━━━━━━━┩       │
│ │ Fenerbahce │        5 │     8     │     1X     │        4 │           │            │             │       │
│ │ AZ Alkmaar │        3 │           │            │        4 │     8     │     X      │     16      │       │
│ └────────────┴──────────┴───────────┴────────────┴──────────┴───────────┴────────────┴─────────────┘       │
╰───────────────────────────────────────────────────────────────────────────────────────────────── 16 goals ─╯

2026-09-14 04:16:35
╭─ RESULT  FC 25. 3x3. Conference League  ·  Celta vs Eintracht Frankfurt ───────────────────────────────────╮
│ ┏━━━━━━━━━━━━━━━━━━┳━━━━━━━━━━┳━━━━━━━━━━━┳━━━━━━━━━━━━┳━━━━━━━━━━┳━━━━━━━━━━━┳━━━━━━━━━━━━┳━━━━━━━━━━━━━┓ │
│ ┃                  ┃          ┃ total for ┃ winner for ┃          ┃ total for ┃ winner for ┃             ┃ │
│ ┃ Result           ┃ 1st half ┃ 1st half  ┃  1st half  ┃ 2nd half ┃ 2nd half  ┃  2nd half  ┃ final total ┃ │
│ ┡━━━━━━━━━━━━━━━━━━╇━━━━━━━━━━╇━━━━━━━━━━━╇━━━━━━━━━━━━╇━━━━━━━━━━╇━━━━━━━━━━━╇━━━━━━━━━━━━╇━━━━━━━━━━━━━┩ │
│ │ Celta            │        3 │     8     │     2X     │        5 │           │            │             │ │
│ │ Eintracht        │        5 │           │            │        7 │    12     │     2X     │     20      │ │
│ │ Frankfurt        │          │           │            │          │           │            │             │ │
│ └──────────────────┴──────────┴───────────┴────────────┴──────────┴───────────┴────────────┴─────────────┘ │
╰───────────────────────────────────────────────────────────────────────────────────────────────── 20 goals ─╯

2026-09-14 04:25:20
╭─ RESULT  FC 25. 3x3. Conference League  ·  Fiorentina vs Basel ────────────────────────────────────────────╮
│ ┏━━━━━━━━━━━━┳━━━━━━━━━━┳━━━━━━━━━━━┳━━━━━━━━━━━━┳━━━━━━━━━━┳━━━━━━━━━━━┳━━━━━━━━━━━━┳━━━━━━━━━━━━━┓       │
│ ┃            ┃          ┃ total for ┃ winner for ┃          ┃ total for ┃ winner for ┃             ┃       │
│ ┃ Result     ┃ 1st half ┃ 1st half  ┃  1st half  ┃ 2nd half ┃ 2nd half  ┃  2nd half  ┃ final total ┃       │
│ ┡━━━━━━━━━━━━╇━━━━━━━━━━╇━━━━━━━━━━━╇━━━━━━━━━━━━╇━━━━━━━━━━╇━━━━━━━━━━━╇━━━━━━━━━━━━╇━━━━━━━━━━━━━┩       │
│ │ Fiorentina │        7 │    10     │     1X     │        3 │           │            │             │       │
│ │ Basel      │        3 │           │            │        2 │     5     │     1X     │     15      │       │
│ └────────────┴──────────┴───────────┴────────────┴──────────┴───────────┴────────────┴─────────────┘       │
╰───────────────────────────────────────────────────────────────────────────────────────────────── 15 goals ─╯

2026-09-14 04:34:26
╭─ RESULT  FC 25. 3x3. Conference League  ·  Anderlecht vs Villarreal ───────────────────────────────────────╮
│ ┏━━━━━━━━━━━━┳━━━━━━━━━━┳━━━━━━━━━━━┳━━━━━━━━━━━━┳━━━━━━━━━━┳━━━━━━━━━━━┳━━━━━━━━━━━━┳━━━━━━━━━━━━━┓       │
│ ┃            ┃          ┃ total for ┃ winner for ┃          ┃ total for ┃ winner for ┃             ┃       │
│ ┃ Result     ┃ 1st half ┃ 1st half  ┃  1st half  ┃ 2nd half ┃ 2nd half  ┃  2nd half  ┃ final total ┃       │
│ ┡━━━━━━━━━━━━╇━━━━━━━━━━╇━━━━━━━━━━━╇━━━━━━━━━━━━╇━━━━━━━━━━╇━━━━━━━━━━━╇━━━━━━━━━━━━╇━━━━━━━━━━━━━┩       │
│ │ Anderlecht │        3 │     5     │     1X     │        4 │           │            │             │       │
│ │ Villarreal │        2 │           │            │        1 │     5     │     1X     │     10      │       │
│ └────────────┴──────────┴───────────┴────────────┴──────────┴───────────┴────────────┴─────────────┘       │
│ W1 1.00 ✓  X 30.00  W2 1.00                                                                                │
╰───────────────────────────────────────────────────────────────────────────────────────────────── 10 goals ─╯

2026-09-14 04:45:50
╭─ RESULT  FC 25. 3x3. Conference League  ·  West Ham United vs Nice ────────────────────────────────────────╮
│ ┏━━━━━━━━━━━━━━━━━┳━━━━━━━━━━┳━━━━━━━━━━━┳━━━━━━━━━━━━┳━━━━━━━━━━┳━━━━━━━━━━━┳━━━━━━━━━━━━┳━━━━━━━━━━━━━┓  │
│ ┃                 ┃          ┃ total for ┃ winner for ┃          ┃ total for ┃ winner for ┃             ┃  │
│ ┃ Result          ┃ 1st half ┃ 1st half  ┃  1st half  ┃ 2nd half ┃ 2nd half  ┃  2nd half  ┃ final total ┃  │
│ ┡━━━━━━━━━━━━━━━━━╇━━━━━━━━━━╇━━━━━━━━━━━╇━━━━━━━━━━━━╇━━━━━━━━━━╇━━━━━━━━━━━╇━━━━━━━━━━━━╇━━━━━━━━━━━━━┩  │
│ │ West Ham United │        4 │    11     │     2X     │        4 │           │            │             │  │
│ │ Nice            │        7 │           │            │        2 │     6     │     1X     │     17      │  │
│ └─────────────────┴──────────┴───────────┴────────────┴──────────┴───────────┴────────────┴─────────────┘  │
│ W1 11.00  X 3.75  W2 1.35 ✓                                                                                │
╰───────────────────────────────────────────────────────────────────────────────────────────────── 17 goals ─╯

2026-09-14 04:55:00
╭─ RESULT  FC 25. 3x3. Conference League  ·  Nice vs Olympiacos ─────────────────────────────────────────────╮
│ ┏━━━━━━━━━━━━┳━━━━━━━━━━┳━━━━━━━━━━━┳━━━━━━━━━━━━┳━━━━━━━━━━┳━━━━━━━━━━━┳━━━━━━━━━━━━┳━━━━━━━━━━━━━┓       │
│ ┃            ┃          ┃ total for ┃ winner for ┃          ┃ total for ┃ winner for ┃             ┃       │
│ ┃ Result     ┃ 1st half ┃ 1st half  ┃  1st half  ┃ 2nd half ┃ 2nd half  ┃  2nd half  ┃ final total ┃       │
│ ┡━━━━━━━━━━━━╇━━━━━━━━━━╇━━━━━━━━━━━╇━━━━━━━━━━━━╇━━━━━━━━━━╇━━━━━━━━━━━╇━━━━━━━━━━━━╇━━━━━━━━━━━━━┩       │
│ │ Nice       │        1 │     6     │     2X     │        4 │           │            │             │       │
│ │ Olympiacos │        5 │           │            │        3 │     7     │     1X     │     13      │       │
│ └────────────┴──────────┴───────────┴────────────┴──────────┴───────────┴────────────┴─────────────┘       │
│ W1 30.00  X 16.00  W2 1.00 ✓                                                                               │
╰───────────────────────────────────────────────────────────────────────────────────────────────── 13 goals ─╯

2026-09-14 05:06:05
╭─ RESULT  FC 25. 3x3. Conference League  ·  Villarreal vs West Ham United ──────────────────────────────────╮
│ ┏━━━━━━━━━━━━━━━━━┳━━━━━━━━━━┳━━━━━━━━━━━┳━━━━━━━━━━━━┳━━━━━━━━━━┳━━━━━━━━━━━┳━━━━━━━━━━━━┳━━━━━━━━━━━━━┓  │
│ ┃                 ┃          ┃ total for ┃ winner for ┃          ┃ total for ┃ winner for ┃             ┃  │
│ ┃ Result          ┃ 1st half ┃ 1st half  ┃  1st half  ┃ 2nd half ┃ 2nd half  ┃  2nd half  ┃ final total ┃  │
│ ┡━━━━━━━━━━━━━━━━━╇━━━━━━━━━━╇━━━━━━━━━━━╇━━━━━━━━━━━━╇━━━━━━━━━━╇━━━━━━━━━━━╇━━━━━━━━━━━━╇━━━━━━━━━━━━━┩  │
│ │ Villarreal      │        5 │     8     │     1X     │        4 │           │            │             │  │
│ │ West Ham United │        3 │           │            │        4 │     8     │     X      │     16      │  │
│ └─────────────────┴──────────┴───────────┴────────────┴──────────┴───────────┴────────────┴─────────────┘  │
│ W1 1.35 ✓  X 3.74  W2 11.00                                                                                │
╰───────────────────────────────────────────────────────────────────────────────────────────────── 16 goals ─╯

2026-09-14 05:16:43
╭─ RESULT  FC 25. 3x3. Conference League  ·  Basel vs Anderlecht ────────────────────────────────────────────╮
│ ┏━━━━━━━━━━━━┳━━━━━━━━━━┳━━━━━━━━━━━┳━━━━━━━━━━━━┳━━━━━━━━━━┳━━━━━━━━━━━┳━━━━━━━━━━━━┳━━━━━━━━━━━━━┓       │
│ ┃            ┃          ┃ total for ┃ winner for ┃          ┃ total for ┃ winner for ┃             ┃       │
│ ┃ Result     ┃ 1st half ┃ 1st half  ┃  1st half  ┃ 2nd half ┃ 2nd half  ┃  2nd half  ┃ final total ┃       │
│ ┡━━━━━━━━━━━━╇━━━━━━━━━━╇━━━━━━━━━━━╇━━━━━━━━━━━━╇━━━━━━━━━━╇━━━━━━━━━━━╇━━━━━━━━━━━━╇━━━━━━━━━━━━━┩       │
│ │ Basel      │        3 │     5     │     1X     │        5 │           │            │             │       │
│ │ Anderlecht │        2 │           │            │        8 │    13     │     2X     │     18      │       │
│ └────────────┴──────────┴───────────┴────────────┴──────────┴───────────┴────────────┴─────────────┘       │
│ W1 30.00  X 16.00  W2 1.00 ✓                                                                               │
╰───────────────────────────────────────────────────────────────────────────────────────────────── 18 goals ─╯

2026-09-14 05:54:49
╭─ RESULT  FC 25. 3x3. Conference League  ·  Borussia Monchengladbach vs Chelsea ────────────────────────────╮
│ ┏━━━━━━━━━━━━━━━━━━┳━━━━━━━━━━┳━━━━━━━━━━━┳━━━━━━━━━━━━┳━━━━━━━━━━┳━━━━━━━━━━━┳━━━━━━━━━━━━┳━━━━━━━━━━━━━┓ │
│ ┃                  ┃          ┃ total for ┃ winner for ┃          ┃ total for ┃ winner for ┃             ┃ │
│ ┃ Result           ┃ 1st half ┃ 1st half  ┃  1st half  ┃ 2nd half ┃ 2nd half  ┃  2nd half  ┃ final total ┃ │
│ ┡━━━━━━━━━━━━━━━━━━╇━━━━━━━━━━╇━━━━━━━━━━━╇━━━━━━━━━━━━╇━━━━━━━━━━╇━━━━━━━━━━━╇━━━━━━━━━━━━╇━━━━━━━━━━━━━┩ │
│ │ Borussia         │        4 │     7     │     1X     │        4 │           │            │             │ │
│ │ Monchengladbach  │          │           │            │          │           │            │             │ │
│ │ Chelsea          │        3 │           │            │        2 │     6     │     1X     │     13      │ │
│ └──────────────────┴──────────┴───────────┴────────────┴──────────┴───────────┴────────────┴─────────────┘ │
│ W1 1.00 ✓  X 30.00  W2 30.00                                                                               │
╰───────────────────────────────────────────────────────────────────────────────────────────────── 13 goals ─╯

2026-09-14 06:05:28
╭─ RESULT  FC 25. 3x3. Conference League  ·  Lille OSC vs Roma ──────────────────────────────────────────────╮
│ ┏━━━━━━━━━━━┳━━━━━━━━━━┳━━━━━━━━━━━┳━━━━━━━━━━━━┳━━━━━━━━━━┳━━━━━━━━━━━┳━━━━━━━━━━━━┳━━━━━━━━━━━━━┓        │
│ ┃           ┃          ┃ total for ┃ winner for ┃          ┃ total for ┃ winner for ┃             ┃        │
│ ┃ Result    ┃ 1st half ┃ 1st half  ┃  1st half  ┃ 2nd half ┃ 2nd half  ┃  2nd half  ┃ final total ┃        │
│ ┡━━━━━━━━━━━╇━━━━━━━━━━╇━━━━━━━━━━━╇━━━━━━━━━━━━╇━━━━━━━━━━╇━━━━━━━━━━━╇━━━━━━━━━━━━╇━━━━━━━━━━━━━┩        │
│ │ Lille OSC │        4 │     8     │     X      │        4 │           │            │             │        │
│ │ Roma      │        4 │           │            │        3 │     7     │     1X     │     15      │        │
│ └───────────┴──────────┴───────────┴────────────┴──────────┴───────────┴────────────┴─────────────┘        │
╰───────────────────────────────────────────────────────────────────────────────────────────────── 15 goals ─╯

2026-09-14 06:16:08
╭─ RESULT  FC 25. 3x3. Conference League  ·  Red Bull vs Heart of Midlothian ────────────────────────────────╮
│ ┏━━━━━━━━━━━━━━━━━━┳━━━━━━━━━━┳━━━━━━━━━━━┳━━━━━━━━━━━━┳━━━━━━━━━━┳━━━━━━━━━━━┳━━━━━━━━━━━━┳━━━━━━━━━━━━━┓ │
│ ┃                  ┃          ┃ total for ┃ winner for ┃          ┃ total for ┃ winner for ┃             ┃ │
│ ┃ Result           ┃ 1st half ┃ 1st half  ┃  1st half  ┃ 2nd half ┃ 2nd half  ┃  2nd half  ┃ final total ┃ │
│ ┡━━━━━━━━━━━━━━━━━━╇━━━━━━━━━━╇━━━━━━━━━━━╇━━━━━━━━━━━━╇━━━━━━━━━━╇━━━━━━━━━━━╇━━━━━━━━━━━━╇━━━━━━━━━━━━━┩ │
│ │ Red Bull         │        7 │     9     │     1X     │        5 │           │            │             │ │
│ │ Heart of         │        2 │           │            │        3 │     8     │     1X     │     17      │ │
│ │ Midlothian       │          │           │            │          │           │            │             │ │
│ └──────────────────┴──────────┴───────────┴────────────┴──────────┴───────────┴────────────┴─────────────┘ │
╰───────────────────────────────────────────────────────────────────────────────────────────────── 17 goals ─╯

2026-09-14 06:26:44
╭─ RESULT  FC 25. 3x3. Conference League  ·  Olympiacos vs Heart of Midlothian ──────────────────────────────╮
│ ┏━━━━━━━━━━━━━━━━━━┳━━━━━━━━━━┳━━━━━━━━━━━┳━━━━━━━━━━━━┳━━━━━━━━━━┳━━━━━━━━━━━┳━━━━━━━━━━━━┳━━━━━━━━━━━━━┓ │
│ ┃                  ┃          ┃ total for ┃ winner for ┃          ┃ total for ┃ winner for ┃             ┃ │
│ ┃ Result           ┃ 1st half ┃ 1st half  ┃  1st half  ┃ 2nd half ┃ 2nd half  ┃  2nd half  ┃ final total ┃ │
│ ┡━━━━━━━━━━━━━━━━━━╇━━━━━━━━━━╇━━━━━━━━━━━╇━━━━━━━━━━━━╇━━━━━━━━━━╇━━━━━━━━━━━╇━━━━━━━━━━━━╇━━━━━━━━━━━━━┩ │
│ │ Olympiacos       │        5 │     8     │     1X     │        6 │           │            │             │ │
│ │ Heart of         │        3 │           │            │        7 │    13     │     2X     │     21      │ │
│ │ Midlothian       │          │           │            │          │           │            │             │ │
│ └──────────────────┴──────────┴───────────┴────────────┴──────────┴───────────┴────────────┴─────────────┘ │
│ W1 1.31 ✓  X 4.08  W2 11.00                                                                                │
╰───────────────────────────────────────────────────────────────────────────────────────────────── 21 goals ─╯

2026-09-14 06:35:07
╭─ RESULT  FC 25. 3x3. Conference League  ·  Roma vs Red Bull ───────────────────────────────────────────────╮
│ ┏━━━━━━━━━━┳━━━━━━━━━━┳━━━━━━━━━━━┳━━━━━━━━━━━━┳━━━━━━━━━━┳━━━━━━━━━━━┳━━━━━━━━━━━━┳━━━━━━━━━━━━━┓         │
│ ┃          ┃          ┃ total for ┃ winner for ┃          ┃ total for ┃ winner for ┃             ┃         │
│ ┃ Result   ┃ 1st half ┃ 1st half  ┃  1st half  ┃ 2nd half ┃ 2nd half  ┃  2nd half  ┃ final total ┃         │
│ ┡━━━━━━━━━━╇━━━━━━━━━━╇━━━━━━━━━━━╇━━━━━━━━━━━━╇━━━━━━━━━━╇━━━━━━━━━━━╇━━━━━━━━━━━━╇━━━━━━━━━━━━━┩         │
│ │ Roma     │        5 │     9     │     1X     │        4 │           │            │             │         │
│ │ Red Bull │        4 │           │            │        1 │     5     │     1X     │     14      │         │
│ └──────────┴──────────┴───────────┴────────────┴──────────┴───────────┴────────────┴─────────────┘         │
│ W1 1.00 ✓  X 30.00  W2 1.00                                                                                │
╰───────────────────────────────────────────────────────────────────────────────────────────────── 14 goals ─╯

2026-09-14 06:44:15
╭─ RESULT  FC 25. 3x3. Conference League  ·  Chelsea vs Lille OSC ───────────────────────────────────────────╮
│ ┏━━━━━━━━━━━┳━━━━━━━━━━┳━━━━━━━━━━━┳━━━━━━━━━━━━┳━━━━━━━━━━┳━━━━━━━━━━━┳━━━━━━━━━━━━┳━━━━━━━━━━━━━┓        │
│ ┃           ┃          ┃ total for ┃ winner for ┃          ┃ total for ┃ winner for ┃             ┃        │
│ ┃ Result    ┃ 1st half ┃ 1st half  ┃  1st half  ┃ 2nd half ┃ 2nd half  ┃  2nd half  ┃ final total ┃        │
│ ┡━━━━━━━━━━━╇━━━━━━━━━━╇━━━━━━━━━━━╇━━━━━━━━━━━━╇━━━━━━━━━━╇━━━━━━━━━━━╇━━━━━━━━━━━━╇━━━━━━━━━━━━━┩        │
│ │ Chelsea   │        3 │     4     │     1X     │        3 │           │            │             │        │
│ │ Lille OSC │        1 │           │            │        3 │     6     │     X      │     10      │        │
│ └───────────┴──────────┴───────────┴────────────┴──────────┴───────────┴────────────┴─────────────┘        │
╰───────────────────────────────────────────────────────────────────────────────────────────────── 10 goals ─╯

2026-09-14 06:55:49
╭─ RESULT  FC 25. 3x3. Conference League  ·  Fenerbahce vs Borussia Monchengladbach ─────────────────────────╮
│ ┏━━━━━━━━━━━━━━━━━━┳━━━━━━━━━━┳━━━━━━━━━━━┳━━━━━━━━━━━━┳━━━━━━━━━━┳━━━━━━━━━━━┳━━━━━━━━━━━━┳━━━━━━━━━━━━━┓ │
│ ┃                  ┃          ┃ total for ┃ winner for ┃          ┃ total for ┃ winner for ┃             ┃ │
│ ┃ Result           ┃ 1st half ┃ 1st half  ┃  1st half  ┃ 2nd half ┃ 2nd half  ┃  2nd half  ┃ final total ┃ │
│ ┡━━━━━━━━━━━━━━━━━━╇━━━━━━━━━━╇━━━━━━━━━━━╇━━━━━━━━━━━━╇━━━━━━━━━━╇━━━━━━━━━━━╇━━━━━━━━━━━━╇━━━━━━━━━━━━━┩ │
│ │ Fenerbahce       │        5 │     9     │     1X     │        4 │           │            │             │ │
│ │ Borussia         │        4 │           │            │        3 │     7     │     1X     │     16      │ │
│ │ Monchengladbach  │          │           │            │          │           │            │             │ │
│ └──────────────────┴──────────┴───────────┴────────────┴──────────┴───────────┴────────────┴─────────────┘ │
╰───────────────────────────────────────────────────────────────────────────────────────────────── 16 goals ─╯

2026-09-14 07:06:27
╭─ RESULT  FC 25. 3x3. Conference League  ·  Celta vs Braga ─────────────────────────────────────────────────╮
│ ┏━━━━━━━━┳━━━━━━━━━━┳━━━━━━━━━━━┳━━━━━━━━━━━━┳━━━━━━━━━━┳━━━━━━━━━━━┳━━━━━━━━━━━━┳━━━━━━━━━━━━━┓           │
│ ┃        ┃          ┃ total for ┃ winner for ┃          ┃ total for ┃ winner for ┃             ┃           │
│ ┃ Result ┃ 1st half ┃ 1st half  ┃  1st half  ┃ 2nd half ┃ 2nd half  ┃  2nd half  ┃ final total ┃           │
│ ┡━━━━━━━━╇━━━━━━━━━━╇━━━━━━━━━━━╇━━━━━━━━━━━━╇━━━━━━━━━━╇━━━━━━━━━━━╇━━━━━━━━━━━━╇━━━━━━━━━━━━━┩           │
│ │ Celta  │        1 │     7     │     2X     │        4 │           │            │             │           │
│ │ Braga  │        6 │           │            │        7 │    11     │     2X     │     18      │           │
│ └────────┴──────────┴───────────┴────────────┴──────────┴───────────┴────────────┴─────────────┘           │
╰───────────────────────────────────────────────────────────────────────────────────────────────── 18 goals ─╯

2026-09-14 07:15:07
╭─ RESULT  FC 25. 3x3. Conference League  ·  Fiorentina vs AZ Alkmaar ───────────────────────────────────────╮
│ ┏━━━━━━━━━━━━┳━━━━━━━━━━┳━━━━━━━━━━━┳━━━━━━━━━━━━┳━━━━━━━━━━┳━━━━━━━━━━━┳━━━━━━━━━━━━┳━━━━━━━━━━━━━┓       │
│ ┃            ┃          ┃ total for ┃ winner for ┃          ┃ total for ┃ winner for ┃             ┃       │
│ ┃ Result     ┃ 1st half ┃ 1st half  ┃  1st half  ┃ 2nd half ┃ 2nd half  ┃  2nd half  ┃ final total ┃       │
│ ┡━━━━━━━━━━━━╇━━━━━━━━━━╇━━━━━━━━━━━╇━━━━━━━━━━━━╇━━━━━━━━━━╇━━━━━━━━━━━╇━━━━━━━━━━━━╇━━━━━━━━━━━━━┩       │
│ │ Fiorentina │        3 │     6     │     X      │        3 │           │            │             │       │
│ │ AZ Alkmaar │        3 │           │            │        4 │     7     │     2X     │     13      │       │
│ └────────────┴──────────┴───────────┴────────────┴──────────┴───────────┴────────────┴─────────────┘       │
╰───────────────────────────────────────────────────────────────────────────────────────────────── 13 goals ─╯

2026-09-14 07:24:22
╭─ RESULT  FC 25. 3x3. Conference League  ·  Anderlecht vs Eintracht Frankfurt ──────────────────────────────╮
│ ┏━━━━━━━━━━━━━━━━━━┳━━━━━━━━━━┳━━━━━━━━━━━┳━━━━━━━━━━━━┳━━━━━━━━━━┳━━━━━━━━━━━┳━━━━━━━━━━━━┳━━━━━━━━━━━━━┓ │
│ ┃                  ┃          ┃ total for ┃ winner for ┃          ┃ total for ┃ winner for ┃             ┃ │
│ ┃ Result           ┃ 1st half ┃ 1st half  ┃  1st half  ┃ 2nd half ┃ 2nd half  ┃  2nd half  ┃ final total ┃ │
│ ┡━━━━━━━━━━━━━━━━━━╇━━━━━━━━━━╇━━━━━━━━━━━╇━━━━━━━━━━━━╇━━━━━━━━━━╇━━━━━━━━━━━╇━━━━━━━━━━━━╇━━━━━━━━━━━━━┩ │
│ │ Anderlecht       │        3 │     5     │     1X     │        2 │           │            │             │ │
│ │ Eintracht        │        2 │           │            │        3 │     5     │     2X     │     10      │ │
│ │ Frankfurt        │          │           │            │          │           │            │             │ │
│ └──────────────────┴──────────┴───────────┴────────────┴──────────┴───────────┴────────────┴─────────────┘ │
│ W1 1.27  X 4.15 ✓  W2 15.00                                                                                │
╰───────────────────────────────────────────────────────────────────────────────────────────────── 10 goals ─╯

2026-09-14 07:35:42
╭─ RESULT  FC 25. 3x3. Conference League  ·  West Ham United vs Basel ───────────────────────────────────────╮
│ ┏━━━━━━━━━━━━━━━━━┳━━━━━━━━━━┳━━━━━━━━━━━┳━━━━━━━━━━━━┳━━━━━━━━━━┳━━━━━━━━━━━┳━━━━━━━━━━━━┳━━━━━━━━━━━━━┓  │
│ ┃                 ┃          ┃ total for ┃ winner for ┃          ┃ total for ┃ winner for ┃             ┃  │
│ ┃ Result          ┃ 1st half ┃ 1st half  ┃  1st half  ┃ 2nd half ┃ 2nd half  ┃  2nd half  ┃ final total ┃  │
│ ┡━━━━━━━━━━━━━━━━━╇━━━━━━━━━━╇━━━━━━━━━━━╇━━━━━━━━━━━━╇━━━━━━━━━━╇━━━━━━━━━━━╇━━━━━━━━━━━━╇━━━━━━━━━━━━━┩  │
│ │ West Ham United │        3 │     6     │     X      │        6 │           │            │             │  │
│ │ Basel           │        3 │           │            │        3 │     9     │     1X     │     15      │  │
│ └─────────────────┴──────────┴───────────┴────────────┴──────────┴───────────┴────────────┴─────────────┘  │
│ W1 1.00 ✓  X 30.00  W2 30.00                                                                               │
╰───────────────────────────────────────────────────────────────────────────────────────────────── 15 goals ─╯

2026-09-14 07:43:10
╭─ RESULT  FC 25. 3x3. Conference League  ·  Nice vs Villarreal ─────────────────────────────────────────────╮
│ ┏━━━━━━━━━━━━┳━━━━━━━━━━┳━━━━━━━━━━━┳━━━━━━━━━━━━┳━━━━━━━━━━┳━━━━━━━━━━━┳━━━━━━━━━━━━┳━━━━━━━━━━━━━┓       │
│ ┃            ┃          ┃ total for ┃ winner for ┃          ┃ total for ┃ winner for ┃             ┃       │
│ ┃ Result     ┃ 1st half ┃ 1st half  ┃  1st half  ┃ 2nd half ┃ 2nd half  ┃  2nd half  ┃ final total ┃       │
│ ┡━━━━━━━━━━━━╇━━━━━━━━━━╇━━━━━━━━━━━╇━━━━━━━━━━━━╇━━━━━━━━━━╇━━━━━━━━━━━╇━━━━━━━━━━━━╇━━━━━━━━━━━━━┩       │
│ │ Nice       │        4 │     4     │     1X     │        1 │           │            │             │       │
│ │ Villarreal │        0 │           │            │        1 │     2     │     X      │      6      │       │
│ └────────────┴──────────┴───────────┴────────────┴──────────┴───────────┴────────────┴─────────────┘       │
│ W1 1.00 ✓  X 30.00  W2 1.00                                                                                │
╰────────────────────────────────────────────────────────────────────────────────────────────────── 6 goals ─╯

2026-09-14 07:55:35
╭─ RESULT  FC 25. 3x3. Conference League  ·  Villarreal vs Olympiacos ───────────────────────────────────────╮
│ ┏━━━━━━━━━━━━┳━━━━━━━━━━┳━━━━━━━━━━━┳━━━━━━━━━━━━┳━━━━━━━━━━┳━━━━━━━━━━━┳━━━━━━━━━━━━┳━━━━━━━━━━━━━┓       │
│ ┃            ┃          ┃ total for ┃ winner for ┃          ┃ total for ┃ winner for ┃             ┃       │
│ ┃ Result     ┃ 1st half ┃ 1st half  ┃  1st half  ┃ 2nd half ┃ 2nd half  ┃  2nd half  ┃ final total ┃       │
│ ┡━━━━━━━━━━━━╇━━━━━━━━━━╇━━━━━━━━━━━╇━━━━━━━━━━━━╇━━━━━━━━━━╇━━━━━━━━━━━╇━━━━━━━━━━━━╇━━━━━━━━━━━━━┩       │
│ │ Villarreal │        4 │     9     │     2X     │        2 │           │            │             │       │
│ │ Olympiacos │        5 │           │            │        4 │     6     │     2X     │     15      │       │
│ └────────────┴──────────┴───────────┴────────────┴──────────┴───────────┴────────────┴─────────────┘       │
╰───────────────────────────────────────────────────────────────────────────────────────────────── 15 goals ─╯

2026-09-14 08:05:57
╭─ RESULT  FC 25. 3x3. Conference League  ·  Basel vs Nice ──────────────────────────────────────────────────╮
│ ┏━━━━━━━━┳━━━━━━━━━━┳━━━━━━━━━━━┳━━━━━━━━━━━━┳━━━━━━━━━━┳━━━━━━━━━━━┳━━━━━━━━━━━━┳━━━━━━━━━━━━━┓           │
│ ┃        ┃          ┃ total for ┃ winner for ┃          ┃ total for ┃ winner for ┃             ┃           │
│ ┃ Result ┃ 1st half ┃ 1st half  ┃  1st half  ┃ 2nd half ┃ 2nd half  ┃  2nd half  ┃ final total ┃           │
│ ┡━━━━━━━━╇━━━━━━━━━━╇━━━━━━━━━━━╇━━━━━━━━━━━━╇━━━━━━━━━━╇━━━━━━━━━━━╇━━━━━━━━━━━━╇━━━━━━━━━━━━━┩           │
│ │ Basel  │        4 │     9     │     2X     │        2 │           │            │             │           │
│ │ Nice   │        5 │           │            │        7 │     9     │     2X     │     18      │           │
│ └────────┴──────────┴───────────┴────────────┴──────────┴───────────┴────────────┴─────────────┘           │
╰───────────────────────────────────────────────────────────────────────────────────────────────── 18 goals ─╯

2026-09-14 08:15:04
╭─ RESULT  FC 25. 3x3. Conference League  ·  Eintracht Frankfurt vs West Ham United ─────────────────────────╮
│ ┏━━━━━━━━━━━━━━━━━━┳━━━━━━━━━━┳━━━━━━━━━━━┳━━━━━━━━━━━━┳━━━━━━━━━━┳━━━━━━━━━━━┳━━━━━━━━━━━━┳━━━━━━━━━━━━━┓ │
│ ┃                  ┃          ┃ total for ┃ winner for ┃          ┃ total for ┃ winner for ┃             ┃ │
│ ┃ Result           ┃ 1st half ┃ 1st half  ┃  1st half  ┃ 2nd half ┃ 2nd half  ┃  2nd half  ┃ final total ┃ │
│ ┡━━━━━━━━━━━━━━━━━━╇━━━━━━━━━━╇━━━━━━━━━━━╇━━━━━━━━━━━━╇━━━━━━━━━━╇━━━━━━━━━━━╇━━━━━━━━━━━━╇━━━━━━━━━━━━━┩ │
│ │ Eintracht        │        0 │     6     │     2X     │        5 │           │            │             │ │
│ │ Frankfurt        │          │           │            │          │           │            │             │ │
│ │ West Ham United  │        6 │           │            │        4 │     9     │     1X     │     15      │ │
│ └──────────────────┴──────────┴───────────┴────────────┴──────────┴───────────┴────────────┴─────────────┘ │
╰───────────────────────────────────────────────────────────────────────────────────────────────── 15 goals ─╯

2026-09-14 08:25:08
╭─ RESULT  FC 25. 3x3. Conference League  ·  AZ Alkmaar vs Anderlecht ───────────────────────────────────────╮
│ ┏━━━━━━━━━━━━┳━━━━━━━━━━┳━━━━━━━━━━━┳━━━━━━━━━━━━┳━━━━━━━━━━┳━━━━━━━━━━━┳━━━━━━━━━━━━┳━━━━━━━━━━━━━┓       │
│ ┃            ┃          ┃ total for ┃ winner for ┃          ┃ total for ┃ winner for ┃             ┃       │
│ ┃ Result     ┃ 1st half ┃ 1st half  ┃  1st half  ┃ 2nd half ┃ 2nd half  ┃  2nd half  ┃ final total ┃       │
│ ┡━━━━━━━━━━━━╇━━━━━━━━━━╇━━━━━━━━━━━╇━━━━━━━━━━━━╇━━━━━━━━━━╇━━━━━━━━━━━╇━━━━━━━━━━━━╇━━━━━━━━━━━━━┩       │
│ │ AZ Alkmaar │        3 │     5     │     1X     │        4 │           │            │             │       │
│ │ Anderlecht │        2 │           │            │        4 │     8     │     X      │     13      │       │
│ └────────────┴──────────┴───────────┴────────────┴──────────┴───────────┴────────────┴─────────────┘       │
│ W1 1.36 ✓  X 3.68  W2 11.00                                                                                │
╰───────────────────────────────────────────────────────────────────────────────────────────────── 13 goals ─╯

2026-09-14 08:35:12
╭─ RESULT  FC 25. 3x3. Conference League  ·  Braga vs Fiorentina ────────────────────────────────────────────╮
│ ┏━━━━━━━━━━━━┳━━━━━━━━━━┳━━━━━━━━━━━┳━━━━━━━━━━━━┳━━━━━━━━━━┳━━━━━━━━━━━┳━━━━━━━━━━━━┳━━━━━━━━━━━━━┓       │
│ ┃            ┃          ┃ total for ┃ winner for ┃          ┃ total for ┃ winner for ┃             ┃       │
│ ┃ Result     ┃ 1st half ┃ 1st half  ┃  1st half  ┃ 2nd half ┃ 2nd half  ┃  2nd half  ┃ final total ┃       │
│ ┡━━━━━━━━━━━━╇━━━━━━━━━━╇━━━━━━━━━━━╇━━━━━━━━━━━━╇━━━━━━━━━━╇━━━━━━━━━━━╇━━━━━━━━━━━━╇━━━━━━━━━━━━━┩       │
│ │ Braga      │        4 │     8     │     X      │        3 │           │            │             │       │
│ │ Fiorentina │        4 │           │            │        3 │     6     │     X      │     14      │       │
│ └────────────┴──────────┴───────────┴────────────┴──────────┴───────────┴────────────┴─────────────┘       │
╰───────────────────────────────────────────────────────────────────────────────────────────────── 14 goals ─╯

2026-09-14 08:45:05
╭─ RESULT  FC 25. 3x3. Conference League  ·  Borussia Monchengladbach vs Celta ──────────────────────────────╮
│ ┏━━━━━━━━━━━━━━━━━━┳━━━━━━━━━━┳━━━━━━━━━━━┳━━━━━━━━━━━━┳━━━━━━━━━━┳━━━━━━━━━━━┳━━━━━━━━━━━━┳━━━━━━━━━━━━━┓ │
│ ┃                  ┃          ┃ total for ┃ winner for ┃          ┃ total for ┃ winner for ┃             ┃ │
│ ┃ Result           ┃ 1st half ┃ 1st half  ┃  1st half  ┃ 2nd half ┃ 2nd half  ┃  2nd half  ┃ final total ┃ │
│ ┡━━━━━━━━━━━━━━━━━━╇━━━━━━━━━━╇━━━━━━━━━━━╇━━━━━━━━━━━━╇━━━━━━━━━━╇━━━━━━━━━━━╇━━━━━━━━━━━━╇━━━━━━━━━━━━━┩ │
│ │ Borussia         │        3 │     7     │     2X     │        5 │           │            │             │ │
│ │ Monchengladbach  │          │           │            │          │           │            │             │ │
│ │ Celta            │        4 │           │            │        1 │     6     │     1X     │     13      │ │
│ └──────────────────┴──────────┴───────────┴────────────┴──────────┴───────────┴────────────┴─────────────┘ │
╰───────────────────────────────────────────────────────────────────────────────────────────────── 13 goals ─╯

2026-09-14 08:55:01
╭─ RESULT  FC 25. 3x3. Conference League  ·  Lille OSC vs Fenerbahce ────────────────────────────────────────╮
│ ┏━━━━━━━━━━━━┳━━━━━━━━━━┳━━━━━━━━━━━┳━━━━━━━━━━━━┳━━━━━━━━━━┳━━━━━━━━━━━┳━━━━━━━━━━━━┳━━━━━━━━━━━━━┓       │
│ ┃            ┃          ┃ total for ┃ winner for ┃          ┃ total for ┃ winner for ┃             ┃       │
│ ┃ Result     ┃ 1st half ┃ 1st half  ┃  1st half  ┃ 2nd half ┃ 2nd half  ┃  2nd half  ┃ final total ┃       │
│ ┡━━━━━━━━━━━━╇━━━━━━━━━━╇━━━━━━━━━━━╇━━━━━━━━━━━━╇━━━━━━━━━━╇━━━━━━━━━━━╇━━━━━━━━━━━━╇━━━━━━━━━━━━━┩       │
│ │ Lille OSC  │        5 │     9     │     1X     │        2 │           │            │             │       │
│ │ Fenerbahce │        4 │           │            │        1 │     3     │     1X     │     12      │       │
│ └────────────┴──────────┴───────────┴────────────┴──────────┴───────────┴────────────┴─────────────┘       │
╰───────────────────────────────────────────────────────────────────────────────────────────────── 12 goals ─╯

2026-09-14 09:04:51
╭─ RESULT  FC 25. 3x3. Conference League  ·  Red Bull vs Chelsea ────────────────────────────────────────────╮
│ ┏━━━━━━━━━━┳━━━━━━━━━━┳━━━━━━━━━━━┳━━━━━━━━━━━━┳━━━━━━━━━━┳━━━━━━━━━━━┳━━━━━━━━━━━━┳━━━━━━━━━━━━━┓         │
│ ┃          ┃          ┃ total for ┃ winner for ┃          ┃ total for ┃ winner for ┃             ┃         │
│ ┃ Result   ┃ 1st half ┃ 1st half  ┃  1st half  ┃ 2nd half ┃ 2nd half  ┃  2nd half  ┃ final total ┃         │
│ ┡━━━━━━━━━━╇━━━━━━━━━━╇━━━━━━━━━━━╇━━━━━━━━━━━━╇━━━━━━━━━━╇━━━━━━━━━━━╇━━━━━━━━━━━━╇━━━━━━━━━━━━━┩         │
│ │ Red Bull │        3 │     6     │     X      │        2 │           │            │             │         │
│ │ Chelsea  │        3 │           │            │        4 │     6     │     2X     │     12      │         │
│ └──────────┴──────────┴───────────┴────────────┴──────────┴───────────┴────────────┴─────────────┘         │
│ W1 30.00  X 30.00  W2 1.00 ✓                                                                               │
╰───────────────────────────────────────────────────────────────────────────────────────────────── 12 goals ─╯

2026-09-14 09:15:23
╭─ RESULT  FC 25. 3x3. Conference League  ·  Heart of Midlothian vs Roma ────────────────────────────────────╮
│ ┏━━━━━━━━━━━━━━━━━━┳━━━━━━━━━━┳━━━━━━━━━━━┳━━━━━━━━━━━━┳━━━━━━━━━━┳━━━━━━━━━━━┳━━━━━━━━━━━━┳━━━━━━━━━━━━━┓ │
│ ┃                  ┃          ┃ total for ┃ winner for ┃          ┃ total for ┃ winner for ┃             ┃ │
│ ┃ Result           ┃ 1st half ┃ 1st half  ┃  1st half  ┃ 2nd half ┃ 2nd half  ┃  2nd half  ┃ final total ┃ │
│ ┡━━━━━━━━━━━━━━━━━━╇━━━━━━━━━━╇━━━━━━━━━━━╇━━━━━━━━━━━━╇━━━━━━━━━━╇━━━━━━━━━━━╇━━━━━━━━━━━━╇━━━━━━━━━━━━━┩ │
│ │ Heart of         │        2 │     6     │     2X     │        3 │           │            │             │ │
│ │ Midlothian       │          │           │            │          │           │            │             │ │
│ │ Roma             │        4 │           │            │        5 │     8     │     2X     │     14      │ │
│ └──────────────────┴──────────┴───────────┴────────────┴──────────┴───────────┴────────────┴─────────────┘ │
╰───────────────────────────────────────────────────────────────────────────────────────────────── 14 goals ─╯

2026-09-14 09:25:20
╭─ RESULT  FC 25. 3x3. Conference League  ·  Olympiacos vs Roma ─────────────────────────────────────────────╮
│ ┏━━━━━━━━━━━━┳━━━━━━━━━━┳━━━━━━━━━━━┳━━━━━━━━━━━━┳━━━━━━━━━━┳━━━━━━━━━━━┳━━━━━━━━━━━━┳━━━━━━━━━━━━━┓       │
│ ┃            ┃          ┃ total for ┃ winner for ┃          ┃ total for ┃ winner for ┃             ┃       │
│ ┃ Result     ┃ 1st half ┃ 1st half  ┃  1st half  ┃ 2nd half ┃ 2nd half  ┃  2nd half  ┃ final total ┃       │
│ ┡━━━━━━━━━━━━╇━━━━━━━━━━╇━━━━━━━━━━━╇━━━━━━━━━━━━╇━━━━━━━━━━╇━━━━━━━━━━━╇━━━━━━━━━━━━╇━━━━━━━━━━━━━┩       │
│ │ Olympiacos │        2 │     5     │     2X     │        4 │           │            │             │       │
│ │ Roma       │        3 │           │            │        5 │     9     │     2X     │     14      │       │
│ └────────────┴──────────┴───────────┴────────────┴──────────┴───────────┴────────────┴─────────────┘       │
╰───────────────────────────────────────────────────────────────────────────────────────────────── 14 goals ─╯

2026-09-14 09:35:27
╭─ RESULT  FC 25. 3x3. Conference League  ·  Chelsea vs Heart of Midlothian ─────────────────────────────────╮
│ ┏━━━━━━━━━━━━━━━━━━┳━━━━━━━━━━┳━━━━━━━━━━━┳━━━━━━━━━━━━┳━━━━━━━━━━┳━━━━━━━━━━━┳━━━━━━━━━━━━┳━━━━━━━━━━━━━┓ │
│ ┃                  ┃          ┃ total for ┃ winner for ┃          ┃ total for ┃ winner for ┃             ┃ │
│ ┃ Result           ┃ 1st half ┃ 1st half  ┃  1st half  ┃ 2nd half ┃ 2nd half  ┃  2nd half  ┃ final total ┃ │
│ ┡━━━━━━━━━━━━━━━━━━╇━━━━━━━━━━╇━━━━━━━━━━━╇━━━━━━━━━━━━╇━━━━━━━━━━╇━━━━━━━━━━━╇━━━━━━━━━━━━╇━━━━━━━━━━━━━┩ │
│ │ Chelsea          │        3 │     5     │     1X     │        5 │           │            │             │ │
│ │ Heart of         │        2 │           │            │        5 │    10     │     X      │     15      │ │
│ │ Midlothian       │          │           │            │          │           │            │             │ │
│ └──────────────────┴──────────┴───────────┴────────────┴──────────┴───────────┴────────────┴─────────────┘ │
│ W1 1.00 ✓  X 19.00  W2 30.00                                                                               │
╰───────────────────────────────────────────────────────────────────────────────────────────────── 15 goals ─╯

2026-09-14 09:47:02
╭─ RESULT  FC 25. 3x3. Conference League  ·  Fenerbahce vs Red Bull ─────────────────────────────────────────╮
│ ┏━━━━━━━━━━━━┳━━━━━━━━━━┳━━━━━━━━━━━┳━━━━━━━━━━━━┳━━━━━━━━━━┳━━━━━━━━━━━┳━━━━━━━━━━━━┳━━━━━━━━━━━━━┓       │
│ ┃            ┃          ┃ total for ┃ winner for ┃          ┃ total for ┃ winner for ┃             ┃       │
│ ┃ Result     ┃ 1st half ┃ 1st half  ┃  1st half  ┃ 2nd half ┃ 2nd half  ┃  2nd half  ┃ final total ┃       │
│ ┡━━━━━━━━━━━━╇━━━━━━━━━━╇━━━━━━━━━━━╇━━━━━━━━━━━━╇━━━━━━━━━━╇━━━━━━━━━━━╇━━━━━━━━━━━━╇━━━━━━━━━━━━━┩       │
│ │ Fenerbahce │        5 │     9     │     1X     │        5 │           │            │             │       │
│ │ Red Bull   │        4 │           │            │        7 │    12     │     2X     │     21      │       │
│ └────────────┴──────────┴───────────┴────────────┴──────────┴───────────┴────────────┴─────────────┘       │
╰───────────────────────────────────────────────────────────────────────────────────────────────── 21 goals ─╯

2026-09-14 09:56:10
╭─ RESULT  FC 25. 3x3. Conference League  ·  Celta vs Lille OSC ─────────────────────────────────────────────╮
│ ┏━━━━━━━━━━━┳━━━━━━━━━━┳━━━━━━━━━━━┳━━━━━━━━━━━━┳━━━━━━━━━━┳━━━━━━━━━━━┳━━━━━━━━━━━━┳━━━━━━━━━━━━━┓        │
│ ┃           ┃          ┃ total for ┃ winner for ┃          ┃ total for ┃ winner for ┃             ┃        │
│ ┃ Result    ┃ 1st half ┃ 1st half  ┃  1st half  ┃ 2nd half ┃ 2nd half  ┃  2nd half  ┃ final total ┃        │
│ ┡━━━━━━━━━━━╇━━━━━━━━━━╇━━━━━━━━━━━╇━━━━━━━━━━━━╇━━━━━━━━━━╇━━━━━━━━━━━╇━━━━━━━━━━━━╇━━━━━━━━━━━━━┩        │
│ │ Celta     │        4 │     8     │     X      │        3 │           │            │             │        │
│ │ Lille OSC │        4 │           │            │        8 │    11     │     2X     │     19      │        │
│ └───────────┴──────────┴───────────┴────────────┴──────────┴───────────┴────────────┴─────────────┘        │
╰───────────────────────────────────────────────────────────────────────────────────────────────── 19 goals ─╯

2026-09-14 10:04:36
╭─ RESULT  FC 25. 3x3. Conference League  ·  Fiorentina vs Borussia Monchengladbach ─────────────────────────╮
│ ┏━━━━━━━━━━━━━━━━━━┳━━━━━━━━━━┳━━━━━━━━━━━┳━━━━━━━━━━━━┳━━━━━━━━━━┳━━━━━━━━━━━┳━━━━━━━━━━━━┳━━━━━━━━━━━━━┓ │
│ ┃                  ┃          ┃ total for ┃ winner for ┃          ┃ total for ┃ winner for ┃             ┃ │
│ ┃ Result           ┃ 1st half ┃ 1st half  ┃  1st half  ┃ 2nd half ┃ 2nd half  ┃  2nd half  ┃ final total ┃ │
│ ┡━━━━━━━━━━━━━━━━━━╇━━━━━━━━━━╇━━━━━━━━━━━╇━━━━━━━━━━━━╇━━━━━━━━━━╇━━━━━━━━━━━╇━━━━━━━━━━━━╇━━━━━━━━━━━━━┩ │
│ │ Fiorentina       │        2 │     8     │     2X     │        3 │           │            │             │ │
│ │ Borussia         │        6 │           │            │        3 │     6     │     X      │     14      │ │
│ │ Monchengladbach  │          │           │            │          │           │            │             │ │
│ └──────────────────┴──────────┴───────────┴────────────┴──────────┴───────────┴────────────┴─────────────┘ │
│ W1 1.00  X 1.00  W2 1.00 ✓                                                                                 │
╰───────────────────────────────────────────────────────────────────────────────────────────────── 14 goals ─╯

2026-09-14 10:18:42
╭─ RESULT  FC 25. 3x3. Conference League  ·  Anderlecht vs Braga ────────────────────────────────────────────╮
│ ┏━━━━━━━━━━━━┳━━━━━━━━━━┳━━━━━━━━━━━┳━━━━━━━━━━━━┳━━━━━━━━━━┳━━━━━━━━━━━┳━━━━━━━━━━━━┳━━━━━━━━━━━━━┓       │
│ ┃            ┃          ┃ total for ┃ winner for ┃          ┃ total for ┃ winner for ┃             ┃       │
│ ┃ Result     ┃ 1st half ┃ 1st half  ┃  1st half  ┃ 2nd half ┃ 2nd half  ┃  2nd half  ┃ final total ┃       │
│ ┡━━━━━━━━━━━━╇━━━━━━━━━━╇━━━━━━━━━━━╇━━━━━━━━━━━━╇━━━━━━━━━━╇━━━━━━━━━━━╇━━━━━━━━━━━━╇━━━━━━━━━━━━━┩       │
│ │ Anderlecht │        7 │    15     │     2X     │        6 │           │            │             │       │
│ │ Braga      │        8 │           │            │        8 │    14     │     2X     │     29      │       │
│ └────────────┴──────────┴───────────┴────────────┴──────────┴───────────┴────────────┴─────────────┘       │
╰───────────────────────────────────────────────────────────────────────────────────────────────── 29 goals ─╯

2026-09-14 10:25:51
╭─ RESULT  FC 25. 3x3. Conference League  ·  West Ham United vs AZ Alkmaar ──────────────────────────────────╮
│ ┏━━━━━━━━━━━━━━━━━┳━━━━━━━━━━┳━━━━━━━━━━━┳━━━━━━━━━━━━┳━━━━━━━━━━┳━━━━━━━━━━━┳━━━━━━━━━━━━┳━━━━━━━━━━━━━┓  │
│ ┃                 ┃          ┃ total for ┃ winner for ┃          ┃ total for ┃ winner for ┃             ┃  │
│ ┃ Result          ┃ 1st half ┃ 1st half  ┃  1st half  ┃ 2nd half ┃ 2nd half  ┃  2nd half  ┃ final total ┃  │
│ ┡━━━━━━━━━━━━━━━━━╇━━━━━━━━━━╇━━━━━━━━━━━╇━━━━━━━━━━━━╇━━━━━━━━━━╇━━━━━━━━━━━╇━━━━━━━━━━━━╇━━━━━━━━━━━━━┩  │
│ │ West Ham United │        6 │    11     │     1X     │        3 │           │            │             │  │
│ │ AZ Alkmaar      │        5 │           │            │        2 │     5     │     1X     │     16      │  │
│ └─────────────────┴──────────┴───────────┴────────────┴──────────┴───────────┴────────────┴─────────────┘  │
│ W1 1.00 ✓  X 30.00  W2 30.00                                                                               │
╰───────────────────────────────────────────────────────────────────────────────────────────────── 16 goals ─╯

2026-09-14 10:36:06
╭─ RESULT  FC 25. 3x3. Conference League  ·  Nice vs Eintracht Frankfurt ────────────────────────────────────╮
│ ┏━━━━━━━━━━━━━━━━━━┳━━━━━━━━━━┳━━━━━━━━━━━┳━━━━━━━━━━━━┳━━━━━━━━━━┳━━━━━━━━━━━┳━━━━━━━━━━━━┳━━━━━━━━━━━━━┓ │
│ ┃                  ┃          ┃ total for ┃ winner for ┃          ┃ total for ┃ winner for ┃             ┃ │
│ ┃ Result           ┃ 1st half ┃ 1st half  ┃  1st half  ┃ 2nd half ┃ 2nd half  ┃  2nd half  ┃ final total ┃ │
│ ┡━━━━━━━━━━━━━━━━━━╇━━━━━━━━━━╇━━━━━━━━━━━╇━━━━━━━━━━━━╇━━━━━━━━━━╇━━━━━━━━━━━╇━━━━━━━━━━━━╇━━━━━━━━━━━━━┩ │
│ │ Nice             │        7 │    12     │     1X     │        2 │           │            │             │ │
│ │ Eintracht        │        5 │           │            │        4 │     6     │     2X     │     18      │ │
│ │ Frankfurt        │          │           │            │          │           │            │             │ │
│ └──────────────────┴──────────┴───────────┴────────────┴──────────┴───────────┴────────────┴─────────────┘ │
╰───────────────────────────────────────────────────────────────────────────────────────────────── 18 goals ─╯

2026-09-14 10:45:48
╭─ RESULT  FC 25. 3x3. Conference League  ·  Villarreal vs Basel ────────────────────────────────────────────╮
│ ┏━━━━━━━━━━━━┳━━━━━━━━━━┳━━━━━━━━━━━┳━━━━━━━━━━━━┳━━━━━━━━━━┳━━━━━━━━━━━┳━━━━━━━━━━━━┳━━━━━━━━━━━━━┓       │
│ ┃            ┃          ┃ total for ┃ winner for ┃          ┃ total for ┃ winner for ┃             ┃       │
│ ┃ Result     ┃ 1st half ┃ 1st half  ┃  1st half  ┃ 2nd half ┃ 2nd half  ┃  2nd half  ┃ final total ┃       │
│ ┡━━━━━━━━━━━━╇━━━━━━━━━━╇━━━━━━━━━━━╇━━━━━━━━━━━━╇━━━━━━━━━━╇━━━━━━━━━━━╇━━━━━━━━━━━━╇━━━━━━━━━━━━━┩       │
│ │ Villarreal │        5 │     9     │     1X     │        5 │           │            │             │       │
│ │ Basel      │        4 │           │            │        3 │     8     │     1X     │     17      │       │
│ └────────────┴──────────┴───────────┴────────────┴──────────┴───────────┴────────────┴─────────────┘       │
│ W1 1.00 ✓  X 20.00  W2 30.00                                                                               │
╰───────────────────────────────────────────────────────────────────────────────────────────────── 17 goals ─╯

2026-09-14 10:55:53
╭─ RESULT  FC 25. 3x3. Conference League  ·  Basel vs Olympiacos ────────────────────────────────────────────╮
│ ┏━━━━━━━━━━━━┳━━━━━━━━━━┳━━━━━━━━━━━┳━━━━━━━━━━━━┳━━━━━━━━━━┳━━━━━━━━━━━┳━━━━━━━━━━━━┳━━━━━━━━━━━━━┓       │
│ ┃            ┃          ┃ total for ┃ winner for ┃          ┃ total for ┃ winner for ┃             ┃       │
│ ┃ Result     ┃ 1st half ┃ 1st half  ┃  1st half  ┃ 2nd half ┃ 2nd half  ┃  2nd half  ┃ final total ┃       │
│ ┡━━━━━━━━━━━━╇━━━━━━━━━━╇━━━━━━━━━━━╇━━━━━━━━━━━━╇━━━━━━━━━━╇━━━━━━━━━━━╇━━━━━━━━━━━━╇━━━━━━━━━━━━━┩       │
│ │ Basel      │        2 │     8     │     2X     │        4 │           │            │             │       │
│ │ Olympiacos │        6 │           │            │        5 │     9     │     2X     │     17      │       │
│ └────────────┴──────────┴───────────┴────────────┴──────────┴───────────┴────────────┴─────────────┘       │
╰───────────────────────────────────────────────────────────────────────────────────────────────── 17 goals ─╯

2026-09-14 11:05:37
╭─ RESULT  FC 25. 3x3. Conference League  ·  Eintracht Frankfurt vs Villarreal ──────────────────────────────╮
│ ┏━━━━━━━━━━━━━━━━━━┳━━━━━━━━━━┳━━━━━━━━━━━┳━━━━━━━━━━━━┳━━━━━━━━━━┳━━━━━━━━━━━┳━━━━━━━━━━━━┳━━━━━━━━━━━━━┓ │
│ ┃                  ┃          ┃ total for ┃ winner for ┃          ┃ total for ┃ winner for ┃             ┃ │
│ ┃ Result           ┃ 1st half ┃ 1st half  ┃  1st half  ┃ 2nd half ┃ 2nd half  ┃  2nd half  ┃ final total ┃ │
│ ┡━━━━━━━━━━━━━━━━━━╇━━━━━━━━━━╇━━━━━━━━━━━╇━━━━━━━━━━━━╇━━━━━━━━━━╇━━━━━━━━━━━╇━━━━━━━━━━━━╇━━━━━━━━━━━━━┩ │
│ │ Eintracht        │        6 │    10     │     1X     │        1 │           │            │             │ │
│ │ Frankfurt        │          │           │            │          │           │            │             │ │
│ │ Villarreal       │        4 │           │            │        3 │     4     │     2X     │     14      │ │
│ └──────────────────┴──────────┴───────────┴────────────┴──────────┴───────────┴────────────┴─────────────┘ │
│ W1 3.25  X 2.16 ✓  W2 3.22                                                                                 │
╰───────────────────────────────────────────────────────────────────────────────────────────────── 14 goals ─╯

2026-09-14 11:14:57
╭─ RESULT  FC 25. 3x3. Conference League  ·  AZ Alkmaar vs Nice ─────────────────────────────────────────────╮
│ ┏━━━━━━━━━━━━┳━━━━━━━━━━┳━━━━━━━━━━━┳━━━━━━━━━━━━┳━━━━━━━━━━┳━━━━━━━━━━━┳━━━━━━━━━━━━┳━━━━━━━━━━━━━┓       │
│ ┃            ┃          ┃ total for ┃ winner for ┃          ┃ total for ┃ winner for ┃             ┃       │
│ ┃ Result     ┃ 1st half ┃ 1st half  ┃  1st half  ┃ 2nd half ┃ 2nd half  ┃  2nd half  ┃ final total ┃       │
│ ┡━━━━━━━━━━━━╇━━━━━━━━━━╇━━━━━━━━━━━╇━━━━━━━━━━━━╇━━━━━━━━━━╇━━━━━━━━━━━╇━━━━━━━━━━━━╇━━━━━━━━━━━━━┩       │
│ │ AZ Alkmaar │        1 │     5     │     2X     │        3 │           │            │             │       │
│ │ Nice       │        4 │           │            │        4 │     7     │     2X     │     12      │       │
│ └────────────┴──────────┴───────────┴────────────┴──────────┴───────────┴────────────┴─────────────┘       │
╰───────────────────────────────────────────────────────────────────────────────────────────────── 12 goals ─╯

2026-09-14 11:24:46
╭─ RESULT  FC 25. 3x3. Conference League  ·  Braga vs West Ham United ───────────────────────────────────────╮
│ ┏━━━━━━━━━━━━━━━━━┳━━━━━━━━━━┳━━━━━━━━━━━┳━━━━━━━━━━━━┳━━━━━━━━━━┳━━━━━━━━━━━┳━━━━━━━━━━━━┳━━━━━━━━━━━━━┓  │
│ ┃                 ┃          ┃ total for ┃ winner for ┃          ┃ total for ┃ winner for ┃             ┃  │
│ ┃ Result          ┃ 1st half ┃ 1st half  ┃  1st half  ┃ 2nd half ┃ 2nd half  ┃  2nd half  ┃ final total ┃  │
│ ┡━━━━━━━━━━━━━━━━━╇━━━━━━━━━━╇━━━━━━━━━━━╇━━━━━━━━━━━━╇━━━━━━━━━━╇━━━━━━━━━━━╇━━━━━━━━━━━━╇━━━━━━━━━━━━━┩  │
│ │ Braga           │        5 │     7     │     1X     │        3 │           │            │             │  │
│ │ West Ham United │        2 │           │            │        3 │     6     │     X      │     13      │  │
│ └─────────────────┴──────────┴───────────┴────────────┴──────────┴───────────┴────────────┴─────────────┘  │
│ W1 1.00 ✓  X 30.00  W2 30.00                                                                               │
╰───────────────────────────────────────────────────────────────────────────────────────────────── 13 goals ─╯

2026-09-14 11:37:47
╭─ RESULT  FC 25. 3x3. Conference League  ·  Borussia Monchengladbach vs Anderlecht ─────────────────────────╮
│ ┏━━━━━━━━━━━━━━━━━━┳━━━━━━━━━━┳━━━━━━━━━━━┳━━━━━━━━━━━━┳━━━━━━━━━━┳━━━━━━━━━━━┳━━━━━━━━━━━━┳━━━━━━━━━━━━━┓ │
│ ┃                  ┃          ┃ total for ┃ winner for ┃          ┃ total for ┃ winner for ┃             ┃ │
│ ┃ Result           ┃ 1st half ┃ 1st half  ┃  1st half  ┃ 2nd half ┃ 2nd half  ┃  2nd half  ┃ final total ┃ │
│ ┡━━━━━━━━━━━━━━━━━━╇━━━━━━━━━━╇━━━━━━━━━━━╇━━━━━━━━━━━━╇━━━━━━━━━━╇━━━━━━━━━━━╇━━━━━━━━━━━━╇━━━━━━━━━━━━━┩ │
│ │ Borussia         │        5 │    10     │     X      │        4 │           │            │             │ │
│ │ Monchengladbach  │          │           │            │          │           │            │             │ │
│ │ Anderlecht       │        5 │           │            │        5 │     9     │     2X     │     19      │ │
│ └──────────────────┴──────────┴───────────┴────────────┴──────────┴───────────┴────────────┴─────────────┘ │
╰───────────────────────────────────────────────────────────────────────────────────────────────── 19 goals ─╯

2026-09-14 11:45:26
╭─ RESULT  FC 25. 3x3. Conference League  ·  Lille OSC vs Fiorentina ────────────────────────────────────────╮
│ ┏━━━━━━━━━━━━┳━━━━━━━━━━┳━━━━━━━━━━━┳━━━━━━━━━━━━┳━━━━━━━━━━┳━━━━━━━━━━━┳━━━━━━━━━━━━┳━━━━━━━━━━━━━┓       │
│ ┃            ┃          ┃ total for ┃ winner for ┃          ┃ total for ┃ winner for ┃             ┃       │
│ ┃ Result     ┃ 1st half ┃ 1st half  ┃  1st half  ┃ 2nd half ┃ 2nd half  ┃  2nd half  ┃ final total ┃       │
│ ┡━━━━━━━━━━━━╇━━━━━━━━━━╇━━━━━━━━━━━╇━━━━━━━━━━━━╇━━━━━━━━━━╇━━━━━━━━━━━╇━━━━━━━━━━━━╇━━━━━━━━━━━━━┩       │
│ │ Lille OSC  │        3 │     9     │     2X     │        3 │           │            │             │       │
│ │ Fiorentina │        6 │           │            │        4 │     7     │     2X     │     16      │       │
│ └────────────┴──────────┴───────────┴────────────┴──────────┴───────────┴────────────┴─────────────┘       │
╰───────────────────────────────────────────────────────────────────────────────────────────────── 16 goals ─╯

2026-09-14 11:55:43
╭─ RESULT  FC 25. 3x3. Conference League  ·  Red Bull vs Celta ──────────────────────────────────────────────╮
│ ┏━━━━━━━━━━┳━━━━━━━━━━┳━━━━━━━━━━━┳━━━━━━━━━━━━┳━━━━━━━━━━┳━━━━━━━━━━━┳━━━━━━━━━━━━┳━━━━━━━━━━━━━┓         │
│ ┃          ┃          ┃ total for ┃ winner for ┃          ┃ total for ┃ winner for ┃             ┃         │
│ ┃ Result   ┃ 1st half ┃ 1st half  ┃  1st half  ┃ 2nd half ┃ 2nd half  ┃  2nd half  ┃ final total ┃         │
│ ┡━━━━━━━━━━╇━━━━━━━━━━╇━━━━━━━━━━━╇━━━━━━━━━━━━╇━━━━━━━━━━╇━━━━━━━━━━━╇━━━━━━━━━━━━╇━━━━━━━━━━━━━┩         │
│ │ Red Bull │        3 │     7     │     2X     │        6 │           │            │             │         │
│ │ Celta    │        4 │           │            │        4 │    10     │     1X     │     17      │         │
│ └──────────┴──────────┴───────────┴────────────┴──────────┴───────────┴────────────┴─────────────┘         │
│ W1 1.00 ✓  X 16.00  W2 30.00                                                                               │
╰───────────────────────────────────────────────────────────────────────────────────────────────── 17 goals ─╯

2026-09-14 12:16:49
╭─ RESULT  FC 25. 3x3. Conference League  ·  Roma vs Chelsea ────────────────────────────────────────────────╮
│ ┏━━━━━━━━━┳━━━━━━━━━━┳━━━━━━━━━━━┳━━━━━━━━━━━━┳━━━━━━━━━━┳━━━━━━━━━━━┳━━━━━━━━━━━━┳━━━━━━━━━━━━━┓          │
│ ┃         ┃          ┃ total for ┃ winner for ┃          ┃ total for ┃ winner for ┃             ┃          │
│ ┃ Result  ┃ 1st half ┃ 1st half  ┃  1st half  ┃ 2nd half ┃ 2nd half  ┃  2nd half  ┃ final total ┃          │
│ ┡━━━━━━━━━╇━━━━━━━━━━╇━━━━━━━━━━━╇━━━━━━━━━━━━╇━━━━━━━━━━╇━━━━━━━━━━━╇━━━━━━━━━━━━╇━━━━━━━━━━━━━┩          │
│ │ Roma    │        4 │     7     │     1X     │        6 │           │            │             │          │
│ │ Chelsea │        3 │           │            │        7 │    13     │     2X     │     20      │          │
│ └─────────┴──────────┴───────────┴────────────┴──────────┴───────────┴────────────┴─────────────┘          │
╰───────────────────────────────────────────────────────────────────────────────────────────────── 20 goals ─╯

2026-09-14 12:27:10
╭─ RESULT  FC 25. 3x3. Conference League  ·  Olympiacos vs Chelsea ──────────────────────────────────────────╮
│ ┏━━━━━━━━━━━━┳━━━━━━━━━━┳━━━━━━━━━━━┳━━━━━━━━━━━━┳━━━━━━━━━━┳━━━━━━━━━━━┳━━━━━━━━━━━━┳━━━━━━━━━━━━━┓       │
│ ┃            ┃          ┃ total for ┃ winner for ┃          ┃ total for ┃ winner for ┃             ┃       │
│ ┃ Result     ┃ 1st half ┃ 1st half  ┃  1st half  ┃ 2nd half ┃ 2nd half  ┃  2nd half  ┃ final total ┃       │
│ ┡━━━━━━━━━━━━╇━━━━━━━━━━╇━━━━━━━━━━━╇━━━━━━━━━━━━╇━━━━━━━━━━╇━━━━━━━━━━━╇━━━━━━━━━━━━╇━━━━━━━━━━━━━┩       │
│ │ Olympiacos │        6 │    12     │     X      │        4 │           │            │             │       │
│ │ Chelsea    │        6 │           │            │        5 │     9     │     2X     │     21      │       │
│ └────────────┴──────────┴───────────┴────────────┴──────────┴───────────┴────────────┴─────────────┘       │
│ W1 30.00  X 30.00  W2 1.00 ✓                                                                               │
╰───────────────────────────────────────────────────────────────────────────────────────────────── 21 goals ─╯

2026-09-14 12:33:13
╭─ RESULT  FC 25. 3x3. Conference League  ·  Fenerbahce vs Roma ─────────────────────────────────────────────╮
│ ┏━━━━━━━━━━━━┳━━━━━━━━━━┳━━━━━━━━━━━┳━━━━━━━━━━━━┳━━━━━━━━━━┳━━━━━━━━━━━┳━━━━━━━━━━━━┳━━━━━━━━━━━━━┓       │
│ ┃            ┃          ┃ total for ┃ winner for ┃          ┃ total for ┃ winner for ┃             ┃       │
│ ┃ Result     ┃ 1st half ┃ 1st half  ┃  1st half  ┃ 2nd half ┃ 2nd half  ┃  2nd half  ┃ final total ┃       │
│ ┡━━━━━━━━━━━━╇━━━━━━━━━━╇━━━━━━━━━━━╇━━━━━━━━━━━━╇━━━━━━━━━━╇━━━━━━━━━━━╇━━━━━━━━━━━━╇━━━━━━━━━━━━━┩       │
│ │ Fenerbahce │        1 │     2     │     X      │        1 │           │            │             │       │
│ │ Roma       │        1 │           │            │        3 │     4     │     2X     │      6      │       │
│ └────────────┴──────────┴───────────┴────────────┴──────────┴───────────┴────────────┴─────────────┘       │
│ W1 30.00  X 14.00  W2 1.00 ✓                                                                               │
╰────────────────────────────────────────────────────────────────────────────────────────────────── 6 goals ─╯

2026-09-14 12:45:51
╭─ RESULT  FC 25. 3x3. Conference League  ·  Celta vs Heart of Midlothian ───────────────────────────────────╮
│ ┏━━━━━━━━━━━━━━━━━━┳━━━━━━━━━━┳━━━━━━━━━━━┳━━━━━━━━━━━━┳━━━━━━━━━━┳━━━━━━━━━━━┳━━━━━━━━━━━━┳━━━━━━━━━━━━━┓ │
│ ┃                  ┃          ┃ total for ┃ winner for ┃          ┃ total for ┃ winner for ┃             ┃ │
│ ┃ Result           ┃ 1st half ┃ 1st half  ┃  1st half  ┃ 2nd half ┃ 2nd half  ┃  2nd half  ┃ final total ┃ │
│ ┡━━━━━━━━━━━━━━━━━━╇━━━━━━━━━━╇━━━━━━━━━━━╇━━━━━━━━━━━━╇━━━━━━━━━━╇━━━━━━━━━━━╇━━━━━━━━━━━━╇━━━━━━━━━━━━━┩ │
│ │ Celta            │        5 │     9     │     1X     │        3 │           │            │             │ │
│ │ Heart of         │        4 │           │            │        4 │     7     │     2X     │     16      │ │
│ │ Midlothian       │          │           │            │          │           │            │             │ │
│ └──────────────────┴──────────┴───────────┴────────────┴──────────┴───────────┴────────────┴─────────────┘ │
╰───────────────────────────────────────────────────────────────────────────────────────────────── 16 goals ─╯

2026-09-14 12:55:19
╭─ RESULT  FC 25. 3x3. Conference League  ·  Fiorentina vs Red Bull ─────────────────────────────────────────╮
│ ┏━━━━━━━━━━━━┳━━━━━━━━━━┳━━━━━━━━━━━┳━━━━━━━━━━━━┳━━━━━━━━━━┳━━━━━━━━━━━┳━━━━━━━━━━━━┳━━━━━━━━━━━━━┓       │
│ ┃            ┃          ┃ total for ┃ winner for ┃          ┃ total for ┃ winner for ┃             ┃       │
│ ┃ Result     ┃ 1st half ┃ 1st half  ┃  1st half  ┃ 2nd half ┃ 2nd half  ┃  2nd half  ┃ final total ┃       │
│ ┡━━━━━━━━━━━━╇━━━━━━━━━━╇━━━━━━━━━━━╇━━━━━━━━━━━━╇━━━━━━━━━━╇━━━━━━━━━━━╇━━━━━━━━━━━━╇━━━━━━━━━━━━━┩       │
│ │ Fiorentina │        3 │     7     │     2X     │        2 │           │            │             │       │
│ │ Red Bull   │        4 │           │            │        4 │     6     │     2X     │     13      │       │
│ └────────────┴──────────┴───────────┴────────────┴──────────┴───────────┴────────────┴─────────────┘       │
╰───────────────────────────────────────────────────────────────────────────────────────────────── 13 goals ─╯

2026-09-14 13:05:17
╭─ RESULT  FC 25. 3x3. Conference League  ·  Anderlecht vs Lille OSC ────────────────────────────────────────╮
│ ┏━━━━━━━━━━━━┳━━━━━━━━━━┳━━━━━━━━━━━┳━━━━━━━━━━━━┳━━━━━━━━━━┳━━━━━━━━━━━┳━━━━━━━━━━━━┳━━━━━━━━━━━━━┓       │
│ ┃            ┃          ┃ total for ┃ winner for ┃          ┃ total for ┃ winner for ┃             ┃       │
│ ┃ Result     ┃ 1st half ┃ 1st half  ┃  1st half  ┃ 2nd half ┃ 2nd half  ┃  2nd half  ┃ final total ┃       │
│ ┡━━━━━━━━━━━━╇━━━━━━━━━━╇━━━━━━━━━━━╇━━━━━━━━━━━━╇━━━━━━━━━━╇━━━━━━━━━━━╇━━━━━━━━━━━━╇━━━━━━━━━━━━━┩       │
│ │ Anderlecht │        5 │     7     │     1X     │        5 │           │            │             │       │
│ │ Lille OSC  │        2 │           │            │        1 │     6     │     1X     │     13      │       │
│ └────────────┴──────────┴───────────┴────────────┴──────────┴───────────┴────────────┴─────────────┘       │
╰───────────────────────────────────────────────────────────────────────────────────────────────── 13 goals ─╯

2026-09-14 13:14:51
╭─ RESULT  FC 25. 3x3. Conference League  ·  West Ham United vs Borussia Monchengladbach ────────────────────╮
│ ┏━━━━━━━━━━━━━━━━━━┳━━━━━━━━━━┳━━━━━━━━━━━┳━━━━━━━━━━━━┳━━━━━━━━━━┳━━━━━━━━━━━┳━━━━━━━━━━━━┳━━━━━━━━━━━━━┓ │
│ ┃                  ┃          ┃ total for ┃ winner for ┃          ┃ total for ┃ winner for ┃             ┃ │
│ ┃ Result           ┃ 1st half ┃ 1st half  ┃  1st half  ┃ 2nd half ┃ 2nd half  ┃  2nd half  ┃ final total ┃ │
│ ┡━━━━━━━━━━━━━━━━━━╇━━━━━━━━━━╇━━━━━━━━━━━╇━━━━━━━━━━━━╇━━━━━━━━━━╇━━━━━━━━━━━╇━━━━━━━━━━━━╇━━━━━━━━━━━━━┩ │
│ │ West Ham United  │        2 │     5     │     2X     │        1 │           │            │             │ │
│ │ Borussia         │        3 │           │            │        5 │     6     │     2X     │     11      │ │
│ │ Monchengladbach  │          │           │            │          │           │            │             │ │
│ └──────────────────┴──────────┴───────────┴────────────┴──────────┴───────────┴────────────┴─────────────┘ │
╰───────────────────────────────────────────────────────────────────────────────────────────────── 11 goals ─╯

2026-09-14 13:25:46
╭─ RESULT  FC 25. 3x3. Conference League  ·  Nice vs Braga ──────────────────────────────────────────────────╮
│ ┏━━━━━━━━┳━━━━━━━━━━┳━━━━━━━━━━━┳━━━━━━━━━━━━┳━━━━━━━━━━┳━━━━━━━━━━━┳━━━━━━━━━━━━┳━━━━━━━━━━━━━┓           │
│ ┃        ┃          ┃ total for ┃ winner for ┃          ┃ total for ┃ winner for ┃             ┃           │
│ ┃ Result ┃ 1st half ┃ 1st half  ┃  1st half  ┃ 2nd half ┃ 2nd half  ┃  2nd half  ┃ final total ┃           │
│ ┡━━━━━━━━╇━━━━━━━━━━╇━━━━━━━━━━━╇━━━━━━━━━━━━╇━━━━━━━━━━╇━━━━━━━━━━━╇━━━━━━━━━━━━╇━━━━━━━━━━━━━┩           │
│ │ Nice   │        4 │     8     │     X      │        3 │           │            │             │           │
│ │ Braga  │        4 │           │            │        5 │     8     │     2X     │     16      │           │
│ └────────┴──────────┴───────────┴────────────┴──────────┴───────────┴────────────┴─────────────┘           │
│ W1 30.00  X 30.00  W2 1.00 ✓                                                                               │
╰───────────────────────────────────────────────────────────────────────────────────────────────── 16 goals ─╯

2026-09-14 13:34:37
╭─ RESULT  FC 25. 3x3. Conference League  ·  Villarreal vs AZ Alkmaar ───────────────────────────────────────╮
│ ┏━━━━━━━━━━━━┳━━━━━━━━━━┳━━━━━━━━━━━┳━━━━━━━━━━━━┳━━━━━━━━━━┳━━━━━━━━━━━┳━━━━━━━━━━━━┳━━━━━━━━━━━━━┓       │
│ ┃            ┃          ┃ total for ┃ winner for ┃          ┃ total for ┃ winner for ┃             ┃       │
│ ┃ Result     ┃ 1st half ┃ 1st half  ┃  1st half  ┃ 2nd half ┃ 2nd half  ┃  2nd half  ┃ final total ┃       │
│ ┡━━━━━━━━━━━━╇━━━━━━━━━━╇━━━━━━━━━━━╇━━━━━━━━━━━━╇━━━━━━━━━━╇━━━━━━━━━━━╇━━━━━━━━━━━━╇━━━━━━━━━━━━━┩       │
│ │ Villarreal │        2 │     6     │     2X     │        3 │           │            │             │       │
│ │ AZ Alkmaar │        4 │           │            │        1 │     4     │     1X     │     10      │       │
│ └────────────┴──────────┴───────────┴────────────┴──────────┴───────────┴────────────┴─────────────┘       │
╰───────────────────────────────────────────────────────────────────────────────────────────────── 10 goals ─╯

2026-09-14 13:46:38
╭─ RESULT  FC 25. 3x3. Conference League  ·  Basel vs Eintracht Frankfurt ───────────────────────────────────╮
│ ┏━━━━━━━━━━━━━━━━━━┳━━━━━━━━━━┳━━━━━━━━━━━┳━━━━━━━━━━━━┳━━━━━━━━━━┳━━━━━━━━━━━┳━━━━━━━━━━━━┳━━━━━━━━━━━━━┓ │
│ ┃                  ┃          ┃ total for ┃ winner for ┃          ┃ total for ┃ winner for ┃             ┃ │
│ ┃ Result           ┃ 1st half ┃ 1st half  ┃  1st half  ┃ 2nd half ┃ 2nd half  ┃  2nd half  ┃ final total ┃ │
│ ┡━━━━━━━━━━━━━━━━━━╇━━━━━━━━━━╇━━━━━━━━━━━╇━━━━━━━━━━━━╇━━━━━━━━━━╇━━━━━━━━━━━╇━━━━━━━━━━━━╇━━━━━━━━━━━━━┩ │
│ │ Basel            │        5 │     9     │     1X     │        5 │           │            │             │ │
│ │ Eintracht        │        4 │           │            │        5 │    10     │     X      │     19      │ │
│ │ Frankfurt        │          │           │            │          │           │            │             │ │
│ └──────────────────┴──────────┴───────────┴────────────┴──────────┴───────────┴────────────┴─────────────┘ │
╰───────────────────────────────────────────────────────────────────────────────────────────────── 19 goals ─╯

2026-09-14 13:54:37
╭─ RESULT  FC 25. 3x3. Conference League  ·  Eintracht Frankfurt vs Olympiacos ──────────────────────────────╮
│ ┏━━━━━━━━━━━━━━━━━━┳━━━━━━━━━━┳━━━━━━━━━━━┳━━━━━━━━━━━━┳━━━━━━━━━━┳━━━━━━━━━━━┳━━━━━━━━━━━━┳━━━━━━━━━━━━━┓ │
│ ┃                  ┃          ┃ total for ┃ winner for ┃          ┃ total for ┃ winner for ┃             ┃ │
│ ┃ Result           ┃ 1st half ┃ 1st half  ┃  1st half  ┃ 2nd half ┃ 2nd half  ┃  2nd half  ┃ final total ┃ │
│ ┡━━━━━━━━━━━━━━━━━━╇━━━━━━━━━━╇━━━━━━━━━━━╇━━━━━━━━━━━━╇━━━━━━━━━━╇━━━━━━━━━━━╇━━━━━━━━━━━━╇━━━━━━━━━━━━━┩ │
│ │ Eintracht        │        5 │     6     │     1X     │        2 │           │            │             │ │
│ │ Frankfurt        │          │           │            │          │           │            │             │ │
│ │ Olympiacos       │        1 │           │            │        4 │     6     │     2X     │     12      │ │
│ └──────────────────┴──────────┴───────────┴────────────┴──────────┴───────────┴────────────┴─────────────┘ │
╰───────────────────────────────────────────────────────────────────────────────────────────────── 12 goals ─╯

2026-09-14 14:05:14
╭─ RESULT  FC 25. 3x3. Conference League  ·  AZ Alkmaar vs Basel ────────────────────────────────────────────╮
│ ┏━━━━━━━━━━━━┳━━━━━━━━━━┳━━━━━━━━━━━┳━━━━━━━━━━━━┳━━━━━━━━━━┳━━━━━━━━━━━┳━━━━━━━━━━━━┳━━━━━━━━━━━━━┓       │
│ ┃            ┃          ┃ total for ┃ winner for ┃          ┃ total for ┃ winner for ┃             ┃       │
│ ┃ Result     ┃ 1st half ┃ 1st half  ┃  1st half  ┃ 2nd half ┃ 2nd half  ┃  2nd half  ┃ final total ┃       │
│ ┡━━━━━━━━━━━━╇━━━━━━━━━━╇━━━━━━━━━━━╇━━━━━━━━━━━━╇━━━━━━━━━━╇━━━━━━━━━━━╇━━━━━━━━━━━━╇━━━━━━━━━━━━━┩       │
│ │ AZ Alkmaar │        4 │     5     │     1X     │        4 │           │            │             │       │
│ │ Basel      │        1 │           │            │        4 │     8     │     X      │     13      │       │
│ └────────────┴──────────┴───────────┴────────────┴──────────┴───────────┴────────────┴─────────────┘       │
╰───────────────────────────────────────────────────────────────────────────────────────────────── 13 goals ─╯

2026-09-14 14:15:32
╭─ RESULT  FC 25. 3x3. Conference League  ·  Braga vs Villarreal ────────────────────────────────────────────╮
│ ┏━━━━━━━━━━━━┳━━━━━━━━━━┳━━━━━━━━━━━┳━━━━━━━━━━━━┳━━━━━━━━━━┳━━━━━━━━━━━┳━━━━━━━━━━━━┳━━━━━━━━━━━━━┓       │
│ ┃            ┃          ┃ total for ┃ winner for ┃          ┃ total for ┃ winner for ┃             ┃       │
│ ┃ Result     ┃ 1st half ┃ 1st half  ┃  1st half  ┃ 2nd half ┃ 2nd half  ┃  2nd half  ┃ final total ┃       │
│ ┡━━━━━━━━━━━━╇━━━━━━━━━━╇━━━━━━━━━━━╇━━━━━━━━━━━━╇━━━━━━━━━━╇━━━━━━━━━━━╇━━━━━━━━━━━━╇━━━━━━━━━━━━━┩       │
│ │ Braga      │        2 │     7     │     2X     │        6 │           │            │             │       │
│ │ Villarreal │        5 │           │            │        2 │     8     │     1X     │     15      │       │
│ └────────────┴──────────┴───────────┴────────────┴──────────┴───────────┴────────────┴─────────────┘       │
╰───────────────────────────────────────────────────────────────────────────────────────────────── 15 goals ─╯

2026-09-14 14:23:54
╭─ RESULT  FC 25. 3x3. Conference League  ·  Borussia Monchengladbach vs Nice ───────────────────────────────╮
│ ┏━━━━━━━━━━━━━━━━━━┳━━━━━━━━━━┳━━━━━━━━━━━┳━━━━━━━━━━━━┳━━━━━━━━━━┳━━━━━━━━━━━┳━━━━━━━━━━━━┳━━━━━━━━━━━━━┓ │
│ ┃                  ┃          ┃ total for ┃ winner for ┃          ┃ total for ┃ winner for ┃             ┃ │
│ ┃ Result           ┃ 1st half ┃ 1st half  ┃  1st half  ┃ 2nd half ┃ 2nd half  ┃  2nd half  ┃ final total ┃ │
│ ┡━━━━━━━━━━━━━━━━━━╇━━━━━━━━━━╇━━━━━━━━━━━╇━━━━━━━━━━━━╇━━━━━━━━━━╇━━━━━━━━━━━╇━━━━━━━━━━━━╇━━━━━━━━━━━━━┩ │
│ │ Borussia         │        2 │     3     │     1X     │        2 │           │            │             │ │
│ │ Monchengladbach  │          │           │            │          │           │            │             │ │
│ │ Nice             │        1 │           │            │        4 │     6     │     2X     │      9      │ │
│ └──────────────────┴──────────┴───────────┴────────────┴──────────┴───────────┴────────────┴─────────────┘ │
│ W1 10.00  X 3.86  W2 1.34 ✓                                                                                │
╰────────────────────────────────────────────────────────────────────────────────────────────────── 9 goals ─╯

2026-09-14 14:34:23
╭─ RESULT  FC 25. 3x3. Conference League  ·  Lille OSC vs West Ham United ───────────────────────────────────╮
│ ┏━━━━━━━━━━━━━━━━━┳━━━━━━━━━━┳━━━━━━━━━━━┳━━━━━━━━━━━━┳━━━━━━━━━━┳━━━━━━━━━━━┳━━━━━━━━━━━━┳━━━━━━━━━━━━━┓  │
│ ┃                 ┃          ┃ total for ┃ winner for ┃          ┃ total for ┃ winner for ┃             ┃  │
│ ┃ Result          ┃ 1st half ┃ 1st half  ┃  1st half  ┃ 2nd half ┃ 2nd half  ┃  2nd half  ┃ final total ┃  │
│ ┡━━━━━━━━━━━━━━━━━╇━━━━━━━━━━╇━━━━━━━━━━━╇━━━━━━━━━━━━╇━━━━━━━━━━╇━━━━━━━━━━━╇━━━━━━━━━━━━╇━━━━━━━━━━━━━┩  │
│ │ Lille OSC       │        3 │     4     │     1X     │        2 │           │            │             │  │
│ │ West Ham United │        1 │           │            │        5 │     7     │     2X     │     11      │  │
│ └─────────────────┴──────────┴───────────┴────────────┴──────────┴───────────┴────────────┴─────────────┘  │
╰───────────────────────────────────────────────────────────────────────────────────────────────── 11 goals ─╯

2026-09-14 14:45:31
╭─ RESULT  FC 25. 3x3. Conference League  ·  Red Bull vs Anderlecht ─────────────────────────────────────────╮
│ ┏━━━━━━━━━━━━┳━━━━━━━━━━┳━━━━━━━━━━━┳━━━━━━━━━━━━┳━━━━━━━━━━┳━━━━━━━━━━━┳━━━━━━━━━━━━┳━━━━━━━━━━━━━┓       │
│ ┃            ┃          ┃ total for ┃ winner for ┃          ┃ total for ┃ winner for ┃             ┃       │
│ ┃ Result     ┃ 1st half ┃ 1st half  ┃  1st half  ┃ 2nd half ┃ 2nd half  ┃  2nd half  ┃ final total ┃       │
│ ┡━━━━━━━━━━━━╇━━━━━━━━━━╇━━━━━━━━━━━╇━━━━━━━━━━━━╇━━━━━━━━━━╇━━━━━━━━━━━╇━━━━━━━━━━━━╇━━━━━━━━━━━━━┩       │
│ │ Red Bull   │        6 │     7     │     1X     │        2 │           │            │             │       │
│ │ Anderlecht │        1 │           │            │        5 │     7     │     2X     │     14      │       │
│ └────────────┴──────────┴───────────┴────────────┴──────────┴───────────┴────────────┴─────────────┘       │
╰───────────────────────────────────────────────────────────────────────────────────────────────── 14 goals ─╯

2026-09-14 14:55:17
╭─ RESULT  FC 25. 3x3. Conference League  ·  Heart of Midlothian vs Fiorentina ──────────────────────────────╮
│ ┏━━━━━━━━━━━━━━━━━━┳━━━━━━━━━━┳━━━━━━━━━━━┳━━━━━━━━━━━━┳━━━━━━━━━━┳━━━━━━━━━━━┳━━━━━━━━━━━━┳━━━━━━━━━━━━━┓ │
│ ┃                  ┃          ┃ total for ┃ winner for ┃          ┃ total for ┃ winner for ┃             ┃ │
│ ┃ Result           ┃ 1st half ┃ 1st half  ┃  1st half  ┃ 2nd half ┃ 2nd half  ┃  2nd half  ┃ final total ┃ │
│ ┡━━━━━━━━━━━━━━━━━━╇━━━━━━━━━━╇━━━━━━━━━━━╇━━━━━━━━━━━━╇━━━━━━━━━━╇━━━━━━━━━━━╇━━━━━━━━━━━━╇━━━━━━━━━━━━━┩ │
│ │ Heart of         │        3 │     8     │     2X     │        4 │           │            │             │ │
│ │ Midlothian       │          │           │            │          │           │            │             │ │
│ │ Fiorentina       │        5 │           │            │        1 │     5     │     1X     │     13      │ │
│ └──────────────────┴──────────┴───────────┴────────────┴──────────┴───────────┴────────────┴─────────────┘ │
│ W1 1.43 ✓  X 3.51  W2 9.62                                                                                 │
╰───────────────────────────────────────────────────────────────────────────────────────────────── 13 goals ─╯

2026-09-14 15:03:36
╭─ RESULT  FC 25. 3x3. Conference League  ·  Roma vs Celta ──────────────────────────────────────────────────╮
│ ┏━━━━━━━━┳━━━━━━━━━━┳━━━━━━━━━━━┳━━━━━━━━━━━━┳━━━━━━━━━━┳━━━━━━━━━━━┳━━━━━━━━━━━━┳━━━━━━━━━━━━━┓           │
│ ┃        ┃          ┃ total for ┃ winner for ┃          ┃ total for ┃ winner for ┃             ┃           │
│ ┃ Result ┃ 1st half ┃ 1st half  ┃  1st half  ┃ 2nd half ┃ 2nd half  ┃  2nd half  ┃ final total ┃           │
│ ┡━━━━━━━━╇━━━━━━━━━━╇━━━━━━━━━━━╇━━━━━━━━━━━━╇━━━━━━━━━━╇━━━━━━━━━━━╇━━━━━━━━━━━━╇━━━━━━━━━━━━━┩           │
│ │ Roma   │        3 │     5     │     1X     │        1 │           │            │             │           │
│ │ Celta  │        2 │           │            │        3 │     4     │     2X     │      9      │           │
│ └────────┴──────────┴───────────┴────────────┴──────────┴───────────┴────────────┴─────────────┘           │
│ W1 2.90  X 2.31  W2 3.28 ✓                                                                                 │
╰────────────────────────────────────────────────────────────────────────────────────────────────── 9 goals ─╯

2026-09-14 15:17:57
╭─ RESULT  FC 25. 3x3. Conference League  ·  Chelsea vs Fenerbahce ──────────────────────────────────────────╮
│ ┏━━━━━━━━━━━━┳━━━━━━━━━━┳━━━━━━━━━━━┳━━━━━━━━━━━━┳━━━━━━━━━━┳━━━━━━━━━━━┳━━━━━━━━━━━━┳━━━━━━━━━━━━━┓       │
│ ┃            ┃          ┃ total for ┃ winner for ┃          ┃ total for ┃ winner for ┃             ┃       │
│ ┃ Result     ┃ 1st half ┃ 1st half  ┃  1st half  ┃ 2nd half ┃ 2nd half  ┃  2nd half  ┃ final total ┃       │
│ ┡━━━━━━━━━━━━╇━━━━━━━━━━╇━━━━━━━━━━━╇━━━━━━━━━━━━╇━━━━━━━━━━╇━━━━━━━━━━━╇━━━━━━━━━━━━╇━━━━━━━━━━━━━┩       │
│ │ Chelsea    │        3 │    10     │     2X     │        4 │           │            │             │       │
│ │ Fenerbahce │        7 │           │            │        8 │    12     │     2X     │     22      │       │
│ └────────────┴──────────┴───────────┴────────────┴──────────┴───────────┴────────────┴─────────────┘       │
╰───────────────────────────────────────────────────────────────────────────────────────────────── 22 goals ─╯

2026-09-14 15:26:48
╭─ RESULT  FC 25. 3x3. Conference League  ·  Olympiacos vs Fenerbahce ───────────────────────────────────────╮
│ ┏━━━━━━━━━━━━┳━━━━━━━━━━┳━━━━━━━━━━━┳━━━━━━━━━━━━┳━━━━━━━━━━┳━━━━━━━━━━━┳━━━━━━━━━━━━┳━━━━━━━━━━━━━┓       │
│ ┃            ┃          ┃ total for ┃ winner for ┃          ┃ total for ┃ winner for ┃             ┃       │
│ ┃ Result     ┃ 1st half ┃ 1st half  ┃  1st half  ┃ 2nd half ┃ 2nd half  ┃  2nd half  ┃ final total ┃       │
│ ┡━━━━━━━━━━━━╇━━━━━━━━━━╇━━━━━━━━━━━╇━━━━━━━━━━━━╇━━━━━━━━━━╇━━━━━━━━━━━╇━━━━━━━━━━━━╇━━━━━━━━━━━━━┩       │
│ │ Olympiacos │        5 │    10     │     X      │        6 │           │            │             │       │
│ │ Fenerbahce │        5 │           │            │        5 │    11     │     1X     │     21      │       │
│ └────────────┴──────────┴───────────┴────────────┴──────────┴───────────┴────────────┴─────────────┘       │
╰───────────────────────────────────────────────────────────────────────────────────────────────── 21 goals ─╯

2026-09-14 15:34:29
╭─ RESULT  FC 25. 3x3. Conference League  ·  Chelsea vs Celta ───────────────────────────────────────────────╮
│ ┏━━━━━━━━━┳━━━━━━━━━━┳━━━━━━━━━━━┳━━━━━━━━━━━━┳━━━━━━━━━━┳━━━━━━━━━━━┳━━━━━━━━━━━━┳━━━━━━━━━━━━━┓          │
│ ┃         ┃          ┃ total for ┃ winner for ┃          ┃ total for ┃ winner for ┃             ┃          │
│ ┃ Result  ┃ 1st half ┃ 1st half  ┃  1st half  ┃ 2nd half ┃ 2nd half  ┃  2nd half  ┃ final total ┃          │
│ ┡━━━━━━━━━╇━━━━━━━━━━╇━━━━━━━━━━━╇━━━━━━━━━━━━╇━━━━━━━━━━╇━━━━━━━━━━━╇━━━━━━━━━━━━╇━━━━━━━━━━━━━┩          │
│ │ Chelsea │        3 │     6     │     X      │        3 │           │            │             │          │
│ │ Celta   │        3 │           │            │        2 │     5     │     1X     │     11      │          │
│ └─────────┴──────────┴───────────┴────────────┴──────────┴───────────┴────────────┴─────────────┘          │
╰───────────────────────────────────────────────────────────────────────────────────────────────── 11 goals ─╯

2026-09-14 15:45:25
╭─ RESULT  FC 25. 3x3. Conference League  ·  Roma vs Fiorentina ─────────────────────────────────────────────╮
│ ┏━━━━━━━━━━━━┳━━━━━━━━━━┳━━━━━━━━━━━┳━━━━━━━━━━━━┳━━━━━━━━━━┳━━━━━━━━━━━┳━━━━━━━━━━━━┳━━━━━━━━━━━━━┓       │
│ ┃            ┃          ┃ total for ┃ winner for ┃          ┃ total for ┃ winner for ┃             ┃       │
│ ┃ Result     ┃ 1st half ┃ 1st half  ┃  1st half  ┃ 2nd half ┃ 2nd half  ┃  2nd half  ┃ final total ┃       │
│ ┡━━━━━━━━━━━━╇━━━━━━━━━━╇━━━━━━━━━━━╇━━━━━━━━━━━━╇━━━━━━━━━━╇━━━━━━━━━━━╇━━━━━━━━━━━━╇━━━━━━━━━━━━━┩       │
│ │ Roma       │        2 │     6     │     2X     │        2 │           │            │             │       │
│ │ Fiorentina │        4 │           │            │        7 │     9     │     2X     │     15      │       │
│ └────────────┴──────────┴───────────┴────────────┴──────────┴───────────┴────────────┴─────────────┘       │
╰───────────────────────────────────────────────────────────────────────────────────────────────── 15 goals ─╯

2026-09-14 15:52:55
╭─ RESULT  FC 25. 3x3. Conference League  ·  Heart of Midlothian vs Anderlecht ──────────────────────────────╮
│ ┏━━━━━━━━━━━━━━━━━━┳━━━━━━━━━━┳━━━━━━━━━━━┳━━━━━━━━━━━━┳━━━━━━━━━━┳━━━━━━━━━━━┳━━━━━━━━━━━━┳━━━━━━━━━━━━━┓ │
│ ┃                  ┃          ┃ total for ┃ winner for ┃          ┃ total for ┃ winner for ┃             ┃ │
│ ┃ Result           ┃ 1st half ┃ 1st half  ┃  1st half  ┃ 2nd half ┃ 2nd half  ┃  2nd half  ┃ final total ┃ │
│ ┡━━━━━━━━━━━━━━━━━━╇━━━━━━━━━━╇━━━━━━━━━━━╇━━━━━━━━━━━━╇━━━━━━━━━━╇━━━━━━━━━━━╇━━━━━━━━━━━━╇━━━━━━━━━━━━━┩ │
│ │ Heart of         │        2 │     3     │     1X     │        2 │           │            │             │ │
│ │ Midlothian       │          │           │            │          │           │            │             │ │
│ │ Anderlecht       │        1 │           │            │        0 │     2     │     1X     │      5      │ │
│ └──────────────────┴──────────┴───────────┴────────────┴──────────┴───────────┴────────────┴─────────────┘ │
│ W1 1.00 ✓  X 30.00  W2 30.00                                                                               │
╰────────────────────────────────────────────────────────────────────────────────────────────────── 5 goals ─╯

2026-09-14 16:06:09
╭─ RESULT  FC 25. 3x3. Conference League  ·  Red Bull vs West Ham United ────────────────────────────────────╮
│ ┏━━━━━━━━━━━━━━━━━┳━━━━━━━━━━┳━━━━━━━━━━━┳━━━━━━━━━━━━┳━━━━━━━━━━┳━━━━━━━━━━━┳━━━━━━━━━━━━┳━━━━━━━━━━━━━┓  │
│ ┃                 ┃          ┃ total for ┃ winner for ┃          ┃ total for ┃ winner for ┃             ┃  │
│ ┃ Result          ┃ 1st half ┃ 1st half  ┃  1st half  ┃ 2nd half ┃ 2nd half  ┃  2nd half  ┃ final total ┃  │
│ ┡━━━━━━━━━━━━━━━━━╇━━━━━━━━━━╇━━━━━━━━━━━╇━━━━━━━━━━━━╇━━━━━━━━━━╇━━━━━━━━━━━╇━━━━━━━━━━━━╇━━━━━━━━━━━━━┩  │
│ │ Red Bull        │        5 │     9     │     1X     │        3 │           │            │             │  │
│ │ West Ham United │        4 │           │            │        6 │     9     │     2X     │     18      │  │
│ └─────────────────┴──────────┴───────────┴────────────┴──────────┴───────────┴────────────┴─────────────┘  │
╰───────────────────────────────────────────────────────────────────────────────────────────────── 18 goals ─╯

2026-09-14 16:13:55
╭─ RESULT  FC 25. 3x3. Conference League  ·  Lille OSC vs Nice ──────────────────────────────────────────────╮
│ ┏━━━━━━━━━━━┳━━━━━━━━━━┳━━━━━━━━━━━┳━━━━━━━━━━━━┳━━━━━━━━━━┳━━━━━━━━━━━┳━━━━━━━━━━━━┳━━━━━━━━━━━━━┓        │
│ ┃           ┃          ┃ total for ┃ winner for ┃          ┃ total for ┃ winner for ┃             ┃        │
│ ┃ Result    ┃ 1st half ┃ 1st half  ┃  1st half  ┃ 2nd half ┃ 2nd half  ┃  2nd half  ┃ final total ┃        │
│ ┡━━━━━━━━━━━╇━━━━━━━━━━╇━━━━━━━━━━━╇━━━━━━━━━━━━╇━━━━━━━━━━╇━━━━━━━━━━━╇━━━━━━━━━━━━╇━━━━━━━━━━━━━┩        │
│ │ Lille OSC │        2 │     6     │     2X     │        3 │           │            │             │        │
│ │ Nice      │        4 │           │            │        1 │     4     │     1X     │     10      │        │
│ └───────────┴──────────┴───────────┴────────────┴──────────┴───────────┴────────────┴─────────────┘        │
│ W1 2.86  X 2.32 ✓  W2 3.27                                                                                 │
╰───────────────────────────────────────────────────────────────────────────────────────────────── 10 goals ─╯

2026-09-14 16:28:15
╭─ RESULT  FC 25. 3x3. Conference League  ·  Borussia Monchengladbach vs Villarreal ─────────────────────────╮
│ ┏━━━━━━━━━━━━━━━━━━┳━━━━━━━━━━┳━━━━━━━━━━━┳━━━━━━━━━━━━┳━━━━━━━━━━┳━━━━━━━━━━━┳━━━━━━━━━━━━┳━━━━━━━━━━━━━┓ │
│ ┃                  ┃          ┃ total for ┃ winner for ┃          ┃ total for ┃ winner for ┃             ┃ │
│ ┃ Result           ┃ 1st half ┃ 1st half  ┃  1st half  ┃ 2nd half ┃ 2nd half  ┃  2nd half  ┃ final total ┃ │
│ ┡━━━━━━━━━━━━━━━━━━╇━━━━━━━━━━╇━━━━━━━━━━━╇━━━━━━━━━━━━╇━━━━━━━━━━╇━━━━━━━━━━━╇━━━━━━━━━━━━╇━━━━━━━━━━━━━┩ │
│ │ Borussia         │       10 │    16     │     1X     │        8 │           │            │             │ │
│ │ Monchengladbach  │          │           │            │          │           │            │             │ │
│ │ Villarreal       │        6 │           │            │        3 │    11     │     1X     │     27      │ │
│ └──────────────────┴──────────┴───────────┴────────────┴──────────┴───────────┴────────────┴─────────────┘ │
╰───────────────────────────────────────────────────────────────────────────────────────────────── 27 goals ─╯

2026-09-14 17:15:45
╭─ RESULT  FC 25. 3x3. Conference League  ·  Basel vs Borussia Monchengladbach ──────────────────────────────╮
│ ┏━━━━━━━━━━━━━━━━━━┳━━━━━━━━━━┳━━━━━━━━━━━┳━━━━━━━━━━━━┳━━━━━━━━━━┳━━━━━━━━━━━┳━━━━━━━━━━━━┳━━━━━━━━━━━━━┓ │
│ ┃                  ┃          ┃ total for ┃ winner for ┃          ┃ total for ┃ winner for ┃             ┃ │
│ ┃ Result           ┃ 1st half ┃ 1st half  ┃  1st half  ┃ 2nd half ┃ 2nd half  ┃  2nd half  ┃ final total ┃ │
│ ┡━━━━━━━━━━━━━━━━━━╇━━━━━━━━━━╇━━━━━━━━━━━╇━━━━━━━━━━━━╇━━━━━━━━━━╇━━━━━━━━━━━╇━━━━━━━━━━━━╇━━━━━━━━━━━━━┩ │
│ │ Basel            │        5 │    12     │     2X     │        1 │           │            │             │ │
│ │ Borussia         │        7 │           │            │        3 │     4     │     2X     │     16      │ │
│ │ Monchengladbach  │          │           │            │          │           │            │             │ │
│ └──────────────────┴──────────┴───────────┴────────────┴──────────┴───────────┴────────────┴─────────────┘ │
╰───────────────────────────────────────────────────────────────────────────────────────────────── 16 goals ─╯

2026-09-14 17:26:00
╭─ RESULT  FC 25. 3x3. Conference League  ·  Villarreal vs Lille OSC ────────────────────────────────────────╮
│ ┏━━━━━━━━━━━━┳━━━━━━━━━━┳━━━━━━━━━━━┳━━━━━━━━━━━━┳━━━━━━━━━━┳━━━━━━━━━━━┳━━━━━━━━━━━━┳━━━━━━━━━━━━━┓       │
│ ┃            ┃          ┃ total for ┃ winner for ┃          ┃ total for ┃ winner for ┃             ┃       │
│ ┃ Result     ┃ 1st half ┃ 1st half  ┃  1st half  ┃ 2nd half ┃ 2nd half  ┃  2nd half  ┃ final total ┃       │
│ ┡━━━━━━━━━━━━╇━━━━━━━━━━╇━━━━━━━━━━━╇━━━━━━━━━━━━╇━━━━━━━━━━╇━━━━━━━━━━━╇━━━━━━━━━━━━╇━━━━━━━━━━━━━┩       │
│ │ Villarreal │        3 │     9     │     2X     │        4 │           │            │             │       │
│ │ Lille OSC  │        6 │           │            │        5 │     9     │     2X     │     18      │       │
│ └────────────┴──────────┴───────────┴────────────┴──────────┴───────────┴────────────┴─────────────┘       │
╰───────────────────────────────────────────────────────────────────────────────────────────────── 18 goals ─╯

2026-09-14 17:37:08
╭─ RESULT  FC 25. 3x3. Conference League  ·  Nice vs Red Bull ───────────────────────────────────────────────╮
│ ┏━━━━━━━━━━┳━━━━━━━━━━┳━━━━━━━━━━━┳━━━━━━━━━━━━┳━━━━━━━━━━┳━━━━━━━━━━━┳━━━━━━━━━━━━┳━━━━━━━━━━━━━┓         │
│ ┃          ┃          ┃ total for ┃ winner for ┃          ┃ total for ┃ winner for ┃             ┃         │
│ ┃ Result   ┃ 1st half ┃ 1st half  ┃  1st half  ┃ 2nd half ┃ 2nd half  ┃  2nd half  ┃ final total ┃         │
│ ┡━━━━━━━━━━╇━━━━━━━━━━╇━━━━━━━━━━━╇━━━━━━━━━━━━╇━━━━━━━━━━╇━━━━━━━━━━━╇━━━━━━━━━━━━╇━━━━━━━━━━━━━┩         │
│ │ Nice     │        6 │    11     │     1X     │        5 │           │            │             │         │
│ │ Red Bull │        5 │           │            │        4 │     9     │     1X     │     20      │         │
│ └──────────┴──────────┴───────────┴────────────┴──────────┴───────────┴────────────┴─────────────┘         │
╰───────────────────────────────────────────────────────────────────────────────────────────────── 20 goals ─╯

2026-09-14 17:46:03
╭─ RESULT  FC 25. 3x3. Conference League  ·  West Ham United vs Heart of Midlothian ─────────────────────────╮
│ ┏━━━━━━━━━━━━━━━━━━┳━━━━━━━━━━┳━━━━━━━━━━━┳━━━━━━━━━━━━┳━━━━━━━━━━┳━━━━━━━━━━━┳━━━━━━━━━━━━┳━━━━━━━━━━━━━┓ │
│ ┃                  ┃          ┃ total for ┃ winner for ┃          ┃ total for ┃ winner for ┃             ┃ │
│ ┃ Result           ┃ 1st half ┃ 1st half  ┃  1st half  ┃ 2nd half ┃ 2nd half  ┃  2nd half  ┃ final total ┃ │
│ ┡━━━━━━━━━━━━━━━━━━╇━━━━━━━━━━╇━━━━━━━━━━━╇━━━━━━━━━━━━╇━━━━━━━━━━╇━━━━━━━━━━━╇━━━━━━━━━━━━╇━━━━━━━━━━━━━┩ │
│ │ West Ham United  │        4 │     8     │     X      │        6 │           │            │             │ │
│ │ Heart of         │        4 │           │            │        3 │     9     │     1X     │     17      │ │
│ │ Midlothian       │          │           │            │          │           │            │             │ │
│ └──────────────────┴──────────┴───────────┴────────────┴──────────┴───────────┴────────────┴─────────────┘ │
╰───────────────────────────────────────────────────────────────────────────────────────────────── 17 goals ─╯

2026-09-14 17:54:55
╭─ RESULT  FC 25. 3x3. Conference League  ·  Anderlecht vs Roma ─────────────────────────────────────────────╮
│ ┏━━━━━━━━━━━━┳━━━━━━━━━━┳━━━━━━━━━━━┳━━━━━━━━━━━━┳━━━━━━━━━━┳━━━━━━━━━━━┳━━━━━━━━━━━━┳━━━━━━━━━━━━━┓       │
│ ┃            ┃          ┃ total for ┃ winner for ┃          ┃ total for ┃ winner for ┃             ┃       │
│ ┃ Result     ┃ 1st half ┃ 1st half  ┃  1st half  ┃ 2nd half ┃ 2nd half  ┃  2nd half  ┃ final total ┃       │
│ ┡━━━━━━━━━━━━╇━━━━━━━━━━╇━━━━━━━━━━━╇━━━━━━━━━━━━╇━━━━━━━━━━╇━━━━━━━━━━━╇━━━━━━━━━━━━╇━━━━━━━━━━━━━┩       │
│ │ Anderlecht │        1 │     5     │     2X     │        3 │           │            │             │       │
│ │ Roma       │        4 │           │            │        5 │     8     │     2X     │     13      │       │
│ └────────────┴──────────┴───────────┴────────────┴──────────┴───────────┴────────────┴─────────────┘       │
│ W1 30.00  X 30.00  W2 1.00 ✓                                                                               │
╰───────────────────────────────────────────────────────────────────────────────────────────────── 13 goals ─╯

2026-09-14 18:04:28
╭─ RESULT  FC 25. 3x3. Conference League  ·  Fiorentina vs Chelsea ──────────────────────────────────────────╮
│ ┏━━━━━━━━━━━━┳━━━━━━━━━━┳━━━━━━━━━━━┳━━━━━━━━━━━━┳━━━━━━━━━━┳━━━━━━━━━━━┳━━━━━━━━━━━━┳━━━━━━━━━━━━━┓       │
│ ┃            ┃          ┃ total for ┃ winner for ┃          ┃ total for ┃ winner for ┃             ┃       │
│ ┃ Result     ┃ 1st half ┃ 1st half  ┃  1st half  ┃ 2nd half ┃ 2nd half  ┃  2nd half  ┃ final total ┃       │
│ ┡━━━━━━━━━━━━╇━━━━━━━━━━╇━━━━━━━━━━━╇━━━━━━━━━━━━╇━━━━━━━━━━╇━━━━━━━━━━━╇━━━━━━━━━━━━╇━━━━━━━━━━━━━┩       │
│ │ Fiorentina │        3 │     4     │     1X     │        4 │           │            │             │       │
│ │ Chelsea    │        1 │           │            │        3 │     7     │     1X     │     11      │       │
│ └────────────┴──────────┴───────────┴────────────┴──────────┴───────────┴────────────┴─────────────┘       │
│ W1 1.00 ✓  X 30.00  W2 1.00                                                                                │
╰───────────────────────────────────────────────────────────────────────────────────────────────── 11 goals ─╯

2026-09-14 18:14:34
╭─ RESULT  FC 25. 3x3. Conference League  ·  Celta vs Fenerbahce ────────────────────────────────────────────╮
│ ┏━━━━━━━━━━━━┳━━━━━━━━━━┳━━━━━━━━━━━┳━━━━━━━━━━━━┳━━━━━━━━━━┳━━━━━━━━━━━┳━━━━━━━━━━━━┳━━━━━━━━━━━━━┓       │
│ ┃            ┃          ┃ total for ┃ winner for ┃          ┃ total for ┃ winner for ┃             ┃       │
│ ┃ Result     ┃ 1st half ┃ 1st half  ┃  1st half  ┃ 2nd half ┃ 2nd half  ┃  2nd half  ┃ final total ┃       │
│ ┡━━━━━━━━━━━━╇━━━━━━━━━━╇━━━━━━━━━━━╇━━━━━━━━━━━━╇━━━━━━━━━━╇━━━━━━━━━━━╇━━━━━━━━━━━━╇━━━━━━━━━━━━━┩       │
│ │ Celta      │        2 │     4     │     X      │        4 │           │            │             │       │
│ │ Fenerbahce │        2 │           │            │        2 │     6     │     1X     │     10      │       │
│ └────────────┴──────────┴───────────┴────────────┴──────────┴───────────┴────────────┴─────────────┘       │
│ W1 1.00 ✓  X 14.00  W2 30.00                                                                               │
╰───────────────────────────────────────────────────────────────────────────────────────────────── 10 goals ─╯

2026-09-14 18:23:15
╭─ RESULT  FC 25. 3x3. Conference League  ·  Olympiacos vs Celta ────────────────────────────────────────────╮
│ ┏━━━━━━━━━━━━┳━━━━━━━━━━┳━━━━━━━━━━━┳━━━━━━━━━━━━┳━━━━━━━━━━┳━━━━━━━━━━━┳━━━━━━━━━━━━┳━━━━━━━━━━━━━┓       │
│ ┃            ┃          ┃ total for ┃ winner for ┃          ┃ total for ┃ winner for ┃             ┃       │
│ ┃ Result     ┃ 1st half ┃ 1st half  ┃  1st half  ┃ 2nd half ┃ 2nd half  ┃  2nd half  ┃ final total ┃       │
│ ┡━━━━━━━━━━━━╇━━━━━━━━━━╇━━━━━━━━━━━╇━━━━━━━━━━━━╇━━━━━━━━━━╇━━━━━━━━━━━╇━━━━━━━━━━━━╇━━━━━━━━━━━━━┩       │
│ │ Olympiacos │        2 │     3     │     1X     │        1 │           │            │             │       │
│ │ Celta      │        1 │           │            │        2 │     3     │     2X     │      6      │       │
│ └────────────┴──────────┴───────────┴────────────┴──────────┴───────────┴────────────┴─────────────┘       │
│ W1 14.00  X 3.93 ✓  W2 1.30                                                                                │
╰────────────────────────────────────────────────────────────────────────────────────────────────── 6 goals ─╯

2026-09-14 18:36:07
╭─ RESULT  FC 25. 3x3. Conference League  ·  Fenerbahce vs Fiorentina ───────────────────────────────────────╮
│ ┏━━━━━━━━━━━━┳━━━━━━━━━━┳━━━━━━━━━━━┳━━━━━━━━━━━━┳━━━━━━━━━━┳━━━━━━━━━━━┳━━━━━━━━━━━━┳━━━━━━━━━━━━━┓       │
│ ┃            ┃          ┃ total for ┃ winner for ┃          ┃ total for ┃ winner for ┃             ┃       │
│ ┃ Result     ┃ 1st half ┃ 1st half  ┃  1st half  ┃ 2nd half ┃ 2nd half  ┃  2nd half  ┃ final total ┃       │
│ ┡━━━━━━━━━━━━╇━━━━━━━━━━╇━━━━━━━━━━━╇━━━━━━━━━━━━╇━━━━━━━━━━╇━━━━━━━━━━━╇━━━━━━━━━━━━╇━━━━━━━━━━━━━┩       │
│ │ Fenerbahce │        2 │     5     │     2X     │        5 │           │            │             │       │
│ │ Fiorentina │        3 │           │            │        7 │    12     │     2X     │     17      │       │
│ └────────────┴──────────┴───────────┴────────────┴──────────┴───────────┴────────────┴─────────────┘       │
╰───────────────────────────────────────────────────────────────────────────────────────────────── 17 goals ─╯

2026-09-14 19:25:50
╭─ RESULT  FC 25. 3x3. Conference League  ·  Lille OSC vs Basel ─────────────────────────────────────────────╮
│ ┏━━━━━━━━━━━┳━━━━━━━━━━┳━━━━━━━━━━━┳━━━━━━━━━━━━┳━━━━━━━━━━┳━━━━━━━━━━━┳━━━━━━━━━━━━┳━━━━━━━━━━━━━┓        │
│ ┃           ┃          ┃ total for ┃ winner for ┃          ┃ total for ┃ winner for ┃             ┃        │
│ ┃ Result    ┃ 1st half ┃ 1st half  ┃  1st half  ┃ 2nd half ┃ 2nd half  ┃  2nd half  ┃ final total ┃        │
│ ┡━━━━━━━━━━━╇━━━━━━━━━━╇━━━━━━━━━━━╇━━━━━━━━━━━━╇━━━━━━━━━━╇━━━━━━━━━━━╇━━━━━━━━━━━━╇━━━━━━━━━━━━━┩        │
│ │ Lille OSC │        6 │     9     │     1X     │        4 │           │            │             │        │
│ │ Basel     │        3 │           │            │        3 │     7     │     1X     │     16      │        │
│ └───────────┴──────────┴───────────┴────────────┴──────────┴───────────┴────────────┴─────────────┘        │
╰───────────────────────────────────────────────────────────────────────────────────────────────── 16 goals ─╯

2026-09-14 19:36:04
╭─ RESULT  FC 25. 3x3. Conference League  ·  Borussia Monchengladbach vs Eintracht Frankfurt ────────────────╮
│ ┏━━━━━━━━━━━━━━━━━━┳━━━━━━━━━━┳━━━━━━━━━━━┳━━━━━━━━━━━━┳━━━━━━━━━━┳━━━━━━━━━━━┳━━━━━━━━━━━━┳━━━━━━━━━━━━━┓ │
│ ┃                  ┃          ┃ total for ┃ winner for ┃          ┃ total for ┃ winner for ┃             ┃ │
│ ┃ Result           ┃ 1st half ┃ 1st half  ┃  1st half  ┃ 2nd half ┃ 2nd half  ┃  2nd half  ┃ final total ┃ │
│ ┡━━━━━━━━━━━━━━━━━━╇━━━━━━━━━━╇━━━━━━━━━━━╇━━━━━━━━━━━━╇━━━━━━━━━━╇━━━━━━━━━━━╇━━━━━━━━━━━━╇━━━━━━━━━━━━━┩ │
│ │ Borussia         │        4 │    10     │     2X     │        3 │           │            │             │ │
│ │ Monchengladbach  │          │           │            │          │           │            │             │ │
│ │ Eintracht        │        6 │           │            │        4 │     7     │     2X     │     17      │ │
│ │ Frankfurt        │          │           │            │          │           │            │             │ │
│ └──────────────────┴──────────┴───────────┴────────────┴──────────┴───────────┴────────────┴─────────────┘ │
│ W1 30.00  X 30.00  W2 1.00 ✓                                                                               │
╰───────────────────────────────────────────────────────────────────────────────────────────────── 17 goals ─╯

2026-09-14 19:45:29
╭─ RESULT  FC 25. 3x3. Conference League  ·  Braga vs AZ Alkmaar ────────────────────────────────────────────╮
│ ┏━━━━━━━━━━━━┳━━━━━━━━━━┳━━━━━━━━━━━┳━━━━━━━━━━━━┳━━━━━━━━━━┳━━━━━━━━━━━┳━━━━━━━━━━━━┳━━━━━━━━━━━━━┓       │
│ ┃            ┃          ┃ total for ┃ winner for ┃          ┃ total for ┃ winner for ┃             ┃       │
│ ┃ Result     ┃ 1st half ┃ 1st half  ┃  1st half  ┃ 2nd half ┃ 2nd half  ┃  2nd half  ┃ final total ┃       │
│ ┡━━━━━━━━━━━━╇━━━━━━━━━━╇━━━━━━━━━━━╇━━━━━━━━━━━━╇━━━━━━━━━━╇━━━━━━━━━━━╇━━━━━━━━━━━━╇━━━━━━━━━━━━━┩       │
│ │ Braga      │        4 │     8     │     X      │        3 │           │            │             │       │
│ │ AZ Alkmaar │        4 │           │            │        3 │     6     │     X      │     14      │       │
│ └────────────┴──────────┴───────────┴────────────┴──────────┴───────────┴────────────┴─────────────┘       │
╰───────────────────────────────────────────────────────────────────────────────────────────────── 14 goals ─╯

2026-09-14 19:55:42
╭─ RESULT  FC 25. 3x3. Conference League  ·  Braga vs Olympiacos ────────────────────────────────────────────╮
│ ┏━━━━━━━━━━━━┳━━━━━━━━━━┳━━━━━━━━━━━┳━━━━━━━━━━━━┳━━━━━━━━━━┳━━━━━━━━━━━┳━━━━━━━━━━━━┳━━━━━━━━━━━━━┓       │
│ ┃            ┃          ┃ total for ┃ winner for ┃          ┃ total for ┃ winner for ┃             ┃       │
│ ┃ Result     ┃ 1st half ┃ 1st half  ┃  1st half  ┃ 2nd half ┃ 2nd half  ┃  2nd half  ┃ final total ┃       │
│ ┡━━━━━━━━━━━━╇━━━━━━━━━━╇━━━━━━━━━━━╇━━━━━━━━━━━━╇━━━━━━━━━━╇━━━━━━━━━━━╇━━━━━━━━━━━━╇━━━━━━━━━━━━━┩       │
│ │ Braga      │        4 │    11     │     2X     │        2 │           │            │             │       │
│ │ Olympiacos │        7 │           │            │        3 │     5     │     2X     │     16      │       │
│ └────────────┴──────────┴───────────┴────────────┴──────────┴───────────┴────────────┴─────────────┘       │
╰───────────────────────────────────────────────────────────────────────────────────────────────── 16 goals ─╯

2026-09-14 20:05:24
╭─ RESULT  FC 25. 3x3. Conference League  ·  AZ Alkmaar vs Borussia Monchengladbach ─────────────────────────╮
│ ┏━━━━━━━━━━━━━━━━━━┳━━━━━━━━━━┳━━━━━━━━━━━┳━━━━━━━━━━━━┳━━━━━━━━━━┳━━━━━━━━━━━┳━━━━━━━━━━━━┳━━━━━━━━━━━━━┓ │
│ ┃                  ┃          ┃ total for ┃ winner for ┃          ┃ total for ┃ winner for ┃             ┃ │
│ ┃ Result           ┃ 1st half ┃ 1st half  ┃  1st half  ┃ 2nd half ┃ 2nd half  ┃  2nd half  ┃ final total ┃ │
│ ┡━━━━━━━━━━━━━━━━━━╇━━━━━━━━━━╇━━━━━━━━━━━╇━━━━━━━━━━━━╇━━━━━━━━━━╇━━━━━━━━━━━╇━━━━━━━━━━━━╇━━━━━━━━━━━━━┩ │
│ │ AZ Alkmaar       │        4 │     7     │     1X     │        5 │           │            │             │ │
│ │ Borussia         │        3 │           │            │        3 │     8     │     1X     │     15      │ │
│ │ Monchengladbach  │          │           │            │          │           │            │             │ │
│ └──────────────────┴──────────┴───────────┴────────────┴──────────┴───────────┴────────────┴─────────────┘ │
│ W1 1.00 ✓  X 30.00  W2 1.00                                                                                │
╰───────────────────────────────────────────────────────────────────────────────────────────────── 15 goals ─╯

2026-09-14 20:15:23
╭─ RESULT  FC 25. 3x3. Conference League  ·  Eintracht Frankfurt vs Lille OSC ───────────────────────────────╮
│ ┏━━━━━━━━━━━━━━━━━━┳━━━━━━━━━━┳━━━━━━━━━━━┳━━━━━━━━━━━━┳━━━━━━━━━━┳━━━━━━━━━━━┳━━━━━━━━━━━━┳━━━━━━━━━━━━━┓ │
│ ┃                  ┃          ┃ total for ┃ winner for ┃          ┃ total for ┃ winner for ┃             ┃ │
│ ┃ Result           ┃ 1st half ┃ 1st half  ┃  1st half  ┃ 2nd half ┃ 2nd half  ┃  2nd half  ┃ final total ┃ │
│ ┡━━━━━━━━━━━━━━━━━━╇━━━━━━━━━━╇━━━━━━━━━━━╇━━━━━━━━━━━━╇━━━━━━━━━━╇━━━━━━━━━━━╇━━━━━━━━━━━━╇━━━━━━━━━━━━━┩ │
│ │ Eintracht        │        7 │    13     │     1X     │        1 │           │            │             │ │
│ │ Frankfurt        │          │           │            │          │           │            │             │ │
│ │ Lille OSC        │        6 │           │            │        2 │     3     │     2X     │     16      │ │
│ └──────────────────┴──────────┴───────────┴────────────┴──────────┴───────────┴────────────┴─────────────┘ │
│ W1 3.16  X 2.30 ✓  W2 2.98                                                                                 │
╰───────────────────────────────────────────────────────────────────────────────────────────────── 16 goals ─╯

2026-09-14 20:24:59
╭─ RESULT  FC 25. 3x3. Conference League  ·  Basel vs Red Bull ──────────────────────────────────────────────╮
│ ┏━━━━━━━━━━┳━━━━━━━━━━┳━━━━━━━━━━━┳━━━━━━━━━━━━┳━━━━━━━━━━┳━━━━━━━━━━━┳━━━━━━━━━━━━┳━━━━━━━━━━━━━┓         │
│ ┃          ┃          ┃ total for ┃ winner for ┃          ┃ total for ┃ winner for ┃             ┃         │
│ ┃ Result   ┃ 1st half ┃ 1st half  ┃  1st half  ┃ 2nd half ┃ 2nd half  ┃  2nd half  ┃ final total ┃         │
│ ┡━━━━━━━━━━╇━━━━━━━━━━╇━━━━━━━━━━━╇━━━━━━━━━━━━╇━━━━━━━━━━╇━━━━━━━━━━━╇━━━━━━━━━━━━╇━━━━━━━━━━━━━┩         │
│ │ Basel    │        3 │     9     │     2X     │        1 │           │            │             │         │
│ │ Red Bull │        6 │           │            │        3 │     4     │     2X     │     13      │         │
│ └──────────┴──────────┴───────────┴────────────┴──────────┴───────────┴────────────┴─────────────┘         │
╰───────────────────────────────────────────────────────────────────────────────────────────────── 13 goals ─╯

2026-09-14 20:36:21
╭─ RESULT  FC 25. 3x3. Conference League  ·  Villarreal vs Heart of Midlothian ──────────────────────────────╮
│ ┏━━━━━━━━━━━━━━━━━━┳━━━━━━━━━━┳━━━━━━━━━━━┳━━━━━━━━━━━━┳━━━━━━━━━━┳━━━━━━━━━━━┳━━━━━━━━━━━━┳━━━━━━━━━━━━━┓ │
│ ┃                  ┃          ┃ total for ┃ winner for ┃          ┃ total for ┃ winner for ┃             ┃ │
│ ┃ Result           ┃ 1st half ┃ 1st half  ┃  1st half  ┃ 2nd half ┃ 2nd half  ┃  2nd half  ┃ final total ┃ │
│ ┡━━━━━━━━━━━━━━━━━━╇━━━━━━━━━━╇━━━━━━━━━━━╇━━━━━━━━━━━━╇━━━━━━━━━━╇━━━━━━━━━━━╇━━━━━━━━━━━━╇━━━━━━━━━━━━━┩ │
│ │ Villarreal       │        7 │    10     │     1X     │        6 │           │            │             │ │
│ │ Heart of         │        3 │           │            │        1 │     7     │     1X     │     17      │ │
│ │ Midlothian       │          │           │            │          │           │            │             │ │
│ └──────────────────┴──────────┴───────────┴────────────┴──────────┴───────────┴────────────┴─────────────┘ │
╰───────────────────────────────────────────────────────────────────────────────────────────────── 17 goals ─╯

2026-09-14 20:45:37
╭─ RESULT  FC 25. 3x3. Conference League  ·  Nice vs Roma ───────────────────────────────────────────────────╮
│ ┏━━━━━━━━┳━━━━━━━━━━┳━━━━━━━━━━━┳━━━━━━━━━━━━┳━━━━━━━━━━┳━━━━━━━━━━━┳━━━━━━━━━━━━┳━━━━━━━━━━━━━┓           │
│ ┃        ┃          ┃ total for ┃ winner for ┃          ┃ total for ┃ winner for ┃             ┃           │
│ ┃ Result ┃ 1st half ┃ 1st half  ┃  1st half  ┃ 2nd half ┃ 2nd half  ┃  2nd half  ┃ final total ┃           │
│ ┡━━━━━━━━╇━━━━━━━━━━╇━━━━━━━━━━━╇━━━━━━━━━━━━╇━━━━━━━━━━╇━━━━━━━━━━━╇━━━━━━━━━━━━╇━━━━━━━━━━━━━┩           │
│ │ Nice   │        5 │     8     │     1X     │        5 │           │            │             │           │
│ │ Roma   │        3 │           │            │        2 │     7     │     1X     │     15      │           │
│ └────────┴──────────┴───────────┴────────────┴──────────┴───────────┴────────────┴─────────────┘           │
│ W1 1.00 ✓  X 1.00  W2 1.00                                                                                 │
╰───────────────────────────────────────────────────────────────────────────────────────────────── 15 goals ─╯

2026-09-14 20:54:50
╭─ RESULT  FC 25. 3x3. Conference League  ·  West Ham United vs Chelsea ─────────────────────────────────────╮
│ ┏━━━━━━━━━━━━━━━━━┳━━━━━━━━━━┳━━━━━━━━━━━┳━━━━━━━━━━━━┳━━━━━━━━━━┳━━━━━━━━━━━┳━━━━━━━━━━━━┳━━━━━━━━━━━━━┓  │
│ ┃                 ┃          ┃ total for ┃ winner for ┃          ┃ total for ┃ winner for ┃             ┃  │
│ ┃ Result          ┃ 1st half ┃ 1st half  ┃  1st half  ┃ 2nd half ┃ 2nd half  ┃  2nd half  ┃ final total ┃  │
│ ┡━━━━━━━━━━━━━━━━━╇━━━━━━━━━━╇━━━━━━━━━━━╇━━━━━━━━━━━━╇━━━━━━━━━━╇━━━━━━━━━━━╇━━━━━━━━━━━━╇━━━━━━━━━━━━━┩  │
│ │ West Ham United │        5 │     8     │     1X     │        3 │           │            │             │  │
│ │ Chelsea         │        3 │           │            │        2 │     5     │     1X     │     13      │  │
│ └─────────────────┴──────────┴───────────┴────────────┴──────────┴───────────┴────────────┴─────────────┘  │
│ W1 1.00 ✓  X 30.00  W2 30.00                                                                               │
╰───────────────────────────────────────────────────────────────────────────────────────────────── 13 goals ─╯

2026-09-14 21:05:43
╭─ RESULT  FC 25. 3x3. Conference League  ·  Anderlecht vs Fenerbahce ───────────────────────────────────────╮
│ ┏━━━━━━━━━━━━┳━━━━━━━━━━┳━━━━━━━━━━━┳━━━━━━━━━━━━┳━━━━━━━━━━┳━━━━━━━━━━━┳━━━━━━━━━━━━┳━━━━━━━━━━━━━┓       │
│ ┃            ┃          ┃ total for ┃ winner for ┃          ┃ total for ┃ winner for ┃             ┃       │
│ ┃ Result     ┃ 1st half ┃ 1st half  ┃  1st half  ┃ 2nd half ┃ 2nd half  ┃  2nd half  ┃ final total ┃       │
│ ┡━━━━━━━━━━━━╇━━━━━━━━━━╇━━━━━━━━━━━╇━━━━━━━━━━━━╇━━━━━━━━━━╇━━━━━━━━━━━╇━━━━━━━━━━━━╇━━━━━━━━━━━━━┩       │
│ │ Anderlecht │        4 │     6     │     1X     │        4 │           │            │             │       │
│ │ Fenerbahce │        2 │           │            │        6 │    10     │     2X     │     16      │       │
│ └────────────┴──────────┴───────────┴────────────┴──────────┴───────────┴────────────┴─────────────┘       │
╰───────────────────────────────────────────────────────────────────────────────────────────────── 16 goals ─╯

2026-09-14 21:14:42
╭─ RESULT  FC 25. 3x3. Conference League  ·  Fiorentina vs Celta ────────────────────────────────────────────╮
│ ┏━━━━━━━━━━━━┳━━━━━━━━━━┳━━━━━━━━━━━┳━━━━━━━━━━━━┳━━━━━━━━━━┳━━━━━━━━━━━┳━━━━━━━━━━━━┳━━━━━━━━━━━━━┓       │
│ ┃            ┃          ┃ total for ┃ winner for ┃          ┃ total for ┃ winner for ┃             ┃       │
│ ┃ Result     ┃ 1st half ┃ 1st half  ┃  1st half  ┃ 2nd half ┃ 2nd half  ┃  2nd half  ┃ final total ┃       │
│ ┡━━━━━━━━━━━━╇━━━━━━━━━━╇━━━━━━━━━━━╇━━━━━━━━━━━━╇━━━━━━━━━━╇━━━━━━━━━━━╇━━━━━━━━━━━━╇━━━━━━━━━━━━━┩       │
│ │ Fiorentina │        2 │     5     │     2X     │        2 │           │            │             │       │
│ │ Celta      │        3 │           │            │        5 │     7     │     2X     │     12      │       │
│ └────────────┴──────────┴───────────┴────────────┴──────────┴───────────┴────────────┴─────────────┘       │
│ W1 30.00  X 30.00  W2 1.00 ✓                                                                               │
╰───────────────────────────────────────────────────────────────────────────────────────────────── 12 goals ─╯

2026-09-14 21:25:26
╭─ RESULT  FC 25. 3x3. Conference League  ·  Olympiacos vs Fiorentina ───────────────────────────────────────╮
│ ┏━━━━━━━━━━━━┳━━━━━━━━━━┳━━━━━━━━━━━┳━━━━━━━━━━━━┳━━━━━━━━━━┳━━━━━━━━━━━┳━━━━━━━━━━━━┳━━━━━━━━━━━━━┓       │
│ ┃            ┃          ┃ total for ┃ winner for ┃          ┃ total for ┃ winner for ┃             ┃       │
│ ┃ Result     ┃ 1st half ┃ 1st half  ┃  1st half  ┃ 2nd half ┃ 2nd half  ┃  2nd half  ┃ final total ┃       │
│ ┡━━━━━━━━━━━━╇━━━━━━━━━━╇━━━━━━━━━━━╇━━━━━━━━━━━━╇━━━━━━━━━━╇━━━━━━━━━━━╇━━━━━━━━━━━━╇━━━━━━━━━━━━━┩       │
│ │ Olympiacos │        2 │     3     │     1X     │        8 │           │            │             │       │
│ │ Fiorentina │        1 │           │            │        4 │    12     │     1X     │     15      │       │
│ └────────────┴──────────┴───────────┴────────────┴──────────┴───────────┴────────────┴─────────────┘       │
╰───────────────────────────────────────────────────────────────────────────────────────────────── 15 goals ─╯

2026-09-14 21:33:29
╭─ RESULT  FC 25. 3x3. Conference League  ·  Celta vs Anderlecht ────────────────────────────────────────────╮
│ ┏━━━━━━━━━━━━┳━━━━━━━━━━┳━━━━━━━━━━━┳━━━━━━━━━━━━┳━━━━━━━━━━┳━━━━━━━━━━━┳━━━━━━━━━━━━┳━━━━━━━━━━━━━┓       │
│ ┃            ┃          ┃ total for ┃ winner for ┃          ┃ total for ┃ winner for ┃             ┃       │
│ ┃ Result     ┃ 1st half ┃ 1st half  ┃  1st half  ┃ 2nd half ┃ 2nd half  ┃  2nd half  ┃ final total ┃       │
│ ┡━━━━━━━━━━━━╇━━━━━━━━━━╇━━━━━━━━━━━╇━━━━━━━━━━━━╇━━━━━━━━━━╇━━━━━━━━━━━╇━━━━━━━━━━━━╇━━━━━━━━━━━━━┩       │
│ │ Celta      │        3 │     4     │     1X     │        1 │           │            │             │       │
│ │ Anderlecht │        1 │           │            │        2 │     3     │     2X     │      7      │       │
│ └────────────┴──────────┴───────────┴────────────┴──────────┴───────────┴────────────┴─────────────┘       │
│ W1 1.34 ✓  X 3.76  W2 12.00                                                                                │
╰────────────────────────────────────────────────────────────────────────────────────────────────── 7 goals ─╯

2026-09-14 21:45:50
╭─ RESULT  FC 25. 3x3. Conference League  ·  Fenerbahce vs West Ham United ──────────────────────────────────╮
│ ┏━━━━━━━━━━━━━━━━━┳━━━━━━━━━━┳━━━━━━━━━━━┳━━━━━━━━━━━━┳━━━━━━━━━━┳━━━━━━━━━━━┳━━━━━━━━━━━━┳━━━━━━━━━━━━━┓  │
│ ┃                 ┃          ┃ total for ┃ winner for ┃          ┃ total for ┃ winner for ┃             ┃  │
│ ┃ Result          ┃ 1st half ┃ 1st half  ┃  1st half  ┃ 2nd half ┃ 2nd half  ┃  2nd half  ┃ final total ┃  │
│ ┡━━━━━━━━━━━━━━━━━╇━━━━━━━━━━╇━━━━━━━━━━━╇━━━━━━━━━━━━╇━━━━━━━━━━╇━━━━━━━━━━━╇━━━━━━━━━━━━╇━━━━━━━━━━━━━┩  │
│ │ Fenerbahce      │        4 │     6     │     1X     │        5 │           │            │             │  │
│ │ West Ham United │        2 │           │            │        6 │    11     │     2X     │     17      │  │
│ └─────────────────┴──────────┴───────────┴────────────┴──────────┴───────────┴────────────┴─────────────┘  │
╰───────────────────────────────────────────────────────────────────────────────────────────────── 17 goals ─╯

2026-09-14 21:54:28
╭─ RESULT  FC 25. 3x3. Conference League  ·  Chelsea vs Nice ────────────────────────────────────────────────╮
│ ┏━━━━━━━━━┳━━━━━━━━━━┳━━━━━━━━━━━┳━━━━━━━━━━━━┳━━━━━━━━━━┳━━━━━━━━━━━┳━━━━━━━━━━━━┳━━━━━━━━━━━━━┓          │
│ ┃         ┃          ┃ total for ┃ winner for ┃          ┃ total for ┃ winner for ┃             ┃          │
│ ┃ Result  ┃ 1st half ┃ 1st half  ┃  1st half  ┃ 2nd half ┃ 2nd half  ┃  2nd half  ┃ final total ┃          │
│ ┡━━━━━━━━━╇━━━━━━━━━━╇━━━━━━━━━━━╇━━━━━━━━━━━━╇━━━━━━━━━━╇━━━━━━━━━━━╇━━━━━━━━━━━━╇━━━━━━━━━━━━━┩          │
│ │ Chelsea │        4 │     7     │     1X     │        3 │           │            │             │          │
│ │ Nice    │        3 │           │            │        0 │     3     │     1X     │     10      │          │
│ └─────────┴──────────┴───────────┴────────────┴──────────┴───────────┴────────────┴─────────────┘          │
│ W1 1.00 ✓  X 30.00  W2 1.00                                                                                │
╰───────────────────────────────────────────────────────────────────────────────────────────────── 10 goals ─╯

2026-09-14 22:05:14
╭─ RESULT  FC 25. 3x3. Conference League  ·  Roma vs Villarreal ─────────────────────────────────────────────╮
│ ┏━━━━━━━━━━━━┳━━━━━━━━━━┳━━━━━━━━━━━┳━━━━━━━━━━━━┳━━━━━━━━━━┳━━━━━━━━━━━┳━━━━━━━━━━━━┳━━━━━━━━━━━━━┓       │
│ ┃            ┃          ┃ total for ┃ winner for ┃          ┃ total for ┃ winner for ┃             ┃       │
│ ┃ Result     ┃ 1st half ┃ 1st half  ┃  1st half  ┃ 2nd half ┃ 2nd half  ┃  2nd half  ┃ final total ┃       │
│ ┡━━━━━━━━━━━━╇━━━━━━━━━━╇━━━━━━━━━━━╇━━━━━━━━━━━━╇━━━━━━━━━━╇━━━━━━━━━━━╇━━━━━━━━━━━━╇━━━━━━━━━━━━━┩       │
│ │ Roma       │        1 │     5     │     2X     │        4 │           │            │             │       │
│ │ Villarreal │        4 │           │            │        4 │     8     │     X      │     13      │       │
│ └────────────┴──────────┴───────────┴────────────┴──────────┴───────────┴────────────┴─────────────┘       │
╰───────────────────────────────────────────────────────────────────────────────────────────────── 13 goals ─╯

2026-09-14 22:14:29
╭─ RESULT  FC 25. 3x3. Conference League  ·  Heart of Midlothian vs Basel ───────────────────────────────────╮
│ ┏━━━━━━━━━━━━━━━━━━┳━━━━━━━━━━┳━━━━━━━━━━━┳━━━━━━━━━━━━┳━━━━━━━━━━┳━━━━━━━━━━━┳━━━━━━━━━━━━┳━━━━━━━━━━━━━┓ │
│ ┃                  ┃          ┃ total for ┃ winner for ┃          ┃ total for ┃ winner for ┃             ┃ │
│ ┃ Result           ┃ 1st half ┃ 1st half  ┃  1st half  ┃ 2nd half ┃ 2nd half  ┃  2nd half  ┃ final total ┃ │
│ ┡━━━━━━━━━━━━━━━━━━╇━━━━━━━━━━╇━━━━━━━━━━━╇━━━━━━━━━━━━╇━━━━━━━━━━╇━━━━━━━━━━━╇━━━━━━━━━━━━╇━━━━━━━━━━━━━┩ │
│ │ Heart of         │        4 │     5     │     1X     │        4 │           │            │             │ │
│ │ Midlothian       │          │           │            │          │           │            │             │ │
│ │ Basel            │        1 │           │            │        3 │     7     │     1X     │     12      │ │
│ └──────────────────┴──────────┴───────────┴────────────┴──────────┴───────────┴────────────┴─────────────┘ │
│ W1 1.00 ✓  X 30.00  W2 1.00                                                                                │
╰───────────────────────────────────────────────────────────────────────────────────────────────── 12 goals ─╯

2026-09-14 22:25:43
╭─ RESULT  FC 25. 3x3. Conference League  ·  Red Bull vs Eintracht Frankfurt ────────────────────────────────╮
│ ┏━━━━━━━━━━━━━━━━━━┳━━━━━━━━━━┳━━━━━━━━━━━┳━━━━━━━━━━━━┳━━━━━━━━━━┳━━━━━━━━━━━┳━━━━━━━━━━━━┳━━━━━━━━━━━━━┓ │
│ ┃                  ┃          ┃ total for ┃ winner for ┃          ┃ total for ┃ winner for ┃             ┃ │
│ ┃ Result           ┃ 1st half ┃ 1st half  ┃  1st half  ┃ 2nd half ┃ 2nd half  ┃  2nd half  ┃ final total ┃ │
│ ┡━━━━━━━━━━━━━━━━━━╇━━━━━━━━━━╇━━━━━━━━━━━╇━━━━━━━━━━━━╇━━━━━━━━━━╇━━━━━━━━━━━╇━━━━━━━━━━━━╇━━━━━━━━━━━━━┩ │
│ │ Red Bull         │        5 │     8     │     1X     │        5 │           │            │             │ │
│ │ Eintracht        │        3 │           │            │        3 │     8     │     1X     │     16      │ │
│ │ Frankfurt        │          │           │            │          │           │            │             │ │
│ └──────────────────┴──────────┴───────────┴────────────┴──────────┴───────────┴────────────┴─────────────┘ │
╰───────────────────────────────────────────────────────────────────────────────────────────────── 16 goals ─╯

2026-09-14 22:36:04
╭─ RESULT  FC 25. 3x3. Conference League  ·  Lille OSC vs AZ Alkmaar ────────────────────────────────────────╮
│ ┏━━━━━━━━━━━━┳━━━━━━━━━━┳━━━━━━━━━━━┳━━━━━━━━━━━━┳━━━━━━━━━━┳━━━━━━━━━━━┳━━━━━━━━━━━━┳━━━━━━━━━━━━━┓       │
│ ┃            ┃          ┃ total for ┃ winner for ┃          ┃ total for ┃ winner for ┃             ┃       │
│ ┃ Result     ┃ 1st half ┃ 1st half  ┃  1st half  ┃ 2nd half ┃ 2nd half  ┃  2nd half  ┃ final total ┃       │
│ ┡━━━━━━━━━━━━╇━━━━━━━━━━╇━━━━━━━━━━━╇━━━━━━━━━━━━╇━━━━━━━━━━╇━━━━━━━━━━━╇━━━━━━━━━━━━╇━━━━━━━━━━━━━┩       │
│ │ Lille OSC  │        3 │     7     │     2X     │        6 │           │            │             │       │
│ │ AZ Alkmaar │        4 │           │            │        2 │     8     │     1X     │     15      │       │
│ └────────────┴──────────┴───────────┴────────────┴──────────┴───────────┴────────────┴─────────────┘       │
╰───────────────────────────────────────────────────────────────────────────────────────────────── 15 goals ─╯

2026-09-14 22:45:51
╭─ RESULT  FC 25. 3x3. Conference League  ·  Borussia Monchengladbach vs Braga ──────────────────────────────╮
│ ┏━━━━━━━━━━━━━━━━━━┳━━━━━━━━━━┳━━━━━━━━━━━┳━━━━━━━━━━━━┳━━━━━━━━━━┳━━━━━━━━━━━┳━━━━━━━━━━━━┳━━━━━━━━━━━━━┓ │
│ ┃                  ┃          ┃ total for ┃ winner for ┃          ┃ total for ┃ winner for ┃             ┃ │
│ ┃ Result           ┃ 1st half ┃ 1st half  ┃  1st half  ┃ 2nd half ┃ 2nd half  ┃  2nd half  ┃ final total ┃ │
│ ┡━━━━━━━━━━━━━━━━━━╇━━━━━━━━━━╇━━━━━━━━━━━╇━━━━━━━━━━━━╇━━━━━━━━━━╇━━━━━━━━━━━╇━━━━━━━━━━━━╇━━━━━━━━━━━━━┩ │
│ │ Borussia         │        4 │     9     │     2X     │        4 │           │            │             │ │
│ │ Monchengladbach  │          │           │            │          │           │            │             │ │
│ │ Braga            │        5 │           │            │        3 │     7     │     1X     │     16      │ │
│ └──────────────────┴──────────┴───────────┴────────────┴──────────┴───────────┴────────────┴─────────────┘ │
│ W1 30.00  X 12.00 ✓  W2 1.00                                                                               │
╰───────────────────────────────────────────────────────────────────────────────────────────────── 16 goals ─╯

2026-09-14 22:54:44
╭─ RESULT  FC 25. 3x3. Conference League  ·  Borussia Monchengladbach vs Olympiacos ─────────────────────────╮
│ ┏━━━━━━━━━━━━━━━━━━┳━━━━━━━━━━┳━━━━━━━━━━━┳━━━━━━━━━━━━┳━━━━━━━━━━┳━━━━━━━━━━━┳━━━━━━━━━━━━┳━━━━━━━━━━━━━┓ │
│ ┃                  ┃          ┃ total for ┃ winner for ┃          ┃ total for ┃ winner for ┃             ┃ │
│ ┃ Result           ┃ 1st half ┃ 1st half  ┃  1st half  ┃ 2nd half ┃ 2nd half  ┃  2nd half  ┃ final total ┃ │
│ ┡━━━━━━━━━━━━━━━━━━╇━━━━━━━━━━╇━━━━━━━━━━━╇━━━━━━━━━━━━╇━━━━━━━━━━╇━━━━━━━━━━━╇━━━━━━━━━━━━╇━━━━━━━━━━━━━┩ │
│ │ Borussia         │        0 │     3     │     2X     │        5 │           │            │             │ │
│ │ Monchengladbach  │          │           │            │          │           │            │             │ │
│ │ Olympiacos       │        3 │           │            │        5 │    10     │     X      │     13      │ │
│ └──────────────────┴──────────┴───────────┴────────────┴──────────┴───────────┴────────────┴─────────────┘ │
│ W1 30.00  X 14.00  W2 1.00 ✓                                                                               │
╰───────────────────────────────────────────────────────────────────────────────────────────────── 13 goals ─╯

2026-09-14 23:04:44
╭─ RESULT  FC 25. 3x3. Conference League  ·  Braga vs Lille OSC ─────────────────────────────────────────────╮
│ ┏━━━━━━━━━━━┳━━━━━━━━━━┳━━━━━━━━━━━┳━━━━━━━━━━━━┳━━━━━━━━━━┳━━━━━━━━━━━┳━━━━━━━━━━━━┳━━━━━━━━━━━━━┓        │
│ ┃           ┃          ┃ total for ┃ winner for ┃          ┃ total for ┃ winner for ┃             ┃        │
│ ┃ Result    ┃ 1st half ┃ 1st half  ┃  1st half  ┃ 2nd half ┃ 2nd half  ┃  2nd half  ┃ final total ┃        │
│ ┡━━━━━━━━━━━╇━━━━━━━━━━╇━━━━━━━━━━━╇━━━━━━━━━━━━╇━━━━━━━━━━╇━━━━━━━━━━━╇━━━━━━━━━━━━╇━━━━━━━━━━━━━┩        │
│ │ Braga     │        3 │     7     │     2X     │        1 │           │            │             │        │
│ │ Lille OSC │        4 │           │            │        3 │     4     │     2X     │     11      │        │
│ └───────────┴──────────┴───────────┴────────────┴──────────┴───────────┴────────────┴─────────────┘        │
╰───────────────────────────────────────────────────────────────────────────────────────────────── 11 goals ─╯

2026-09-14 23:15:06
╭─ RESULT  FC 25. 3x3. Conference League  ·  AZ Alkmaar vs Red Bull ─────────────────────────────────────────╮
│ ┏━━━━━━━━━━━━┳━━━━━━━━━━┳━━━━━━━━━━━┳━━━━━━━━━━━━┳━━━━━━━━━━┳━━━━━━━━━━━┳━━━━━━━━━━━━┳━━━━━━━━━━━━━┓       │
│ ┃            ┃          ┃ total for ┃ winner for ┃          ┃ total for ┃ winner for ┃             ┃       │
│ ┃ Result     ┃ 1st half ┃ 1st half  ┃  1st half  ┃ 2nd half ┃ 2nd half  ┃  2nd half  ┃ final total ┃       │
│ ┡━━━━━━━━━━━━╇━━━━━━━━━━╇━━━━━━━━━━━╇━━━━━━━━━━━━╇━━━━━━━━━━╇━━━━━━━━━━━╇━━━━━━━━━━━━╇━━━━━━━━━━━━━┩       │
│ │ AZ Alkmaar │        4 │     6     │     1X     │        2 │           │            │             │       │
│ │ Red Bull   │        2 │           │            │        3 │     5     │     2X     │     11      │       │
│ └────────────┴──────────┴───────────┴────────────┴──────────┴───────────┴────────────┴─────────────┘       │
│ W1 1.41 ✓  X 6.75  W2 4.23                                                                                 │
╰───────────────────────────────────────────────────────────────────────────────────────────────── 11 goals ─╯

2026-09-14 23:26:53
╭─ RESULT  FC 25. 3x3. Conference League  ·  Eintracht Frankfurt vs Heart of Midlothian ─────────────────────╮
│ ┏━━━━━━━━━━━━━━━━━━┳━━━━━━━━━━┳━━━━━━━━━━━┳━━━━━━━━━━━━┳━━━━━━━━━━┳━━━━━━━━━━━┳━━━━━━━━━━━━┳━━━━━━━━━━━━━┓ │
│ ┃                  ┃          ┃ total for ┃ winner for ┃          ┃ total for ┃ winner for ┃             ┃ │
│ ┃ Result           ┃ 1st half ┃ 1st half  ┃  1st half  ┃ 2nd half ┃ 2nd half  ┃  2nd half  ┃ final total ┃ │
│ ┡━━━━━━━━━━━━━━━━━━╇━━━━━━━━━━╇━━━━━━━━━━━╇━━━━━━━━━━━━╇━━━━━━━━━━╇━━━━━━━━━━━╇━━━━━━━━━━━━╇━━━━━━━━━━━━━┩ │
│ │ Eintracht        │        2 │     6     │     2X     │        6 │           │            │             │ │
│ │ Frankfurt        │          │           │            │          │           │            │             │ │
│ │ Heart of         │        4 │           │            │        7 │    13     │     2X     │     19      │ │
│ │ Midlothian       │          │           │            │          │           │            │             │ │
│ └──────────────────┴──────────┴───────────┴────────────┴──────────┴───────────┴────────────┴─────────────┘ │
│ W1 2.86  X 2.30  W2 3.36 ✓                                                                                 │
╰───────────────────────────────────────────────────────────────────────────────────────────────── 19 goals ─╯

2026-09-14 23:34:33
╭─ RESULT  FC 25. 3x3. Conference League  ·  Basel vs Roma ──────────────────────────────────────────────────╮
│ ┏━━━━━━━━┳━━━━━━━━━━┳━━━━━━━━━━━┳━━━━━━━━━━━━┳━━━━━━━━━━┳━━━━━━━━━━━┳━━━━━━━━━━━━┳━━━━━━━━━━━━━┓           │
│ ┃        ┃          ┃ total for ┃ winner for ┃          ┃ total for ┃ winner for ┃             ┃           │
│ ┃ Result ┃ 1st half ┃ 1st half  ┃  1st half  ┃ 2nd half ┃ 2nd half  ┃  2nd half  ┃ final total ┃           │
│ ┡━━━━━━━━╇━━━━━━━━━━╇━━━━━━━━━━━╇━━━━━━━━━━━━╇━━━━━━━━━━╇━━━━━━━━━━━╇━━━━━━━━━━━━╇━━━━━━━━━━━━━┩           │
│ │ Basel  │        1 │     3     │     2X     │        4 │           │            │             │           │
│ │ Roma   │        2 │           │            │        4 │     8     │     X      │     11      │           │
│ └────────┴──────────┴───────────┴────────────┴──────────┴───────────┴────────────┴─────────────┘           │
╰───────────────────────────────────────────────────────────────────────────────────────────────── 11 goals ─╯

2026-09-14 23:46:29
╭─ RESULT  FC 25. 3x3. Conference League  ·  Villarreal vs Chelsea ──────────────────────────────────────────╮
│ ┏━━━━━━━━━━━━┳━━━━━━━━━━┳━━━━━━━━━━━┳━━━━━━━━━━━━┳━━━━━━━━━━┳━━━━━━━━━━━┳━━━━━━━━━━━━┳━━━━━━━━━━━━━┓       │
│ ┃            ┃          ┃ total for ┃ winner for ┃          ┃ total for ┃ winner for ┃             ┃       │
│ ┃ Result     ┃ 1st half ┃ 1st half  ┃  1st half  ┃ 2nd half ┃ 2nd half  ┃  2nd half  ┃ final total ┃       │
│ ┡━━━━━━━━━━━━╇━━━━━━━━━━╇━━━━━━━━━━━╇━━━━━━━━━━━━╇━━━━━━━━━━╇━━━━━━━━━━━╇━━━━━━━━━━━━╇━━━━━━━━━━━━━┩       │
│ │ Villarreal │        6 │     7     │     1X     │        5 │           │            │             │       │
│ │ Chelsea    │        1 │           │            │        7 │    12     │     2X     │     19      │       │
│ └────────────┴──────────┴───────────┴────────────┴──────────┴───────────┴────────────┴─────────────┘       │
│ W1 1.00 ✓  X 30.00  W2 1.00                                                                                │
╰───────────────────────────────────────────────────────────────────────────────────────────────── 19 goals ─╯

2026-09-14 23:54:04
╭─ RESULT  FC 25. 3x3. Conference League  ·  Nice vs Fenerbahce ─────────────────────────────────────────────╮
│ ┏━━━━━━━━━━━━┳━━━━━━━━━━┳━━━━━━━━━━━┳━━━━━━━━━━━━┳━━━━━━━━━━┳━━━━━━━━━━━┳━━━━━━━━━━━━┳━━━━━━━━━━━━━┓       │
│ ┃            ┃          ┃ total for ┃ winner for ┃          ┃ total for ┃ winner for ┃             ┃       │
│ ┃ Result     ┃ 1st half ┃ 1st half  ┃  1st half  ┃ 2nd half ┃ 2nd half  ┃  2nd half  ┃ final total ┃       │
│ ┡━━━━━━━━━━━━╇━━━━━━━━━━╇━━━━━━━━━━━╇━━━━━━━━━━━━╇━━━━━━━━━━╇━━━━━━━━━━━╇━━━━━━━━━━━━╇━━━━━━━━━━━━━┩       │
│ │ Nice       │        1 │     5     │     2X     │        2 │           │            │             │       │
│ │ Fenerbahce │        4 │           │            │        1 │     3     │     1X     │      8      │       │
│ └────────────┴──────────┴───────────┴────────────┴──────────┴───────────┴────────────┴─────────────┘       │
│ W1 30.00  X 18.00  W2 1.00 ✓                                                                               │
╰────────────────────────────────────────────────────────────────────────────────────────────────── 8 goals ─╯

2026-09-15 00:06:06
╭─ RESULT  FC 25. 3x3. Conference League  ·  West Ham United vs Celta ───────────────────────────────────────╮
│ ┏━━━━━━━━━━━━━━━━━┳━━━━━━━━━━┳━━━━━━━━━━━┳━━━━━━━━━━━━┳━━━━━━━━━━┳━━━━━━━━━━━┳━━━━━━━━━━━━┳━━━━━━━━━━━━━┓  │
│ ┃                 ┃          ┃ total for ┃ winner for ┃          ┃ total for ┃ winner for ┃             ┃  │
│ ┃ Result          ┃ 1st half ┃ 1st half  ┃  1st half  ┃ 2nd half ┃ 2nd half  ┃  2nd half  ┃ final total ┃  │
│ ┡━━━━━━━━━━━━━━━━━╇━━━━━━━━━━╇━━━━━━━━━━━╇━━━━━━━━━━━━╇━━━━━━━━━━╇━━━━━━━━━━━╇━━━━━━━━━━━━╇━━━━━━━━━━━━━┩  │
│ │ West Ham United │        7 │    10     │     1X     │        3 │           │            │             │  │
│ │ Celta           │        3 │           │            │        3 │     6     │     X      │     16      │  │
│ └─────────────────┴──────────┴───────────┴────────────┴──────────┴───────────┴────────────┴─────────────┘  │
│ W1 1.00 ✓  X 30.00  W2 1.00                                                                                │
╰───────────────────────────────────────────────────────────────────────────────────────────────── 16 goals ─╯

2026-09-15 00:17:01
╭─ RESULT  FC 25. 3x3. Conference League  ·  Anderlecht vs Fiorentina ───────────────────────────────────────╮
│ ┏━━━━━━━━━━━━┳━━━━━━━━━━┳━━━━━━━━━━━┳━━━━━━━━━━━━┳━━━━━━━━━━┳━━━━━━━━━━━┳━━━━━━━━━━━━┳━━━━━━━━━━━━━┓       │
│ ┃            ┃          ┃ total for ┃ winner for ┃          ┃ total for ┃ winner for ┃             ┃       │
│ ┃ Result     ┃ 1st half ┃ 1st half  ┃  1st half  ┃ 2nd half ┃ 2nd half  ┃  2nd half  ┃ final total ┃       │
│ ┡━━━━━━━━━━━━╇━━━━━━━━━━╇━━━━━━━━━━━╇━━━━━━━━━━━━╇━━━━━━━━━━╇━━━━━━━━━━━╇━━━━━━━━━━━━╇━━━━━━━━━━━━━┩       │
│ │ Anderlecht │        4 │    13     │     2X     │        4 │           │            │             │       │
│ │ Fiorentina │        9 │           │            │        5 │     9     │     2X     │     22      │       │
│ └────────────┴──────────┴───────────┴────────────┴──────────┴───────────┴────────────┴─────────────┘       │
╰───────────────────────────────────────────────────────────────────────────────────────────────── 22 goals ─╯

2026-09-15 00:23:54
╭─ RESULT  FC 25. 3x3. Conference League  ·  Olympiacos vs Anderlecht ───────────────────────────────────────╮
│ ┏━━━━━━━━━━━━┳━━━━━━━━━━┳━━━━━━━━━━━┳━━━━━━━━━━━━┳━━━━━━━━━━┳━━━━━━━━━━━┳━━━━━━━━━━━━┳━━━━━━━━━━━━━┓       │
│ ┃            ┃          ┃ total for ┃ winner for ┃          ┃ total for ┃ winner for ┃             ┃       │
│ ┃ Result     ┃ 1st half ┃ 1st half  ┃  1st half  ┃ 2nd half ┃ 2nd half  ┃  2nd half  ┃ final total ┃       │
│ ┡━━━━━━━━━━━━╇━━━━━━━━━━╇━━━━━━━━━━━╇━━━━━━━━━━━━╇━━━━━━━━━━╇━━━━━━━━━━━╇━━━━━━━━━━━━╇━━━━━━━━━━━━━┩       │
│ │ Olympiacos │        4 │     5     │     1X     │        4 │           │            │             │       │
│ │ Anderlecht │        1 │           │            │        1 │     5     │     1X     │     10      │       │
│ └────────────┴──────────┴───────────┴────────────┴──────────┴───────────┴────────────┴─────────────┘       │
╰───────────────────────────────────────────────────────────────────────────────────────────────── 10 goals ─╯

2026-09-15 00:35:56
╭─ RESULT  FC 25. 3x3. Conference League  ·  Fiorentina vs West Ham United ──────────────────────────────────╮
│ ┏━━━━━━━━━━━━━━━━━┳━━━━━━━━━━┳━━━━━━━━━━━┳━━━━━━━━━━━━┳━━━━━━━━━━┳━━━━━━━━━━━┳━━━━━━━━━━━━┳━━━━━━━━━━━━━┓  │
│ ┃                 ┃          ┃ total for ┃ winner for ┃          ┃ total for ┃ winner for ┃             ┃  │
│ ┃ Result          ┃ 1st half ┃ 1st half  ┃  1st half  ┃ 2nd half ┃ 2nd half  ┃  2nd half  ┃ final total ┃  │
│ ┡━━━━━━━━━━━━━━━━━╇━━━━━━━━━━╇━━━━━━━━━━━╇━━━━━━━━━━━━╇━━━━━━━━━━╇━━━━━━━━━━━╇━━━━━━━━━━━━╇━━━━━━━━━━━━━┩  │
│ │ Fiorentina      │        4 │     8     │     X      │        3 │           │            │             │  │
│ │ West Ham United │        4 │           │            │        5 │     8     │     2X     │     16      │  │
│ └─────────────────┴──────────┴───────────┴────────────┴──────────┴───────────┴────────────┴─────────────┘  │
╰───────────────────────────────────────────────────────────────────────────────────────────────── 16 goals ─╯

2026-09-15 00:45:24
╭─ RESULT  FC 25. 3x3. Conference League  ·  Celta vs Nice ──────────────────────────────────────────────────╮
│ ┏━━━━━━━━┳━━━━━━━━━━┳━━━━━━━━━━━┳━━━━━━━━━━━━┳━━━━━━━━━━┳━━━━━━━━━━━┳━━━━━━━━━━━━┳━━━━━━━━━━━━━┓           │
│ ┃        ┃          ┃ total for ┃ winner for ┃          ┃ total for ┃ winner for ┃             ┃           │
│ ┃ Result ┃ 1st half ┃ 1st half  ┃  1st half  ┃ 2nd half ┃ 2nd half  ┃  2nd half  ┃ final total ┃           │
│ ┡━━━━━━━━╇━━━━━━━━━━╇━━━━━━━━━━━╇━━━━━━━━━━━━╇━━━━━━━━━━╇━━━━━━━━━━━╇━━━━━━━━━━━━╇━━━━━━━━━━━━━┩           │
│ │ Celta  │        2 │     8     │     2X     │        1 │           │            │             │           │
│ │ Nice   │        6 │           │            │        5 │     6     │     2X     │     14      │           │
│ └────────┴──────────┴───────────┴────────────┴──────────┴───────────┴────────────┴─────────────┘           │
╰───────────────────────────────────────────────────────────────────────────────────────────────── 14 goals ─╯

2026-09-15 00:55:54
╭─ RESULT  FC 25. 3x3. Conference League  ·  Fenerbahce vs Villarreal ───────────────────────────────────────╮
│ ┏━━━━━━━━━━━━┳━━━━━━━━━━┳━━━━━━━━━━━┳━━━━━━━━━━━━┳━━━━━━━━━━┳━━━━━━━━━━━┳━━━━━━━━━━━━┳━━━━━━━━━━━━━┓       │
│ ┃            ┃          ┃ total for ┃ winner for ┃          ┃ total for ┃ winner for ┃             ┃       │
│ ┃ Result     ┃ 1st half ┃ 1st half  ┃  1st half  ┃ 2nd half ┃ 2nd half  ┃  2nd half  ┃ final total ┃       │
│ ┡━━━━━━━━━━━━╇━━━━━━━━━━╇━━━━━━━━━━━╇━━━━━━━━━━━━╇━━━━━━━━━━╇━━━━━━━━━━━╇━━━━━━━━━━━━╇━━━━━━━━━━━━━┩       │
│ │ Fenerbahce │        7 │     9     │     1X     │        4 │           │            │             │       │
│ │ Villarreal │        2 │           │            │        3 │     7     │     1X     │     16      │       │
│ └────────────┴──────────┴───────────┴────────────┴──────────┴───────────┴────────────┴─────────────┘       │
╰───────────────────────────────────────────────────────────────────────────────────────────────── 16 goals ─╯

2026-09-15 01:04:13
╭─ RESULT  FC 25. 3x3. Conference League  ·  Chelsea vs Basel ───────────────────────────────────────────────╮
│ ┏━━━━━━━━━┳━━━━━━━━━━┳━━━━━━━━━━━┳━━━━━━━━━━━━┳━━━━━━━━━━┳━━━━━━━━━━━┳━━━━━━━━━━━━┳━━━━━━━━━━━━━┓          │
│ ┃         ┃          ┃ total for ┃ winner for ┃          ┃ total for ┃ winner for ┃             ┃          │
│ ┃ Result  ┃ 1st half ┃ 1st half  ┃  1st half  ┃ 2nd half ┃ 2nd half  ┃  2nd half  ┃ final total ┃          │
│ ┡━━━━━━━━━╇━━━━━━━━━━╇━━━━━━━━━━━╇━━━━━━━━━━━━╇━━━━━━━━━━╇━━━━━━━━━━━╇━━━━━━━━━━━━╇━━━━━━━━━━━━━┩          │
│ │ Chelsea │        2 │     6     │     2X     │        2 │           │            │             │          │
│ │ Basel   │        4 │           │            │        2 │     4     │     X      │     10      │          │
│ └─────────┴──────────┴───────────┴────────────┴──────────┴───────────┴────────────┴─────────────┘          │
│ W1 30.00  X 11.00  W2 1.00 ✓                                                                               │
╰───────────────────────────────────────────────────────────────────────────────────────────────── 10 goals ─╯

2026-09-15 01:16:20
╭─ RESULT  FC 25. 3x3. Conference League  ·  Roma vs Eintracht Frankfurt ────────────────────────────────────╮
│ ┏━━━━━━━━━━━━━━━━━━┳━━━━━━━━━━┳━━━━━━━━━━━┳━━━━━━━━━━━━┳━━━━━━━━━━┳━━━━━━━━━━━┳━━━━━━━━━━━━┳━━━━━━━━━━━━━┓ │
│ ┃                  ┃          ┃ total for ┃ winner for ┃          ┃ total for ┃ winner for ┃             ┃ │
│ ┃ Result           ┃ 1st half ┃ 1st half  ┃  1st half  ┃ 2nd half ┃ 2nd half  ┃  2nd half  ┃ final total ┃ │
│ ┡━━━━━━━━━━━━━━━━━━╇━━━━━━━━━━╇━━━━━━━━━━━╇━━━━━━━━━━━━╇━━━━━━━━━━╇━━━━━━━━━━━╇━━━━━━━━━━━━╇━━━━━━━━━━━━━┩ │
│ │ Roma             │        3 │     9     │     2X     │        5 │           │            │             │ │
│ │ Eintracht        │        6 │           │            │        4 │     9     │     1X     │     18      │ │
│ │ Frankfurt        │          │           │            │          │           │            │             │ │
│ └──────────────────┴──────────┴───────────┴────────────┴──────────┴───────────┴────────────┴─────────────┘ │
│ W1 30.00  X 30.00  W2 1.00 ✓                                                                               │
╰───────────────────────────────────────────────────────────────────────────────────────────────── 18 goals ─╯

2026-09-15 01:24:42
╭─ RESULT  FC 25. 3x3. Conference League  ·  Heart of Midlothian vs AZ Alkmaar ──────────────────────────────╮
│ ┏━━━━━━━━━━━━━━━━━━┳━━━━━━━━━━┳━━━━━━━━━━━┳━━━━━━━━━━━━┳━━━━━━━━━━┳━━━━━━━━━━━┳━━━━━━━━━━━━┳━━━━━━━━━━━━━┓ │
│ ┃                  ┃          ┃ total for ┃ winner for ┃          ┃ total for ┃ winner for ┃             ┃ │
│ ┃ Result           ┃ 1st half ┃ 1st half  ┃  1st half  ┃ 2nd half ┃ 2nd half  ┃  2nd half  ┃ final total ┃ │
│ ┡━━━━━━━━━━━━━━━━━━╇━━━━━━━━━━╇━━━━━━━━━━━╇━━━━━━━━━━━━╇━━━━━━━━━━╇━━━━━━━━━━━╇━━━━━━━━━━━━╇━━━━━━━━━━━━━┩ │
│ │ Heart of         │        5 │     7     │     1X     │        3 │           │            │             │ │
│ │ Midlothian       │          │           │            │          │           │            │             │ │
│ │ AZ Alkmaar       │        2 │           │            │        2 │     5     │     1X     │     12      │ │
│ └──────────────────┴──────────┴───────────┴────────────┴──────────┴───────────┴────────────┴─────────────┘ │
│ W1 1.00 ✓  X 30.00  W2 1.00                                                                                │
╰───────────────────────────────────────────────────────────────────────────────────────────────── 12 goals ─╯

2026-09-15 01:34:03
╭─ RESULT  FC 25. 3x3. Conference League  ·  Red Bull vs Braga ──────────────────────────────────────────────╮
│ ┏━━━━━━━━━━┳━━━━━━━━━━┳━━━━━━━━━━━┳━━━━━━━━━━━━┳━━━━━━━━━━┳━━━━━━━━━━━┳━━━━━━━━━━━━┳━━━━━━━━━━━━━┓         │
│ ┃          ┃          ┃ total for ┃ winner for ┃          ┃ total for ┃ winner for ┃             ┃         │
│ ┃ Result   ┃ 1st half ┃ 1st half  ┃  1st half  ┃ 2nd half ┃ 2nd half  ┃  2nd half  ┃ final total ┃         │
│ ┡━━━━━━━━━━╇━━━━━━━━━━╇━━━━━━━━━━━╇━━━━━━━━━━━━╇━━━━━━━━━━╇━━━━━━━━━━━╇━━━━━━━━━━━━╇━━━━━━━━━━━━━┩         │
│ │ Red Bull │        2 │     5     │     2X     │        4 │           │            │             │         │
│ │ Braga    │        3 │           │            │        1 │     5     │     1X     │     10      │         │
│ └──────────┴──────────┴───────────┴────────────┴──────────┴───────────┴────────────┴─────────────┘         │
╰───────────────────────────────────────────────────────────────────────────────────────────────── 10 goals ─╯

2026-09-15 01:46:24
╭─ RESULT  FC 25. 3x3. Conference League  ·  Lille OSC vs Borussia Monchengladbach ──────────────────────────╮
│ ┏━━━━━━━━━━━━━━━━━━┳━━━━━━━━━━┳━━━━━━━━━━━┳━━━━━━━━━━━━┳━━━━━━━━━━┳━━━━━━━━━━━┳━━━━━━━━━━━━┳━━━━━━━━━━━━━┓ │
│ ┃                  ┃          ┃ total for ┃ winner for ┃          ┃ total for ┃ winner for ┃             ┃ │
│ ┃ Result           ┃ 1st half ┃ 1st half  ┃  1st half  ┃ 2nd half ┃ 2nd half  ┃  2nd half  ┃ final total ┃ │
│ ┡━━━━━━━━━━━━━━━━━━╇━━━━━━━━━━╇━━━━━━━━━━━╇━━━━━━━━━━━━╇━━━━━━━━━━╇━━━━━━━━━━━╇━━━━━━━━━━━━╇━━━━━━━━━━━━━┩ │
│ │ Lille OSC        │        4 │     9     │     2X     │        7 │           │            │             │ │
│ │ Borussia         │        5 │           │            │        3 │    10     │     1X     │     19      │ │
│ │ Monchengladbach  │          │           │            │          │           │            │             │ │
│ └──────────────────┴──────────┴───────────┴────────────┴──────────┴───────────┴────────────┴─────────────┘ │
│ W1 1.00 ✓  X 30.00  W2 1.00                                                                                │
╰───────────────────────────────────────────────────────────────────────────────────────────────── 19 goals ─╯

2026-09-15 01:54:22
╭─ RESULT  FC 25. 3x3. Conference League  ·  Lille OSC vs Olympiacos ────────────────────────────────────────╮
│ ┏━━━━━━━━━━━━┳━━━━━━━━━━┳━━━━━━━━━━━┳━━━━━━━━━━━━┳━━━━━━━━━━┳━━━━━━━━━━━┳━━━━━━━━━━━━┳━━━━━━━━━━━━━┓       │
│ ┃            ┃          ┃ total for ┃ winner for ┃          ┃ total for ┃ winner for ┃             ┃       │
│ ┃ Result     ┃ 1st half ┃ 1st half  ┃  1st half  ┃ 2nd half ┃ 2nd half  ┃  2nd half  ┃ final total ┃       │
│ ┡━━━━━━━━━━━━╇━━━━━━━━━━╇━━━━━━━━━━━╇━━━━━━━━━━━━╇━━━━━━━━━━╇━━━━━━━━━━━╇━━━━━━━━━━━━╇━━━━━━━━━━━━━┩       │
│ │ Lille OSC  │        4 │     5     │     1X     │        3 │           │            │             │       │
│ │ Olympiacos │        1 │           │            │        4 │     7     │     2X     │     12      │       │
│ └────────────┴──────────┴───────────┴────────────┴──────────┴───────────┴────────────┴─────────────┘       │
│ W1 1.00 ✓  X 30.00  W2 30.00                                                                               │
╰───────────────────────────────────────────────────────────────────────────────────────────────── 12 goals ─╯

2026-09-15 02:05:02
╭─ RESULT  FC 25. 3x3. Conference League  ·  Borussia Monchengladbach vs Red Bull ───────────────────────────╮
│ ┏━━━━━━━━━━━━━━━━━━┳━━━━━━━━━━┳━━━━━━━━━━━┳━━━━━━━━━━━━┳━━━━━━━━━━┳━━━━━━━━━━━┳━━━━━━━━━━━━┳━━━━━━━━━━━━━┓ │
│ ┃                  ┃          ┃ total for ┃ winner for ┃          ┃ total for ┃ winner for ┃             ┃ │
│ ┃ Result           ┃ 1st half ┃ 1st half  ┃  1st half  ┃ 2nd half ┃ 2nd half  ┃  2nd half  ┃ final total ┃ │
│ ┡━━━━━━━━━━━━━━━━━━╇━━━━━━━━━━╇━━━━━━━━━━━╇━━━━━━━━━━━━╇━━━━━━━━━━╇━━━━━━━━━━━╇━━━━━━━━━━━━╇━━━━━━━━━━━━━┩ │
│ │ Borussia         │        5 │     9     │     1X     │        3 │           │            │             │ │
│ │ Monchengladbach  │          │           │            │          │           │            │             │ │
│ │ Red Bull         │        4 │           │            │        3 │     6     │     X      │     15      │ │
│ └──────────────────┴──────────┴───────────┴────────────┴──────────┴───────────┴────────────┴─────────────┘ │
│ W1 1.00 ✓  X 14.00  W2 30.00                                                                               │
╰───────────────────────────────────────────────────────────────────────────────────────────────── 15 goals ─╯

2026-09-15 02:15:47
╭─ RESULT  FC 25. 3x3. Conference League  ·  Braga vs Heart of Midlothian ───────────────────────────────────╮
│ ┏━━━━━━━━━━━━━━━━━━┳━━━━━━━━━━┳━━━━━━━━━━━┳━━━━━━━━━━━━┳━━━━━━━━━━┳━━━━━━━━━━━┳━━━━━━━━━━━━┳━━━━━━━━━━━━━┓ │
│ ┃                  ┃          ┃ total for ┃ winner for ┃          ┃ total for ┃ winner for ┃             ┃ │
│ ┃ Result           ┃ 1st half ┃ 1st half  ┃  1st half  ┃ 2nd half ┃ 2nd half  ┃  2nd half  ┃ final total ┃ │
│ ┡━━━━━━━━━━━━━━━━━━╇━━━━━━━━━━╇━━━━━━━━━━━╇━━━━━━━━━━━━╇━━━━━━━━━━╇━━━━━━━━━━━╇━━━━━━━━━━━━╇━━━━━━━━━━━━━┩ │
│ │ Braga            │        6 │    11     │     1X     │        1 │           │            │             │ │
│ │ Heart of         │        5 │           │            │        4 │     5     │     2X     │     16      │ │
│ │ Midlothian       │          │           │            │          │           │            │             │ │
│ └──────────────────┴──────────┴───────────┴────────────┴──────────┴───────────┴────────────┴─────────────┘ │
╰───────────────────────────────────────────────────────────────────────────────────────────────── 16 goals ─╯

2026-09-15 02:26:54
╭─ RESULT  FC 25. 3x3. Conference League  ·  AZ Alkmaar vs Roma ─────────────────────────────────────────────╮
│ ┏━━━━━━━━━━━━┳━━━━━━━━━━┳━━━━━━━━━━━┳━━━━━━━━━━━━┳━━━━━━━━━━┳━━━━━━━━━━━┳━━━━━━━━━━━━┳━━━━━━━━━━━━━┓       │
│ ┃            ┃          ┃ total for ┃ winner for ┃          ┃ total for ┃ winner for ┃             ┃       │
│ ┃ Result     ┃ 1st half ┃ 1st half  ┃  1st half  ┃ 2nd half ┃ 2nd half  ┃  2nd half  ┃ final total ┃       │
│ ┡━━━━━━━━━━━━╇━━━━━━━━━━╇━━━━━━━━━━━╇━━━━━━━━━━━━╇━━━━━━━━━━╇━━━━━━━━━━━╇━━━━━━━━━━━━╇━━━━━━━━━━━━━┩       │
│ │ AZ Alkmaar │        5 │    11     │     2X     │        3 │           │            │             │       │
│ │ Roma       │        6 │           │            │        6 │     9     │     2X     │     20      │       │
│ └────────────┴──────────┴───────────┴────────────┴──────────┴───────────┴────────────┴─────────────┘       │
╰───────────────────────────────────────────────────────────────────────────────────────────────── 20 goals ─╯

2026-09-15 02:34:15
╭─ RESULT  FC 25. 3x3. Conference League  ·  Eintracht Frankfurt vs Chelsea ─────────────────────────────────╮
│ ┏━━━━━━━━━━━━━━━━━━┳━━━━━━━━━━┳━━━━━━━━━━━┳━━━━━━━━━━━━┳━━━━━━━━━━┳━━━━━━━━━━━┳━━━━━━━━━━━━┳━━━━━━━━━━━━━┓ │
│ ┃                  ┃          ┃ total for ┃ winner for ┃          ┃ total for ┃ winner for ┃             ┃ │
│ ┃ Result           ┃ 1st half ┃ 1st half  ┃  1st half  ┃ 2nd half ┃ 2nd half  ┃  2nd half  ┃ final total ┃ │
│ ┡━━━━━━━━━━━━━━━━━━╇━━━━━━━━━━╇━━━━━━━━━━━╇━━━━━━━━━━━━╇━━━━━━━━━━╇━━━━━━━━━━━╇━━━━━━━━━━━━╇━━━━━━━━━━━━━┩ │
│ │ Eintracht        │        2 │     2     │     1X     │        3 │           │            │             │ │
│ │ Frankfurt        │          │           │            │          │           │            │             │ │
│ │ Chelsea          │        0 │           │            │        5 │     8     │     2X     │     10      │ │
│ └──────────────────┴──────────┴───────────┴────────────┴──────────┴───────────┴────────────┴─────────────┘ │
│ W1 18.00  X 4.36 ✓  W2 1.24                                                                                │
╰───────────────────────────────────────────────────────────────────────────────────────────────── 10 goals ─╯

2026-09-15 02:45:22
╭─ RESULT  FC 25. 3x3. Conference League  ·  Basel vs Fenerbahce ────────────────────────────────────────────╮
│ ┏━━━━━━━━━━━━┳━━━━━━━━━━┳━━━━━━━━━━━┳━━━━━━━━━━━━┳━━━━━━━━━━┳━━━━━━━━━━━┳━━━━━━━━━━━━┳━━━━━━━━━━━━━┓       │
│ ┃            ┃          ┃ total for ┃ winner for ┃          ┃ total for ┃ winner for ┃             ┃       │
│ ┃ Result     ┃ 1st half ┃ 1st half  ┃  1st half  ┃ 2nd half ┃ 2nd half  ┃  2nd half  ┃ final total ┃       │
│ ┡━━━━━━━━━━━━╇━━━━━━━━━━╇━━━━━━━━━━━╇━━━━━━━━━━━━╇━━━━━━━━━━╇━━━━━━━━━━━╇━━━━━━━━━━━━╇━━━━━━━━━━━━━┩       │
│ │ Basel      │        3 │     4     │     1X     │        7 │           │            │             │       │
│ │ Fenerbahce │        1 │           │            │        4 │    11     │     1X     │     15      │       │
│ └────────────┴──────────┴───────────┴────────────┴──────────┴───────────┴────────────┴─────────────┘       │
╰───────────────────────────────────────────────────────────────────────────────────────────────── 15 goals ─╯

2026-09-15 02:56:03
╭─ RESULT  FC 25. 3x3. Conference League  ·  Villarreal vs Celta ────────────────────────────────────────────╮
│ ┏━━━━━━━━━━━━┳━━━━━━━━━━┳━━━━━━━━━━━┳━━━━━━━━━━━━┳━━━━━━━━━━┳━━━━━━━━━━━┳━━━━━━━━━━━━┳━━━━━━━━━━━━━┓       │
│ ┃            ┃          ┃ total for ┃ winner for ┃          ┃ total for ┃ winner for ┃             ┃       │
│ ┃ Result     ┃ 1st half ┃ 1st half  ┃  1st half  ┃ 2nd half ┃ 2nd half  ┃  2nd half  ┃ final total ┃       │
│ ┡━━━━━━━━━━━━╇━━━━━━━━━━╇━━━━━━━━━━━╇━━━━━━━━━━━━╇━━━━━━━━━━╇━━━━━━━━━━━╇━━━━━━━━━━━━╇━━━━━━━━━━━━━┩       │
│ │ Villarreal │        3 │     9     │     2X     │        4 │           │            │             │       │
│ │ Celta      │        6 │           │            │        4 │     8     │     X      │     17      │       │
│ └────────────┴──────────┴───────────┴────────────┴──────────┴───────────┴────────────┴─────────────┘       │
╰───────────────────────────────────────────────────────────────────────────────────────────────── 17 goals ─╯

2026-09-15 03:05:19
╭─ RESULT  FC 25. 3x3. Conference League  ·  Nice vs Fiorentina ─────────────────────────────────────────────╮
│ ┏━━━━━━━━━━━━┳━━━━━━━━━━┳━━━━━━━━━━━┳━━━━━━━━━━━━┳━━━━━━━━━━┳━━━━━━━━━━━┳━━━━━━━━━━━━┳━━━━━━━━━━━━━┓       │
│ ┃            ┃          ┃ total for ┃ winner for ┃          ┃ total for ┃ winner for ┃             ┃       │
│ ┃ Result     ┃ 1st half ┃ 1st half  ┃  1st half  ┃ 2nd half ┃ 2nd half  ┃  2nd half  ┃ final total ┃       │
│ ┡━━━━━━━━━━━━╇━━━━━━━━━━╇━━━━━━━━━━━╇━━━━━━━━━━━━╇━━━━━━━━━━╇━━━━━━━━━━━╇━━━━━━━━━━━━╇━━━━━━━━━━━━━┩       │
│ │ Nice       │        3 │     6     │     X      │        5 │           │            │             │       │
│ │ Fiorentina │        3 │           │            │        2 │     7     │     1X     │     13      │       │
│ └────────────┴──────────┴───────────┴────────────┴──────────┴───────────┴────────────┴─────────────┘       │
╰───────────────────────────────────────────────────────────────────────────────────────────────── 13 goals ─╯

2026-09-15 03:15:49
╭─ RESULT  FC 25. 3x3. Conference League  ·  West Ham United vs Anderlecht ──────────────────────────────────╮
│ ┏━━━━━━━━━━━━━━━━━┳━━━━━━━━━━┳━━━━━━━━━━━┳━━━━━━━━━━━━┳━━━━━━━━━━┳━━━━━━━━━━━┳━━━━━━━━━━━━┳━━━━━━━━━━━━━┓  │
│ ┃                 ┃          ┃ total for ┃ winner for ┃          ┃ total for ┃ winner for ┃             ┃  │
│ ┃ Result          ┃ 1st half ┃ 1st half  ┃  1st half  ┃ 2nd half ┃ 2nd half  ┃  2nd half  ┃ final total ┃  │
│ ┡━━━━━━━━━━━━━━━━━╇━━━━━━━━━━╇━━━━━━━━━━━╇━━━━━━━━━━━━╇━━━━━━━━━━╇━━━━━━━━━━━╇━━━━━━━━━━━━╇━━━━━━━━━━━━━┩  │
│ │ West Ham United │        4 │     7     │     1X     │        4 │           │            │             │  │
│ │ Anderlecht      │        3 │           │            │        6 │    10     │     2X     │     17      │  │
│ └─────────────────┴──────────┴───────────┴────────────┴──────────┴───────────┴────────────┴─────────────┘  │
╰───────────────────────────────────────────────────────────────────────────────────────────────── 17 goals ─╯

2026-09-15 03:24:52
╭─ RESULT  FC 25. 3x3. Conference League  ·  Olympiacos vs West Ham United ──────────────────────────────────╮
│ ┏━━━━━━━━━━━━━━━━━┳━━━━━━━━━━┳━━━━━━━━━━━┳━━━━━━━━━━━━┳━━━━━━━━━━┳━━━━━━━━━━━┳━━━━━━━━━━━━┳━━━━━━━━━━━━━┓  │
│ ┃                 ┃          ┃ total for ┃ winner for ┃          ┃ total for ┃ winner for ┃             ┃  │
│ ┃ Result          ┃ 1st half ┃ 1st half  ┃  1st half  ┃ 2nd half ┃ 2nd half  ┃  2nd half  ┃ final total ┃  │
│ ┡━━━━━━━━━━━━━━━━━╇━━━━━━━━━━╇━━━━━━━━━━━╇━━━━━━━━━━━━╇━━━━━━━━━━╇━━━━━━━━━━━╇━━━━━━━━━━━━╇━━━━━━━━━━━━━┩  │
│ │ Olympiacos      │        3 │     4     │     1X     │        6 │           │            │             │  │
│ │ West Ham United │        1 │           │            │        3 │     9     │     1X     │     13      │  │
│ └─────────────────┴──────────┴───────────┴────────────┴──────────┴───────────┴────────────┴─────────────┘  │
│ W1 1.00 ✓  X 30.00  W2 1.00                                                                                │
╰───────────────────────────────────────────────────────────────────────────────────────────────── 13 goals ─╯

2026-09-15 03:35:16
╭─ RESULT  FC 25. 3x3. Conference League  ·  Anderlecht vs Nice ─────────────────────────────────────────────╮
│ ┏━━━━━━━━━━━━┳━━━━━━━━━━┳━━━━━━━━━━━┳━━━━━━━━━━━━┳━━━━━━━━━━┳━━━━━━━━━━━┳━━━━━━━━━━━━┳━━━━━━━━━━━━━┓       │
│ ┃            ┃          ┃ total for ┃ winner for ┃          ┃ total for ┃ winner for ┃             ┃       │
│ ┃ Result     ┃ 1st half ┃ 1st half  ┃  1st half  ┃ 2nd half ┃ 2nd half  ┃  2nd half  ┃ final total ┃       │
│ ┡━━━━━━━━━━━━╇━━━━━━━━━━╇━━━━━━━━━━━╇━━━━━━━━━━━━╇━━━━━━━━━━╇━━━━━━━━━━━╇━━━━━━━━━━━━╇━━━━━━━━━━━━━┩       │
│ │ Anderlecht │        2 │     6     │     2X     │        3 │           │            │             │       │
│ │ Nice       │        4 │           │            │        5 │     8     │     2X     │     14      │       │
│ └────────────┴──────────┴───────────┴────────────┴──────────┴───────────┴────────────┴─────────────┘       │
╰───────────────────────────────────────────────────────────────────────────────────────────────── 14 goals ─╯

2026-09-15 03:46:41
╭─ RESULT  FC 25. 3x3. Conference League  ·  Fiorentina vs Villarreal ───────────────────────────────────────╮
│ ┏━━━━━━━━━━━━┳━━━━━━━━━━┳━━━━━━━━━━━┳━━━━━━━━━━━━┳━━━━━━━━━━┳━━━━━━━━━━━┳━━━━━━━━━━━━┳━━━━━━━━━━━━━┓       │
│ ┃            ┃          ┃ total for ┃ winner for ┃          ┃ total for ┃ winner for ┃             ┃       │
│ ┃ Result     ┃ 1st half ┃ 1st half  ┃  1st half  ┃ 2nd half ┃ 2nd half  ┃  2nd half  ┃ final total ┃       │
│ ┡━━━━━━━━━━━━╇━━━━━━━━━━╇━━━━━━━━━━━╇━━━━━━━━━━━━╇━━━━━━━━━━╇━━━━━━━━━━━╇━━━━━━━━━━━━╇━━━━━━━━━━━━━┩       │
│ │ Fiorentina │        6 │    10     │     1X     │        5 │           │            │             │       │
│ │ Villarreal │        4 │           │            │        5 │    10     │     X      │     20      │       │
│ └────────────┴──────────┴───────────┴────────────┴──────────┴───────────┴────────────┴─────────────┘       │
│ W1 1.25 ✓  X 4.33  W2 15.00                                                                                │
╰───────────────────────────────────────────────────────────────────────────────────────────────── 20 goals ─╯

2026-09-15 03:53:57
╭─ RESULT  FC 25. 3x3. Conference League  ·  Celta vs Basel ─────────────────────────────────────────────────╮
│ ┏━━━━━━━━┳━━━━━━━━━━┳━━━━━━━━━━━┳━━━━━━━━━━━━┳━━━━━━━━━━┳━━━━━━━━━━━┳━━━━━━━━━━━━┳━━━━━━━━━━━━━┓           │
│ ┃        ┃          ┃ total for ┃ winner for ┃          ┃ total for ┃ winner for ┃             ┃           │
│ ┃ Result ┃ 1st half ┃ 1st half  ┃  1st half  ┃ 2nd half ┃ 2nd half  ┃  2nd half  ┃ final total ┃           │
│ ┡━━━━━━━━╇━━━━━━━━━━╇━━━━━━━━━━━╇━━━━━━━━━━━━╇━━━━━━━━━━╇━━━━━━━━━━━╇━━━━━━━━━━━━╇━━━━━━━━━━━━━┩           │
│ │ Celta  │        3 │     4     │     1X     │        4 │           │            │             │           │
│ │ Basel  │        1 │           │            │        1 │     5     │     1X     │      9      │           │
│ └────────┴──────────┴───────────┴────────────┴──────────┴───────────┴────────────┴─────────────┘           │
╰────────────────────────────────────────────────────────────────────────────────────────────────── 9 goals ─╯

2026-09-15 04:03:42
╭─ RESULT  FC 25. 3x3. Conference League  ·  Fenerbahce vs Eintracht Frankfurt ──────────────────────────────╮
│ ┏━━━━━━━━━━━━━━━━━━┳━━━━━━━━━━┳━━━━━━━━━━━┳━━━━━━━━━━━━┳━━━━━━━━━━┳━━━━━━━━━━━┳━━━━━━━━━━━━┳━━━━━━━━━━━━━┓ │
│ ┃                  ┃          ┃ total for ┃ winner for ┃          ┃ total for ┃ winner for ┃             ┃ │
│ ┃ Result           ┃ 1st half ┃ 1st half  ┃  1st half  ┃ 2nd half ┃ 2nd half  ┃  2nd half  ┃ final total ┃ │
│ ┡━━━━━━━━━━━━━━━━━━╇━━━━━━━━━━╇━━━━━━━━━━━╇━━━━━━━━━━━━╇━━━━━━━━━━╇━━━━━━━━━━━╇━━━━━━━━━━━━╇━━━━━━━━━━━━━┩ │
│ │ Fenerbahce       │        2 │     3     │     1X     │        2 │           │            │             │ │
│ │ Eintracht        │        1 │           │            │        3 │     5     │     2X     │      8      │ │
│ │ Frankfurt        │          │           │            │          │           │            │             │ │
│ └──────────────────┴──────────┴───────────┴────────────┴──────────┴───────────┴────────────┴─────────────┘ │
│ W1 1.31  X 3.95 ✓  W2 12.00                                                                                │
╰────────────────────────────────────────────────────────────────────────────────────────────────── 8 goals ─╯

2026-09-15 04:14:54
╭─ RESULT  FC 25. 3x3. Conference League  ·  Chelsea vs AZ Alkmaar ──────────────────────────────────────────╮
│ ┏━━━━━━━━━━━━┳━━━━━━━━━━┳━━━━━━━━━━━┳━━━━━━━━━━━━┳━━━━━━━━━━┳━━━━━━━━━━━┳━━━━━━━━━━━━┳━━━━━━━━━━━━━┓       │
│ ┃            ┃          ┃ total for ┃ winner for ┃          ┃ total for ┃ winner for ┃             ┃       │
│ ┃ Result     ┃ 1st half ┃ 1st half  ┃  1st half  ┃ 2nd half ┃ 2nd half  ┃  2nd half  ┃ final total ┃       │
│ ┡━━━━━━━━━━━━╇━━━━━━━━━━╇━━━━━━━━━━━╇━━━━━━━━━━━━╇━━━━━━━━━━╇━━━━━━━━━━━╇━━━━━━━━━━━━╇━━━━━━━━━━━━━┩       │
│ │ Chelsea    │        5 │     7     │     1X     │        4 │           │            │             │       │
│ │ AZ Alkmaar │        2 │           │            │        3 │     7     │     1X     │     14      │       │
│ └────────────┴──────────┴───────────┴────────────┴──────────┴───────────┴────────────┴─────────────┘       │
│ W1 1.00 ✓  X 30.00  W2 1.00                                                                                │
╰───────────────────────────────────────────────────────────────────────────────────────────────── 14 goals ─╯

2026-09-15 04:26:04
╭─ RESULT  FC 25. 3x3. Conference League  ·  Roma vs Braga ──────────────────────────────────────────────────╮
│ ┏━━━━━━━━┳━━━━━━━━━━┳━━━━━━━━━━━┳━━━━━━━━━━━━┳━━━━━━━━━━┳━━━━━━━━━━━┳━━━━━━━━━━━━┳━━━━━━━━━━━━━┓           │
│ ┃        ┃          ┃ total for ┃ winner for ┃          ┃ total for ┃ winner for ┃             ┃           │
│ ┃ Result ┃ 1st half ┃ 1st half  ┃  1st half  ┃ 2nd half ┃ 2nd half  ┃  2nd half  ┃ final total ┃           │
│ ┡━━━━━━━━╇━━━━━━━━━━╇━━━━━━━━━━━╇━━━━━━━━━━━━╇━━━━━━━━━━╇━━━━━━━━━━━╇━━━━━━━━━━━━╇━━━━━━━━━━━━━┩           │
│ │ Roma   │        4 │     9     │     2X     │        3 │           │            │             │           │
│ │ Braga  │        5 │           │            │        5 │     8     │     2X     │     17      │           │
│ └────────┴──────────┴───────────┴────────────┴──────────┴───────────┴────────────┴─────────────┘           │
│ W1 13.00  X 3.94  W2 1.30 ✓                                                                                │
╰───────────────────────────────────────────────────────────────────────────────────────────────── 17 goals ─╯

2026-09-15 04:36:55
╭─ RESULT  FC 25. 3x3. Conference League  ·  Heart of Midlothian vs Borussia Monchengladbach ────────────────╮
│ ┏━━━━━━━━━━━━━━━━━━┳━━━━━━━━━━┳━━━━━━━━━━━┳━━━━━━━━━━━━┳━━━━━━━━━━┳━━━━━━━━━━━┳━━━━━━━━━━━━┳━━━━━━━━━━━━━┓ │
│ ┃                  ┃          ┃ total for ┃ winner for ┃          ┃ total for ┃ winner for ┃             ┃ │
│ ┃ Result           ┃ 1st half ┃ 1st half  ┃  1st half  ┃ 2nd half ┃ 2nd half  ┃  2nd half  ┃ final total ┃ │
│ ┡━━━━━━━━━━━━━━━━━━╇━━━━━━━━━━╇━━━━━━━━━━━╇━━━━━━━━━━━━╇━━━━━━━━━━╇━━━━━━━━━━━╇━━━━━━━━━━━━╇━━━━━━━━━━━━━┩ │
│ │ Heart of         │        4 │     9     │     2X     │        3 │           │            │             │ │
│ │ Midlothian       │          │           │            │          │           │            │             │ │
│ │ Borussia         │        5 │           │            │        8 │    11     │     2X     │     20      │ │
│ │ Monchengladbach  │          │           │            │          │           │            │             │ │
│ └──────────────────┴──────────┴───────────┴────────────┴──────────┴───────────┴────────────┴─────────────┘ │
╰───────────────────────────────────────────────────────────────────────────────────────────────── 20 goals ─╯

2026-09-15 04:46:21
╭─ RESULT  FC 25. 3x3. Conference League  ·  Red Bull vs Lille OSC ──────────────────────────────────────────╮
│ ┏━━━━━━━━━━━┳━━━━━━━━━━┳━━━━━━━━━━━┳━━━━━━━━━━━━┳━━━━━━━━━━┳━━━━━━━━━━━┳━━━━━━━━━━━━┳━━━━━━━━━━━━━┓        │
│ ┃           ┃          ┃ total for ┃ winner for ┃          ┃ total for ┃ winner for ┃             ┃        │
│ ┃ Result    ┃ 1st half ┃ 1st half  ┃  1st half  ┃ 2nd half ┃ 2nd half  ┃  2nd half  ┃ final total ┃        │
│ ┡━━━━━━━━━━━╇━━━━━━━━━━╇━━━━━━━━━━━╇━━━━━━━━━━━━╇━━━━━━━━━━╇━━━━━━━━━━━╇━━━━━━━━━━━━╇━━━━━━━━━━━━━┩        │
│ │ Red Bull  │        5 │     9     │     1X     │        5 │           │            │             │        │
│ │ Lille OSC │        4 │           │            │        4 │     9     │     1X     │     18      │        │
│ └───────────┴──────────┴───────────┴────────────┴──────────┴───────────┴────────────┴─────────────┘        │
╰───────────────────────────────────────────────────────────────────────────────────────────────── 18 goals ─╯

2026-09-15 04:54:52
╭─ RESULT  FC 25. 3x3. Conference League  ·  Red Bull vs Olympiacos ─────────────────────────────────────────╮
│ ┏━━━━━━━━━━━━┳━━━━━━━━━━┳━━━━━━━━━━━┳━━━━━━━━━━━━┳━━━━━━━━━━┳━━━━━━━━━━━┳━━━━━━━━━━━━┳━━━━━━━━━━━━━┓       │
│ ┃            ┃          ┃ total for ┃ winner for ┃          ┃ total for ┃ winner for ┃             ┃       │
│ ┃ Result     ┃ 1st half ┃ 1st half  ┃  1st half  ┃ 2nd half ┃ 2nd half  ┃  2nd half  ┃ final total ┃       │
│ ┡━━━━━━━━━━━━╇━━━━━━━━━━╇━━━━━━━━━━━╇━━━━━━━━━━━━╇━━━━━━━━━━╇━━━━━━━━━━━╇━━━━━━━━━━━━╇━━━━━━━━━━━━━┩       │
│ │ Red Bull   │        1 │     3     │     2X     │        5 │           │            │             │       │
│ │ Olympiacos │        2 │           │            │        5 │    10     │     X      │     13      │       │
│ └────────────┴──────────┴───────────┴────────────┴──────────┴───────────┴────────────┴─────────────┘       │
│ W1 30.00  X 15.00  W2 1.00 ✓                                                                               │
╰───────────────────────────────────────────────────────────────────────────────────────────────── 13 goals ─╯

2026-09-15 08:05:59
╭─ RESULT  FC 25. 3x3. Conference League  ·  Red Bull vs Roma ───────────────────────────────────────────────╮
│ ┏━━━━━━━━━━┳━━━━━━━━━━┳━━━━━━━━━━━┳━━━━━━━━━━━━┳━━━━━━━━━━┳━━━━━━━━━━━┳━━━━━━━━━━━━┳━━━━━━━━━━━━━┓         │
│ ┃          ┃          ┃ total for ┃ winner for ┃          ┃ total for ┃ winner for ┃             ┃         │
│ ┃ Result   ┃ 1st half ┃ 1st half  ┃  1st half  ┃ 2nd half ┃ 2nd half  ┃  2nd half  ┃ final total ┃         │
│ ┡━━━━━━━━━━╇━━━━━━━━━━╇━━━━━━━━━━━╇━━━━━━━━━━━━╇━━━━━━━━━━╇━━━━━━━━━━━╇━━━━━━━━━━━━╇━━━━━━━━━━━━━┩         │
│ │ Red Bull │        4 │     7     │     1X     │        4 │           │            │             │         │
│ │ Roma     │        3 │           │            │        6 │    10     │     2X     │     17      │         │
│ └──────────┴──────────┴───────────┴────────────┴──────────┴───────────┴────────────┴─────────────┘         │
╰───────────────────────────────────────────────────────────────────────────────────────────────── 17 goals ─╯

2026-09-15 08:25:37
╭─ RESULT  FC 25. 3x3. Conference League  ·  Borussia Monchengladbach vs Fenerbahce ─────────────────────────╮
│ ┏━━━━━━━━━━━━━━━━━━┳━━━━━━━━━━┳━━━━━━━━━━━┳━━━━━━━━━━━━┳━━━━━━━━━━┳━━━━━━━━━━━┳━━━━━━━━━━━━┳━━━━━━━━━━━━━┓ │
│ ┃                  ┃          ┃ total for ┃ winner for ┃          ┃ total for ┃ winner for ┃             ┃ │
│ ┃ Result           ┃ 1st half ┃ 1st half  ┃  1st half  ┃ 2nd half ┃ 2nd half  ┃  2nd half  ┃ final total ┃ │
│ ┡━━━━━━━━━━━━━━━━━━╇━━━━━━━━━━╇━━━━━━━━━━━╇━━━━━━━━━━━━╇━━━━━━━━━━╇━━━━━━━━━━━╇━━━━━━━━━━━━╇━━━━━━━━━━━━━┩ │
│ │ Borussia         │        7 │    10     │     1X     │        3 │           │            │             │ │
│ │ Monchengladbach  │          │           │            │          │           │            │             │ │
│ │ Fenerbahce       │        3 │           │            │        2 │     5     │     1X     │     15      │ │
│ └──────────────────┴──────────┴───────────┴────────────┴──────────┴───────────┴────────────┴─────────────┘ │
╰───────────────────────────────────────────────────────────────────────────────────────────────── 15 goals ─╯

2026-09-15 08:35:32
╭─ RESULT  FC 25. 3x3. Conference League  ·  Braga vs Celta ─────────────────────────────────────────────────╮
│ ┏━━━━━━━━┳━━━━━━━━━━┳━━━━━━━━━━━┳━━━━━━━━━━━━┳━━━━━━━━━━┳━━━━━━━━━━━┳━━━━━━━━━━━━┳━━━━━━━━━━━━━┓           │
│ ┃        ┃          ┃ total for ┃ winner for ┃          ┃ total for ┃ winner for ┃             ┃           │
│ ┃ Result ┃ 1st half ┃ 1st half  ┃  1st half  ┃ 2nd half ┃ 2nd half  ┃  2nd half  ┃ final total ┃           │
│ ┡━━━━━━━━╇━━━━━━━━━━╇━━━━━━━━━━━╇━━━━━━━━━━━━╇━━━━━━━━━━╇━━━━━━━━━━━╇━━━━━━━━━━━━╇━━━━━━━━━━━━━┩           │
│ │ Braga  │        4 │     9     │     2X     │        2 │           │            │             │           │
│ │ Celta  │        5 │           │            │        3 │     5     │     2X     │     14      │           │
│ └────────┴──────────┴───────────┴────────────┴──────────┴───────────┴────────────┴─────────────┘           │
│ W1 30.00  X 14.00  W2 1.00 ✓                                                                               │
╰───────────────────────────────────────────────────────────────────────────────────────────────── 14 goals ─╯

2026-09-15 08:44:47
╭─ RESULT  FC 25. 3x3. Conference League  ·  AZ Alkmaar vs Fiorentina ───────────────────────────────────────╮
│ ┏━━━━━━━━━━━━┳━━━━━━━━━━┳━━━━━━━━━━━┳━━━━━━━━━━━━┳━━━━━━━━━━┳━━━━━━━━━━━┳━━━━━━━━━━━━┳━━━━━━━━━━━━━┓       │
│ ┃            ┃          ┃ total for ┃ winner for ┃          ┃ total for ┃ winner for ┃             ┃       │
│ ┃ Result     ┃ 1st half ┃ 1st half  ┃  1st half  ┃ 2nd half ┃ 2nd half  ┃  2nd half  ┃ final total ┃       │
│ ┡━━━━━━━━━━━━╇━━━━━━━━━━╇━━━━━━━━━━━╇━━━━━━━━━━━━╇━━━━━━━━━━╇━━━━━━━━━━━╇━━━━━━━━━━━━╇━━━━━━━━━━━━━┩       │
│ │ AZ Alkmaar │        4 │     6     │     1X     │        0 │           │            │             │       │
│ │ Fiorentina │        2 │           │            │        5 │     5     │     2X     │     11      │       │
│ └────────────┴──────────┴───────────┴────────────┴──────────┴───────────┴────────────┴─────────────┘       │
╰───────────────────────────────────────────────────────────────────────────────────────────────── 11 goals ─╯

2026-09-15 08:56:10
╭─ RESULT  FC 25. 3x3. Conference League  ·  Eintracht Frankfurt vs Anderlecht ──────────────────────────────╮
│ ┏━━━━━━━━━━━━━━━━━━┳━━━━━━━━━━┳━━━━━━━━━━━┳━━━━━━━━━━━━┳━━━━━━━━━━┳━━━━━━━━━━━┳━━━━━━━━━━━━┳━━━━━━━━━━━━━┓ │
│ ┃                  ┃          ┃ total for ┃ winner for ┃          ┃ total for ┃ winner for ┃             ┃ │
│ ┃ Result           ┃ 1st half ┃ 1st half  ┃  1st half  ┃ 2nd half ┃ 2nd half  ┃  2nd half  ┃ final total ┃ │
│ ┡━━━━━━━━━━━━━━━━━━╇━━━━━━━━━━╇━━━━━━━━━━━╇━━━━━━━━━━━━╇━━━━━━━━━━╇━━━━━━━━━━━╇━━━━━━━━━━━━╇━━━━━━━━━━━━━┩ │
│ │ Eintracht        │        2 │     8     │     2X     │        6 │           │            │             │ │
│ │ Frankfurt        │          │           │            │          │           │            │             │ │
│ │ Anderlecht       │        6 │           │            │        4 │    10     │     1X     │     18      │ │
│ └──────────────────┴──────────┴───────────┴────────────┴──────────┴───────────┴────────────┴─────────────┘ │
╰───────────────────────────────────────────────────────────────────────────────────────────────── 18 goals ─╯

2026-09-15 09:06:31
╭─ RESULT  FC 25. 3x3. Conference League  ·  Basel vs West Ham United ───────────────────────────────────────╮
│ ┏━━━━━━━━━━━━━━━━━┳━━━━━━━━━━┳━━━━━━━━━━━┳━━━━━━━━━━━━┳━━━━━━━━━━┳━━━━━━━━━━━┳━━━━━━━━━━━━┳━━━━━━━━━━━━━┓  │
│ ┃                 ┃          ┃ total for ┃ winner for ┃          ┃ total for ┃ winner for ┃             ┃  │
│ ┃ Result          ┃ 1st half ┃ 1st half  ┃  1st half  ┃ 2nd half ┃ 2nd half  ┃  2nd half  ┃ final total ┃  │
│ ┡━━━━━━━━━━━━━━━━━╇━━━━━━━━━━╇━━━━━━━━━━━╇━━━━━━━━━━━━╇━━━━━━━━━━╇━━━━━━━━━━━╇━━━━━━━━━━━━╇━━━━━━━━━━━━━┩  │
│ │ Basel           │        1 │    10     │     2X     │        3 │           │            │             │  │
│ │ West Ham United │        9 │           │            │        5 │     8     │     2X     │     18      │  │
│ └─────────────────┴──────────┴───────────┴────────────┴──────────┴───────────┴────────────┴─────────────┘  │
╰───────────────────────────────────────────────────────────────────────────────────────────────── 18 goals ─╯

2026-09-15 09:15:50
╭─ RESULT  FC 25. 3x3. Conference League  ·  Villarreal vs Nice ─────────────────────────────────────────────╮
│ ┏━━━━━━━━━━━━┳━━━━━━━━━━┳━━━━━━━━━━━┳━━━━━━━━━━━━┳━━━━━━━━━━┳━━━━━━━━━━━┳━━━━━━━━━━━━┳━━━━━━━━━━━━━┓       │
│ ┃            ┃          ┃ total for ┃ winner for ┃          ┃ total for ┃ winner for ┃             ┃       │
│ ┃ Result     ┃ 1st half ┃ 1st half  ┃  1st half  ┃ 2nd half ┃ 2nd half  ┃  2nd half  ┃ final total ┃       │
│ ┡━━━━━━━━━━━━╇━━━━━━━━━━╇━━━━━━━━━━━╇━━━━━━━━━━━━╇━━━━━━━━━━╇━━━━━━━━━━━╇━━━━━━━━━━━━╇━━━━━━━━━━━━━┩       │
│ │ Villarreal │        5 │     9     │     1X     │        3 │           │            │             │       │
│ │ Nice       │        4 │           │            │        4 │     7     │     2X     │     16      │       │
│ └────────────┴──────────┴───────────┴────────────┴──────────┴───────────┴────────────┴─────────────┘       │
│ W1 1.29  X 4.07 ✓  W2 14.00                                                                                │
╰───────────────────────────────────────────────────────────────────────────────────────────────── 16 goals ─╯

2026-09-15 09:25:37
╭─ RESULT  FC 25. 3x3. Conference League  ·  Olympiacos vs Villarreal ───────────────────────────────────────╮
│ ┏━━━━━━━━━━━━┳━━━━━━━━━━┳━━━━━━━━━━━┳━━━━━━━━━━━━┳━━━━━━━━━━┳━━━━━━━━━━━┳━━━━━━━━━━━━┳━━━━━━━━━━━━━┓       │
│ ┃            ┃          ┃ total for ┃ winner for ┃          ┃ total for ┃ winner for ┃             ┃       │
│ ┃ Result     ┃ 1st half ┃ 1st half  ┃  1st half  ┃ 2nd half ┃ 2nd half  ┃  2nd half  ┃ final total ┃       │
│ ┡━━━━━━━━━━━━╇━━━━━━━━━━╇━━━━━━━━━━━╇━━━━━━━━━━━━╇━━━━━━━━━━╇━━━━━━━━━━━╇━━━━━━━━━━━━╇━━━━━━━━━━━━━┩       │
│ │ Olympiacos │        2 │     7     │     2X     │        6 │           │            │             │       │
│ │ Villarreal │        5 │           │            │        4 │    10     │     1X     │     17      │       │
│ └────────────┴──────────┴───────────┴────────────┴──────────┴───────────┴────────────┴─────────────┘       │
│ W1 30.00  X 14.00  W2 1.00 ✓                                                                               │
╰───────────────────────────────────────────────────────────────────────────────────────────────── 17 goals ─╯

2026-09-15 09:34:55
╭─ RESULT  FC 25. 3x3. Conference League  ·  Nice vs Basel ──────────────────────────────────────────────────╮
│ ┏━━━━━━━━┳━━━━━━━━━━┳━━━━━━━━━━━┳━━━━━━━━━━━━┳━━━━━━━━━━┳━━━━━━━━━━━┳━━━━━━━━━━━━┳━━━━━━━━━━━━━┓           │
│ ┃        ┃          ┃ total for ┃ winner for ┃          ┃ total for ┃ winner for ┃             ┃           │
│ ┃ Result ┃ 1st half ┃ 1st half  ┃  1st half  ┃ 2nd half ┃ 2nd half  ┃  2nd half  ┃ final total ┃           │
│ ┡━━━━━━━━╇━━━━━━━━━━╇━━━━━━━━━━━╇━━━━━━━━━━━━╇━━━━━━━━━━╇━━━━━━━━━━━╇━━━━━━━━━━━━╇━━━━━━━━━━━━━┩           │
│ │ Nice   │        2 │     3     │     1X     │        3 │           │            │             │           │
│ │ Basel  │        1 │           │            │        5 │     8     │     2X     │     11      │           │
│ └────────┴──────────┴───────────┴────────────┴──────────┴───────────┴────────────┴─────────────┘           │
│ W1 3.10  X 2.26  W2 3.15 ✓                                                                                 │
╰───────────────────────────────────────────────────────────────────────────────────────────────── 11 goals ─╯

2026-09-15 09:46:43
╭─ RESULT  FC 25. 3x3. Conference League  ·  West Ham United vs Eintracht Frankfurt ─────────────────────────╮
│ ┏━━━━━━━━━━━━━━━━━━┳━━━━━━━━━━┳━━━━━━━━━━━┳━━━━━━━━━━━━┳━━━━━━━━━━┳━━━━━━━━━━━┳━━━━━━━━━━━━┳━━━━━━━━━━━━━┓ │
│ ┃                  ┃          ┃ total for ┃ winner for ┃          ┃ total for ┃ winner for ┃             ┃ │
│ ┃ Result           ┃ 1st half ┃ 1st half  ┃  1st half  ┃ 2nd half ┃ 2nd half  ┃  2nd half  ┃ final total ┃ │
│ ┡━━━━━━━━━━━━━━━━━━╇━━━━━━━━━━╇━━━━━━━━━━━╇━━━━━━━━━━━━╇━━━━━━━━━━╇━━━━━━━━━━━╇━━━━━━━━━━━━╇━━━━━━━━━━━━━┩ │
│ │ West Ham United  │        3 │    10     │     2X     │        4 │           │            │             │ │
│ │ Eintracht        │        7 │           │            │        4 │     8     │     X      │     18      │ │
│ │ Frankfurt        │          │           │            │          │           │            │             │ │
│ └──────────────────┴──────────┴───────────┴────────────┴──────────┴───────────┴────────────┴─────────────┘ │
╰───────────────────────────────────────────────────────────────────────────────────────────────── 18 goals ─╯

2026-09-15 09:54:59
╭─ RESULT  FC 25. 3x3. Conference League  ·  Anderlecht vs AZ Alkmaar ───────────────────────────────────────╮
│ ┏━━━━━━━━━━━━┳━━━━━━━━━━┳━━━━━━━━━━━┳━━━━━━━━━━━━┳━━━━━━━━━━┳━━━━━━━━━━━┳━━━━━━━━━━━━┳━━━━━━━━━━━━━┓       │
│ ┃            ┃          ┃ total for ┃ winner for ┃          ┃ total for ┃ winner for ┃             ┃       │
│ ┃ Result     ┃ 1st half ┃ 1st half  ┃  1st half  ┃ 2nd half ┃ 2nd half  ┃  2nd half  ┃ final total ┃       │
│ ┡━━━━━━━━━━━━╇━━━━━━━━━━╇━━━━━━━━━━━╇━━━━━━━━━━━━╇━━━━━━━━━━╇━━━━━━━━━━━╇━━━━━━━━━━━━╇━━━━━━━━━━━━━┩       │
│ │ Anderlecht │        7 │     9     │     1X     │        2 │           │            │             │       │
│ │ AZ Alkmaar │        2 │           │            │        1 │     3     │     1X     │     12      │       │
│ └────────────┴──────────┴───────────┴────────────┴──────────┴───────────┴────────────┴─────────────┘       │
╰───────────────────────────────────────────────────────────────────────────────────────────────── 12 goals ─╯

2026-09-15 10:05:22
╭─ RESULT  FC 25. 3x3. Conference League  ·  Fiorentina vs Braga ────────────────────────────────────────────╮
│ ┏━━━━━━━━━━━━┳━━━━━━━━━━┳━━━━━━━━━━━┳━━━━━━━━━━━━┳━━━━━━━━━━┳━━━━━━━━━━━┳━━━━━━━━━━━━┳━━━━━━━━━━━━━┓       │
│ ┃            ┃          ┃ total for ┃ winner for ┃          ┃ total for ┃ winner for ┃             ┃       │
│ ┃ Result     ┃ 1st half ┃ 1st half  ┃  1st half  ┃ 2nd half ┃ 2nd half  ┃  2nd half  ┃ final total ┃       │
│ ┡━━━━━━━━━━━━╇━━━━━━━━━━╇━━━━━━━━━━━╇━━━━━━━━━━━━╇━━━━━━━━━━╇━━━━━━━━━━━╇━━━━━━━━━━━━╇━━━━━━━━━━━━━┩       │
│ │ Fiorentina │        3 │     6     │     X      │        5 │           │            │             │       │
│ │ Braga      │        3 │           │            │        3 │     8     │     1X     │     14      │       │
│ └────────────┴──────────┴───────────┴────────────┴──────────┴───────────┴────────────┴─────────────┘       │
│ W1 1.00 ✓  X 13.00  W2 30.00                                                                               │
╰───────────────────────────────────────────────────────────────────────────────────────────────── 14 goals ─╯

2026-09-15 10:15:29
╭─ RESULT  FC 25. 3x3. Conference League  ·  Celta vs Borussia Monchengladbach ──────────────────────────────╮
│ ┏━━━━━━━━━━━━━━━━━━┳━━━━━━━━━━┳━━━━━━━━━━━┳━━━━━━━━━━━━┳━━━━━━━━━━┳━━━━━━━━━━━┳━━━━━━━━━━━━┳━━━━━━━━━━━━━┓ │
│ ┃                  ┃          ┃ total for ┃ winner for ┃          ┃ total for ┃ winner for ┃             ┃ │
│ ┃ Result           ┃ 1st half ┃ 1st half  ┃  1st half  ┃ 2nd half ┃ 2nd half  ┃  2nd half  ┃ final total ┃ │
│ ┡━━━━━━━━━━━━━━━━━━╇━━━━━━━━━━╇━━━━━━━━━━━╇━━━━━━━━━━━━╇━━━━━━━━━━╇━━━━━━━━━━━╇━━━━━━━━━━━━╇━━━━━━━━━━━━━┩ │
│ │ Celta            │        4 │     6     │     1X     │        5 │           │            │             │ │
│ │ Borussia         │        2 │           │            │        3 │     8     │     1X     │     14      │ │
│ │ Monchengladbach  │          │           │            │          │           │            │             │ │
│ └──────────────────┴──────────┴───────────┴────────────┴──────────┴───────────┴────────────┴─────────────┘ │
╰───────────────────────────────────────────────────────────────────────────────────────────────── 14 goals ─╯

2026-09-15 10:25:25
╭─ RESULT  FC 25. 3x3. Conference League  ·  Fenerbahce vs Lille OSC ────────────────────────────────────────╮
│ ┏━━━━━━━━━━━━┳━━━━━━━━━━┳━━━━━━━━━━━┳━━━━━━━━━━━━┳━━━━━━━━━━┳━━━━━━━━━━━┳━━━━━━━━━━━━┳━━━━━━━━━━━━━┓       │
│ ┃            ┃          ┃ total for ┃ winner for ┃          ┃ total for ┃ winner for ┃             ┃       │
│ ┃ Result     ┃ 1st half ┃ 1st half  ┃  1st half  ┃ 2nd half ┃ 2nd half  ┃  2nd half  ┃ final total ┃       │
│ ┡━━━━━━━━━━━━╇━━━━━━━━━━╇━━━━━━━━━━━╇━━━━━━━━━━━━╇━━━━━━━━━━╇━━━━━━━━━━━╇━━━━━━━━━━━━╇━━━━━━━━━━━━━┩       │
│ │ Fenerbahce │        2 │     6     │     2X     │        6 │           │            │             │       │
│ │ Lille OSC  │        4 │           │            │        6 │    12     │     X      │     18      │       │
│ └────────────┴──────────┴───────────┴────────────┴──────────┴───────────┴────────────┴─────────────┘       │
╰───────────────────────────────────────────────────────────────────────────────────────────────── 18 goals ─╯

2026-09-15 10:35:25
╭─ RESULT  FC 25. 3x3. Conference League  ·  Chelsea vs Red Bull ────────────────────────────────────────────╮
│ ┏━━━━━━━━━━┳━━━━━━━━━━┳━━━━━━━━━━━┳━━━━━━━━━━━━┳━━━━━━━━━━┳━━━━━━━━━━━┳━━━━━━━━━━━━┳━━━━━━━━━━━━━┓         │
│ ┃          ┃          ┃ total for ┃ winner for ┃          ┃ total for ┃ winner for ┃             ┃         │
│ ┃ Result   ┃ 1st half ┃ 1st half  ┃  1st half  ┃ 2nd half ┃ 2nd half  ┃  2nd half  ┃ final total ┃         │
│ ┡━━━━━━━━━━╇━━━━━━━━━━╇━━━━━━━━━━━╇━━━━━━━━━━━━╇━━━━━━━━━━╇━━━━━━━━━━━╇━━━━━━━━━━━━╇━━━━━━━━━━━━━┩         │
│ │ Chelsea  │        2 │     5     │     2X     │        6 │           │            │             │         │
│ │ Red Bull │        3 │           │            │        4 │    10     │     1X     │     15      │         │
│ └──────────┴──────────┴───────────┴────────────┴──────────┴───────────┴────────────┴─────────────┘         │
╰───────────────────────────────────────────────────────────────────────────────────────────────── 15 goals ─╯

2026-09-15 10:45:31
╭─ RESULT  FC 25. 3x3. Conference League  ·  Roma vs Heart of Midlothian ────────────────────────────────────╮
│ ┏━━━━━━━━━━━━━━━━━━┳━━━━━━━━━━┳━━━━━━━━━━━┳━━━━━━━━━━━━┳━━━━━━━━━━┳━━━━━━━━━━━┳━━━━━━━━━━━━┳━━━━━━━━━━━━━┓ │
│ ┃                  ┃          ┃ total for ┃ winner for ┃          ┃ total for ┃ winner for ┃             ┃ │
│ ┃ Result           ┃ 1st half ┃ 1st half  ┃  1st half  ┃ 2nd half ┃ 2nd half  ┃  2nd half  ┃ final total ┃ │
│ ┡━━━━━━━━━━━━━━━━━━╇━━━━━━━━━━╇━━━━━━━━━━━╇━━━━━━━━━━━━╇━━━━━━━━━━╇━━━━━━━━━━━╇━━━━━━━━━━━━╇━━━━━━━━━━━━━┩ │
│ │ Roma             │        2 │     2     │     1X     │        5 │           │            │             │ │
│ │ Heart of         │        0 │           │            │        7 │    12     │     2X     │     14      │ │
│ │ Midlothian       │          │           │            │          │           │            │             │ │
│ └──────────────────┴──────────┴───────────┴────────────┴──────────┴───────────┴────────────┴─────────────┘ │
╰───────────────────────────────────────────────────────────────────────────────────────────────── 14 goals ─╯

2026-09-15 10:55:36
╭─ RESULT  FC 25. 3x3. Conference League  ·  Roma vs Olympiacos ─────────────────────────────────────────────╮
│ ┏━━━━━━━━━━━━┳━━━━━━━━━━┳━━━━━━━━━━━┳━━━━━━━━━━━━┳━━━━━━━━━━┳━━━━━━━━━━━┳━━━━━━━━━━━━┳━━━━━━━━━━━━━┓       │
│ ┃            ┃          ┃ total for ┃ winner for ┃          ┃ total for ┃ winner for ┃             ┃       │
│ ┃ Result     ┃ 1st half ┃ 1st half  ┃  1st half  ┃ 2nd half ┃ 2nd half  ┃  2nd half  ┃ final total ┃       │
│ ┡━━━━━━━━━━━━╇━━━━━━━━━━╇━━━━━━━━━━━╇━━━━━━━━━━━━╇━━━━━━━━━━╇━━━━━━━━━━━╇━━━━━━━━━━━━╇━━━━━━━━━━━━━┩       │
│ │ Roma       │        5 │     8     │     1X     │        2 │           │            │             │       │
│ │ Olympiacos │        3 │           │            │        4 │     6     │     2X     │     14      │       │
│ └────────────┴──────────┴───────────┴────────────┴──────────┴───────────┴────────────┴─────────────┘       │
╰───────────────────────────────────────────────────────────────────────────────────────────────── 14 goals ─╯

2026-09-15 11:04:56
╭─ RESULT  FC 25. 3x3. Conference League  ·  Heart of Midlothian vs Chelsea ─────────────────────────────────╮
│ ┏━━━━━━━━━━━━━━━━━━┳━━━━━━━━━━┳━━━━━━━━━━━┳━━━━━━━━━━━━┳━━━━━━━━━━┳━━━━━━━━━━━┳━━━━━━━━━━━━┳━━━━━━━━━━━━━┓ │
│ ┃                  ┃          ┃ total for ┃ winner for ┃          ┃ total for ┃ winner for ┃             ┃ │
│ ┃ Result           ┃ 1st half ┃ 1st half  ┃  1st half  ┃ 2nd half ┃ 2nd half  ┃  2nd half  ┃ final total ┃ │
│ ┡━━━━━━━━━━━━━━━━━━╇━━━━━━━━━━╇━━━━━━━━━━━╇━━━━━━━━━━━━╇━━━━━━━━━━╇━━━━━━━━━━━╇━━━━━━━━━━━━╇━━━━━━━━━━━━━┩ │
│ │ Heart of         │        3 │     8     │     2X     │        2 │           │            │             │ │
│ │ Midlothian       │          │           │            │          │           │            │             │ │
│ │ Chelsea          │        5 │           │            │        3 │     5     │     2X     │     13      │ │
│ └──────────────────┴──────────┴───────────┴────────────┴──────────┴───────────┴────────────┴─────────────┘ │
│ W1 30.00  X 30.00  W2 1.00 ✓                                                                               │
╰───────────────────────────────────────────────────────────────────────────────────────────────── 13 goals ─╯

2026-09-15 11:15:01
╭─ RESULT  FC 25. 3x3. Conference League  ·  Red Bull vs Fenerbahce ─────────────────────────────────────────╮
│ ┏━━━━━━━━━━━━┳━━━━━━━━━━┳━━━━━━━━━━━┳━━━━━━━━━━━━┳━━━━━━━━━━┳━━━━━━━━━━━┳━━━━━━━━━━━━┳━━━━━━━━━━━━━┓       │
│ ┃            ┃          ┃ total for ┃ winner for ┃          ┃ total for ┃ winner for ┃             ┃       │
│ ┃ Result     ┃ 1st half ┃ 1st half  ┃  1st half  ┃ 2nd half ┃ 2nd half  ┃  2nd half  ┃ final total ┃       │
│ ┡━━━━━━━━━━━━╇━━━━━━━━━━╇━━━━━━━━━━━╇━━━━━━━━━━━━╇━━━━━━━━━━╇━━━━━━━━━━━╇━━━━━━━━━━━━╇━━━━━━━━━━━━━┩       │
│ │ Red Bull   │        4 │     7     │     1X     │        3 │           │            │             │       │
│ │ Fenerbahce │        3 │           │            │        3 │     6     │     X      │     13      │       │
│ └────────────┴──────────┴───────────┴────────────┴──────────┴───────────┴────────────┴─────────────┘       │
╰───────────────────────────────────────────────────────────────────────────────────────────────── 13 goals ─╯

2026-09-15 11:26:59
╭─ RESULT  FC 25. 3x3. Conference League  ·  Lille OSC vs Celta ─────────────────────────────────────────────╮
│ ┏━━━━━━━━━━━┳━━━━━━━━━━┳━━━━━━━━━━━┳━━━━━━━━━━━━┳━━━━━━━━━━┳━━━━━━━━━━━┳━━━━━━━━━━━━┳━━━━━━━━━━━━━┓        │
│ ┃           ┃          ┃ total for ┃ winner for ┃          ┃ total for ┃ winner for ┃             ┃        │
│ ┃ Result    ┃ 1st half ┃ 1st half  ┃  1st half  ┃ 2nd half ┃ 2nd half  ┃  2nd half  ┃ final total ┃        │
│ ┡━━━━━━━━━━━╇━━━━━━━━━━╇━━━━━━━━━━━╇━━━━━━━━━━━━╇━━━━━━━━━━╇━━━━━━━━━━━╇━━━━━━━━━━━━╇━━━━━━━━━━━━━┩        │
│ │ Lille OSC │        4 │    11     │     2X     │        7 │           │            │             │        │
│ │ Celta     │        7 │           │            │        2 │     9     │     1X     │     20      │        │
│ └───────────┴──────────┴───────────┴────────────┴──────────┴───────────┴────────────┴─────────────┘        │
╰───────────────────────────────────────────────────────────────────────────────────────────────── 20 goals ─╯

2026-09-15 11:36:00
╭─ RESULT  FC 25. 3x3. Conference League  ·  Borussia Monchengladbach vs Fiorentina ─────────────────────────╮
│ ┏━━━━━━━━━━━━━━━━━━┳━━━━━━━━━━┳━━━━━━━━━━━┳━━━━━━━━━━━━┳━━━━━━━━━━┳━━━━━━━━━━━┳━━━━━━━━━━━━┳━━━━━━━━━━━━━┓ │
│ ┃                  ┃          ┃ total for ┃ winner for ┃          ┃ total for ┃ winner for ┃             ┃ │
│ ┃ Result           ┃ 1st half ┃ 1st half  ┃  1st half  ┃ 2nd half ┃ 2nd half  ┃  2nd half  ┃ final total ┃ │
│ ┡━━━━━━━━━━━━━━━━━━╇━━━━━━━━━━╇━━━━━━━━━━━╇━━━━━━━━━━━━╇━━━━━━━━━━╇━━━━━━━━━━━╇━━━━━━━━━━━━╇━━━━━━━━━━━━━┩ │
│ │ Borussia         │        5 │     9     │     1X     │        2 │           │            │             │ │
│ │ Monchengladbach  │          │           │            │          │           │            │             │ │
│ │ Fiorentina       │        4 │           │            │        5 │     7     │     2X     │     16      │ │
│ └──────────────────┴──────────┴───────────┴────────────┴──────────┴───────────┴────────────┴─────────────┘ │
╰───────────────────────────────────────────────────────────────────────────────────────────────── 16 goals ─╯

2026-09-15 11:45:23
╭─ RESULT  FC 25. 3x3. Conference League  ·  Braga vs Anderlecht ────────────────────────────────────────────╮
│ ┏━━━━━━━━━━━━┳━━━━━━━━━━┳━━━━━━━━━━━┳━━━━━━━━━━━━┳━━━━━━━━━━┳━━━━━━━━━━━┳━━━━━━━━━━━━┳━━━━━━━━━━━━━┓       │
│ ┃            ┃          ┃ total for ┃ winner for ┃          ┃ total for ┃ winner for ┃             ┃       │
│ ┃ Result     ┃ 1st half ┃ 1st half  ┃  1st half  ┃ 2nd half ┃ 2nd half  ┃  2nd half  ┃ final total ┃       │
│ ┡━━━━━━━━━━━━╇━━━━━━━━━━╇━━━━━━━━━━━╇━━━━━━━━━━━━╇━━━━━━━━━━╇━━━━━━━━━━━╇━━━━━━━━━━━━╇━━━━━━━━━━━━━┩       │
│ │ Braga      │        4 │     9     │     2X     │        1 │           │            │             │       │
│ │ Anderlecht │        5 │           │            │        4 │     5     │     2X     │     14      │       │
│ └────────────┴──────────┴───────────┴────────────┴──────────┴───────────┴────────────┴─────────────┘       │
╰───────────────────────────────────────────────────────────────────────────────────────────────── 14 goals ─╯

2026-09-15 11:55:25
╭─ RESULT  FC 25. 3x3. Conference League  ·  AZ Alkmaar vs West Ham United ──────────────────────────────────╮
│ ┏━━━━━━━━━━━━━━━━━┳━━━━━━━━━━┳━━━━━━━━━━━┳━━━━━━━━━━━━┳━━━━━━━━━━┳━━━━━━━━━━━┳━━━━━━━━━━━━┳━━━━━━━━━━━━━┓  │
│ ┃                 ┃          ┃ total for ┃ winner for ┃          ┃ total for ┃ winner for ┃             ┃  │
│ ┃ Result          ┃ 1st half ┃ 1st half  ┃  1st half  ┃ 2nd half ┃ 2nd half  ┃  2nd half  ┃ final total ┃  │
│ ┡━━━━━━━━━━━━━━━━━╇━━━━━━━━━━╇━━━━━━━━━━━╇━━━━━━━━━━━━╇━━━━━━━━━━╇━━━━━━━━━━━╇━━━━━━━━━━━━╇━━━━━━━━━━━━━┩  │
│ │ AZ Alkmaar      │        3 │     8     │     2X     │        4 │           │            │             │  │
│ │ West Ham United │        5 │           │            │        2 │     6     │     1X     │     14      │  │
│ └─────────────────┴──────────┴───────────┴────────────┴──────────┴───────────┴────────────┴─────────────┘  │
╰───────────────────────────────────────────────────────────────────────────────────────────────── 14 goals ─╯

2026-09-15 12:04:21
╭─ RESULT  FC 25. 3x3. Conference League  ·  Eintracht Frankfurt vs Nice ────────────────────────────────────╮
│ ┏━━━━━━━━━━━━━━━━━━┳━━━━━━━━━━┳━━━━━━━━━━━┳━━━━━━━━━━━━┳━━━━━━━━━━┳━━━━━━━━━━━┳━━━━━━━━━━━━┳━━━━━━━━━━━━━┓ │
│ ┃                  ┃          ┃ total for ┃ winner for ┃          ┃ total for ┃ winner for ┃             ┃ │
│ ┃ Result           ┃ 1st half ┃ 1st half  ┃  1st half  ┃ 2nd half ┃ 2nd half  ┃  2nd half  ┃ final total ┃ │
│ ┡━━━━━━━━━━━━━━━━━━╇━━━━━━━━━━╇━━━━━━━━━━━╇━━━━━━━━━━━━╇━━━━━━━━━━╇━━━━━━━━━━━╇━━━━━━━━━━━━╇━━━━━━━━━━━━━┩ │
│ │ Eintracht        │        2 │     5     │     2X     │        4 │           │            │             │ │
│ │ Frankfurt        │          │           │            │          │           │            │             │ │
│ │ Nice             │        3 │           │            │        2 │     6     │     1X     │     11      │ │
│ └──────────────────┴──────────┴───────────┴────────────┴──────────┴───────────┴────────────┴─────────────┘ │
│ W1 1.00 ✓  X 16.00  W2 30.00                                                                               │
╰───────────────────────────────────────────────────────────────────────────────────────────────── 11 goals ─╯

2026-09-15 12:14:54
╭─ RESULT  FC 25. 3x3. Conference League  ·  Basel vs Villarreal ────────────────────────────────────────────╮
│ ┏━━━━━━━━━━━━┳━━━━━━━━━━┳━━━━━━━━━━━┳━━━━━━━━━━━━┳━━━━━━━━━━┳━━━━━━━━━━━┳━━━━━━━━━━━━┳━━━━━━━━━━━━━┓       │
│ ┃            ┃          ┃ total for ┃ winner for ┃          ┃ total for ┃ winner for ┃             ┃       │
│ ┃ Result     ┃ 1st half ┃ 1st half  ┃  1st half  ┃ 2nd half ┃ 2nd half  ┃  2nd half  ┃ final total ┃       │
│ ┡━━━━━━━━━━━━╇━━━━━━━━━━╇━━━━━━━━━━━╇━━━━━━━━━━━━╇━━━━━━━━━━╇━━━━━━━━━━━╇━━━━━━━━━━━━╇━━━━━━━━━━━━━┩       │
│ │ Basel      │        4 │     6     │     1X     │        5 │           │            │             │       │
│ │ Villarreal │        2 │           │            │        3 │     8     │     1X     │     14      │       │
│ └────────────┴──────────┴───────────┴────────────┴──────────┴───────────┴────────────┴─────────────┘       │
│ W1 1.00 ✓  X 30.00  W2 1.00                                                                                │
╰───────────────────────────────────────────────────────────────────────────────────────────────── 14 goals ─╯

2026-09-15 12:26:01
╭─ RESULT  FC 25. 3x3. Conference League  ·  Olympiacos vs Basel ────────────────────────────────────────────╮
│ ┏━━━━━━━━━━━━┳━━━━━━━━━━┳━━━━━━━━━━━┳━━━━━━━━━━━━┳━━━━━━━━━━┳━━━━━━━━━━━┳━━━━━━━━━━━━┳━━━━━━━━━━━━━┓       │
│ ┃            ┃          ┃ total for ┃ winner for ┃          ┃ total for ┃ winner for ┃             ┃       │
│ ┃ Result     ┃ 1st half ┃ 1st half  ┃  1st half  ┃ 2nd half ┃ 2nd half  ┃  2nd half  ┃ final total ┃       │
│ ┡━━━━━━━━━━━━╇━━━━━━━━━━╇━━━━━━━━━━━╇━━━━━━━━━━━━╇━━━━━━━━━━╇━━━━━━━━━━━╇━━━━━━━━━━━━╇━━━━━━━━━━━━━┩       │
│ │ Olympiacos │        6 │    10     │     1X     │        4 │           │            │             │       │
│ │ Basel      │        4 │           │            │        5 │     9     │     2X     │     19      │       │
│ └────────────┴──────────┴───────────┴────────────┴──────────┴───────────┴────────────┴─────────────┘       │
╰───────────────────────────────────────────────────────────────────────────────────────────────── 19 goals ─╯

2026-09-15 12:35:52
╭─ RESULT  FC 25. 3x3. Conference League  ·  Villarreal vs Eintracht Frankfurt ──────────────────────────────╮
│ ┏━━━━━━━━━━━━━━━━━━┳━━━━━━━━━━┳━━━━━━━━━━━┳━━━━━━━━━━━━┳━━━━━━━━━━┳━━━━━━━━━━━┳━━━━━━━━━━━━┳━━━━━━━━━━━━━┓ │
│ ┃                  ┃          ┃ total for ┃ winner for ┃          ┃ total for ┃ winner for ┃             ┃ │
│ ┃ Result           ┃ 1st half ┃ 1st half  ┃  1st half  ┃ 2nd half ┃ 2nd half  ┃  2nd half  ┃ final total ┃ │
│ ┡━━━━━━━━━━━━━━━━━━╇━━━━━━━━━━╇━━━━━━━━━━━╇━━━━━━━━━━━━╇━━━━━━━━━━╇━━━━━━━━━━━╇━━━━━━━━━━━━╇━━━━━━━━━━━━━┩ │
│ │ Villarreal       │        8 │    10     │     1X     │        3 │           │            │             │ │
│ │ Eintracht        │        2 │           │            │        5 │     8     │     2X     │     18      │ │
│ │ Frankfurt        │          │           │            │          │           │            │             │ │
│ └──────────────────┴──────────┴───────────┴────────────┴──────────┴───────────┴────────────┴─────────────┘ │
╰───────────────────────────────────────────────────────────────────────────────────────────────── 18 goals ─╯

2026-09-15 12:45:28
╭─ RESULT  FC 25. 3x3. Conference League  ·  Nice vs AZ Alkmaar ─────────────────────────────────────────────╮
│ ┏━━━━━━━━━━━━┳━━━━━━━━━━┳━━━━━━━━━━━┳━━━━━━━━━━━━┳━━━━━━━━━━┳━━━━━━━━━━━┳━━━━━━━━━━━━┳━━━━━━━━━━━━━┓       │
│ ┃            ┃          ┃ total for ┃ winner for ┃          ┃ total for ┃ winner for ┃             ┃       │
│ ┃ Result     ┃ 1st half ┃ 1st half  ┃  1st half  ┃ 2nd half ┃ 2nd half  ┃  2nd half  ┃ final total ┃       │
│ ┡━━━━━━━━━━━━╇━━━━━━━━━━╇━━━━━━━━━━━╇━━━━━━━━━━━━╇━━━━━━━━━━╇━━━━━━━━━━━╇━━━━━━━━━━━━╇━━━━━━━━━━━━━┩       │
│ │ Nice       │        5 │    10     │     X      │        4 │           │            │             │       │
│ │ AZ Alkmaar │        5 │           │            │        2 │     6     │     1X     │     16      │       │
│ └────────────┴──────────┴───────────┴────────────┴──────────┴───────────┴────────────┴─────────────┘       │
│ W1 1.28 ✓  X 4.09  W2 14.00                                                                                │
╰───────────────────────────────────────────────────────────────────────────────────────────────── 16 goals ─╯

2026-09-15 12:55:07
╭─ RESULT  FC 25. 3x3. Conference League  ·  West Ham United vs Braga ───────────────────────────────────────╮
│ ┏━━━━━━━━━━━━━━━━━┳━━━━━━━━━━┳━━━━━━━━━━━┳━━━━━━━━━━━━┳━━━━━━━━━━┳━━━━━━━━━━━┳━━━━━━━━━━━━┳━━━━━━━━━━━━━┓  │
│ ┃                 ┃          ┃ total for ┃ winner for ┃          ┃ total for ┃ winner for ┃             ┃  │
│ ┃ Result          ┃ 1st half ┃ 1st half  ┃  1st half  ┃ 2nd half ┃ 2nd half  ┃  2nd half  ┃ final total ┃  │
│ ┡━━━━━━━━━━━━━━━━━╇━━━━━━━━━━╇━━━━━━━━━━━╇━━━━━━━━━━━━╇━━━━━━━━━━╇━━━━━━━━━━━╇━━━━━━━━━━━━╇━━━━━━━━━━━━━┩  │
│ │ West Ham United │        4 │     7     │     1X     │        2 │           │            │             │  │
│ │ Braga           │        3 │           │            │        4 │     6     │     2X     │     13      │  │
│ └─────────────────┴──────────┴───────────┴────────────┴──────────┴───────────┴────────────┴─────────────┘  │
╰───────────────────────────────────────────────────────────────────────────────────────────────── 13 goals ─╯

2026-09-15 17:04:57
╭─ RESULT  FC 25. 3x3. Conference League  ·  Anderlecht vs Nice ─────────────────────────────────────────────╮
│ ┏━━━━━━━━━━━━┳━━━━━━━━━━┳━━━━━━━━━━━┳━━━━━━━━━━━━┳━━━━━━━━━━┳━━━━━━━━━━━┳━━━━━━━━━━━━┳━━━━━━━━━━━━━┓       │
│ ┃            ┃          ┃ total for ┃ winner for ┃          ┃ total for ┃ winner for ┃             ┃       │
│ ┃ Result     ┃ 1st half ┃ 1st half  ┃  1st half  ┃ 2nd half ┃ 2nd half  ┃  2nd half  ┃ final total ┃       │
│ ┡━━━━━━━━━━━━╇━━━━━━━━━━╇━━━━━━━━━━━╇━━━━━━━━━━━━╇━━━━━━━━━━╇━━━━━━━━━━━╇━━━━━━━━━━━━╇━━━━━━━━━━━━━┩       │
│ │ Anderlecht │        2 │     5     │     2X     │        5 │           │            │             │       │
│ │ Nice       │        3 │           │            │        4 │     9     │     1X     │     14      │       │
│ └────────────┴──────────┴───────────┴────────────┴──────────┴───────────┴────────────┴─────────────┘       │
│ W1 2.90  X 2.38 ✓  W2 3.10                                                                                 │
╰───────────────────────────────────────────────────────────────────────────────────────────────── 14 goals ─╯

2026-09-15 17:17:13
╭─ RESULT  FC 25. 3x3. Conference League  ·  Villarreal vs Heart of Midlothian ──────────────────────────────╮
│ ┏━━━━━━━━━━━━━━━━━━┳━━━━━━━━━━┳━━━━━━━━━━━┳━━━━━━━━━━━━┳━━━━━━━━━━┳━━━━━━━━━━━┳━━━━━━━━━━━━┳━━━━━━━━━━━━━┓ │
│ ┃                  ┃          ┃ total for ┃ winner for ┃          ┃ total for ┃ winner for ┃             ┃ │
│ ┃ Result           ┃ 1st half ┃ 1st half  ┃  1st half  ┃ 2nd half ┃ 2nd half  ┃  2nd half  ┃ final total ┃ │
│ ┡━━━━━━━━━━━━━━━━━━╇━━━━━━━━━━╇━━━━━━━━━━━╇━━━━━━━━━━━━╇━━━━━━━━━━╇━━━━━━━━━━━╇━━━━━━━━━━━━╇━━━━━━━━━━━━━┩ │
│ │ Villarreal       │        7 │    15     │     2X     │        5 │           │            │             │ │
│ │ Heart of         │        8 │           │            │        4 │     9     │     1X     │     24      │ │
│ │ Midlothian       │          │           │            │          │           │            │             │ │
│ └──────────────────┴──────────┴───────────┴────────────┴──────────┴───────────┴────────────┴─────────────┘ │
╰───────────────────────────────────────────────────────────────────────────────────────────────── 24 goals ─╯

2026-09-15 17:26:57
╭─ RESULT  FC 25. 3x3. Conference League  ·  Lille OSC vs Roma ──────────────────────────────────────────────╮
│ ┏━━━━━━━━━━━┳━━━━━━━━━━┳━━━━━━━━━━━┳━━━━━━━━━━━━┳━━━━━━━━━━┳━━━━━━━━━━━┳━━━━━━━━━━━━┳━━━━━━━━━━━━━┓        │
│ ┃           ┃          ┃ total for ┃ winner for ┃          ┃ total for ┃ winner for ┃             ┃        │
│ ┃ Result    ┃ 1st half ┃ 1st half  ┃  1st half  ┃ 2nd half ┃ 2nd half  ┃  2nd half  ┃ final total ┃        │
│ ┡━━━━━━━━━━━╇━━━━━━━━━━╇━━━━━━━━━━━╇━━━━━━━━━━━━╇━━━━━━━━━━╇━━━━━━━━━━━╇━━━━━━━━━━━━╇━━━━━━━━━━━━━┩        │
│ │ Lille OSC │        4 │    12     │     2X     │        4 │           │            │             │        │
│ │ Roma      │        8 │           │            │        5 │     9     │     2X     │     21      │        │
│ └───────────┴──────────┴───────────┴────────────┴──────────┴───────────┴────────────┴─────────────┘        │
╰───────────────────────────────────────────────────────────────────────────────────────────────── 21 goals ─╯

2026-09-15 17:36:06
╭─ RESULT  FC 25. 3x3. Conference League  ·  Borussia Monchengladbach vs Red Bull ───────────────────────────╮
│ ┏━━━━━━━━━━━━━━━━━━┳━━━━━━━━━━┳━━━━━━━━━━━┳━━━━━━━━━━━━┳━━━━━━━━━━┳━━━━━━━━━━━┳━━━━━━━━━━━━┳━━━━━━━━━━━━━┓ │
│ ┃                  ┃          ┃ total for ┃ winner for ┃          ┃ total for ┃ winner for ┃             ┃ │
│ ┃ Result           ┃ 1st half ┃ 1st half  ┃  1st half  ┃ 2nd half ┃ 2nd half  ┃  2nd half  ┃ final total ┃ │
│ ┡━━━━━━━━━━━━━━━━━━╇━━━━━━━━━━╇━━━━━━━━━━━╇━━━━━━━━━━━━╇━━━━━━━━━━╇━━━━━━━━━━━╇━━━━━━━━━━━━╇━━━━━━━━━━━━━┩ │
│ │ Borussia         │        2 │     6     │     2X     │        7 │           │            │             │ │
│ │ Monchengladbach  │          │           │            │          │           │            │             │ │
│ │ Red Bull         │        4 │           │            │        6 │    13     │     1X     │     19      │ │
│ └──────────────────┴──────────┴───────────┴────────────┴──────────┴───────────┴────────────┴─────────────┘ │
╰───────────────────────────────────────────────────────────────────────────────────────────────── 19 goals ─╯

2026-09-15 17:45:00
╭─ RESULT  FC 25. 3x3. Conference League  ·  Basel vs Fiorentina ────────────────────────────────────────────╮
│ ┏━━━━━━━━━━━━┳━━━━━━━━━━┳━━━━━━━━━━━┳━━━━━━━━━━━━┳━━━━━━━━━━┳━━━━━━━━━━━┳━━━━━━━━━━━━┳━━━━━━━━━━━━━┓       │
│ ┃            ┃          ┃ total for ┃ winner for ┃          ┃ total for ┃ winner for ┃             ┃       │
│ ┃ Result     ┃ 1st half ┃ 1st half  ┃  1st half  ┃ 2nd half ┃ 2nd half  ┃  2nd half  ┃ final total ┃       │
│ ┡━━━━━━━━━━━━╇━━━━━━━━━━╇━━━━━━━━━━━╇━━━━━━━━━━━━╇━━━━━━━━━━╇━━━━━━━━━━━╇━━━━━━━━━━━━╇━━━━━━━━━━━━━┩       │
│ │ Basel      │        3 │     3     │     1X     │        5 │           │            │             │       │
│ │ Fiorentina │        0 │           │            │        6 │    11     │     2X     │     14      │       │
│ └────────────┴──────────┴───────────┴────────────┴──────────┴───────────┴────────────┴─────────────┘       │
│ W1 1.00 ✓  X 30.00  W2 30.00                                                                               │
╰───────────────────────────────────────────────────────────────────────────────────────────────── 14 goals ─╯

2026-09-15 18:04:53
╭─ RESULT  FC 25. 3x3. Conference League  ·  Celta vs Braga ─────────────────────────────────────────────────╮
│ ┏━━━━━━━━┳━━━━━━━━━━┳━━━━━━━━━━━┳━━━━━━━━━━━━┳━━━━━━━━━━┳━━━━━━━━━━━┳━━━━━━━━━━━━┳━━━━━━━━━━━━━┓           │
│ ┃        ┃          ┃ total for ┃ winner for ┃          ┃ total for ┃ winner for ┃             ┃           │
│ ┃ Result ┃ 1st half ┃ 1st half  ┃  1st half  ┃ 2nd half ┃ 2nd half  ┃  2nd half  ┃ final total ┃           │
│ ┡━━━━━━━━╇━━━━━━━━━━╇━━━━━━━━━━━╇━━━━━━━━━━━━╇━━━━━━━━━━╇━━━━━━━━━━━╇━━━━━━━━━━━━╇━━━━━━━━━━━━━┩           │
│ │ Celta  │        3 │     7     │     2X     │        2 │           │            │             │           │
│ │ Braga  │        4 │           │            │        4 │     6     │     2X     │     13      │           │
│ └────────┴──────────┴───────────┴────────────┴──────────┴───────────┴────────────┴─────────────┘           │
│ W1 1.00  X 30.00  W2 1.00 ✓                                                                                │
╰───────────────────────────────────────────────────────────────────────────────────────────────── 13 goals ─╯

2026-09-15 18:14:47
╭─ RESULT  FC 25. 3x3. Conference League  ·  AZ Alkmaar vs Fenerbahce ───────────────────────────────────────╮
│ ┏━━━━━━━━━━━━┳━━━━━━━━━━┳━━━━━━━━━━━┳━━━━━━━━━━━━┳━━━━━━━━━━┳━━━━━━━━━━━┳━━━━━━━━━━━━┳━━━━━━━━━━━━━┓       │
│ ┃            ┃          ┃ total for ┃ winner for ┃          ┃ total for ┃ winner for ┃             ┃       │
│ ┃ Result     ┃ 1st half ┃ 1st half  ┃  1st half  ┃ 2nd half ┃ 2nd half  ┃  2nd half  ┃ final total ┃       │
│ ┡━━━━━━━━━━━━╇━━━━━━━━━━╇━━━━━━━━━━━╇━━━━━━━━━━━━╇━━━━━━━━━━╇━━━━━━━━━━━╇━━━━━━━━━━━━╇━━━━━━━━━━━━━┩       │
│ │ AZ Alkmaar │        3 │     4     │     1X     │        2 │           │            │             │       │
│ │ Fenerbahce │        1 │           │            │        6 │     8     │     2X     │     12      │       │
│ └────────────┴──────────┴───────────┴────────────┴──────────┴───────────┴────────────┴─────────────┘       │
╰───────────────────────────────────────────────────────────────────────────────────────────────── 12 goals ─╯

2026-09-15 18:24:53
╭─ RESULT  FC 25. 3x3. Conference League  ·  West Ham United vs Fenerbahce ──────────────────────────────────╮
│ ┏━━━━━━━━━━━━━━━━━┳━━━━━━━━━━┳━━━━━━━━━━━┳━━━━━━━━━━━━┳━━━━━━━━━━┳━━━━━━━━━━━┳━━━━━━━━━━━━┳━━━━━━━━━━━━━┓  │
│ ┃                 ┃          ┃ total for ┃ winner for ┃          ┃ total for ┃ winner for ┃             ┃  │
│ ┃ Result          ┃ 1st half ┃ 1st half  ┃  1st half  ┃ 2nd half ┃ 2nd half  ┃  2nd half  ┃ final total ┃  │
│ ┡━━━━━━━━━━━━━━━━━╇━━━━━━━━━━╇━━━━━━━━━━━╇━━━━━━━━━━━━╇━━━━━━━━━━╇━━━━━━━━━━━╇━━━━━━━━━━━━╇━━━━━━━━━━━━━┩  │
│ │ West Ham United │        3 │     7     │     2X     │        5 │           │            │             │  │
│ │ Fenerbahce      │        4 │           │            │        1 │     6     │     1X     │     13      │  │
│ └─────────────────┴──────────┴───────────┴────────────┴──────────┴───────────┴────────────┴─────────────┘  │
╰───────────────────────────────────────────────────────────────────────────────────────────────── 13 goals ─╯

2026-09-15 18:35:39
╭─ RESULT  FC 25. 3x3. Conference League  ·  Braga vs AZ Alkmaar ────────────────────────────────────────────╮
│ ┏━━━━━━━━━━━━┳━━━━━━━━━━┳━━━━━━━━━━━┳━━━━━━━━━━━━┳━━━━━━━━━━┳━━━━━━━━━━━┳━━━━━━━━━━━━┳━━━━━━━━━━━━━┓       │
│ ┃            ┃          ┃ total for ┃ winner for ┃          ┃ total for ┃ winner for ┃             ┃       │
│ ┃ Result     ┃ 1st half ┃ 1st half  ┃  1st half  ┃ 2nd half ┃ 2nd half  ┃  2nd half  ┃ final total ┃       │
│ ┡━━━━━━━━━━━━╇━━━━━━━━━━╇━━━━━━━━━━━╇━━━━━━━━━━━━╇━━━━━━━━━━╇━━━━━━━━━━━╇━━━━━━━━━━━━╇━━━━━━━━━━━━━┩       │
│ │ Braga      │        6 │     8     │     1X     │        4 │           │            │             │       │
│ │ AZ Alkmaar │        2 │           │            │        4 │     8     │     X      │     16      │       │
│ └────────────┴──────────┴───────────┴────────────┴──────────┴───────────┴────────────┴─────────────┘       │
╰───────────────────────────────────────────────────────────────────────────────────────────────── 16 goals ─╯

2026-09-15 18:45:41
╭─ RESULT  FC 25. 3x3. Conference League  ·  Chelsea vs Celta ───────────────────────────────────────────────╮
│ ┏━━━━━━━━━┳━━━━━━━━━━┳━━━━━━━━━━━┳━━━━━━━━━━━━┳━━━━━━━━━━┳━━━━━━━━━━━┳━━━━━━━━━━━━┳━━━━━━━━━━━━━┓          │
│ ┃         ┃          ┃ total for ┃ winner for ┃          ┃ total for ┃ winner for ┃             ┃          │
│ ┃ Result  ┃ 1st half ┃ 1st half  ┃  1st half  ┃ 2nd half ┃ 2nd half  ┃  2nd half  ┃ final total ┃          │
│ ┡━━━━━━━━━╇━━━━━━━━━━╇━━━━━━━━━━━╇━━━━━━━━━━━━╇━━━━━━━━━━╇━━━━━━━━━━━╇━━━━━━━━━━━━╇━━━━━━━━━━━━━┩          │
│ │ Chelsea │        4 │     9     │     2X     │        3 │           │            │             │          │
│ │ Celta   │        5 │           │            │        4 │     7     │     2X     │     16      │          │
│ └─────────┴──────────┴───────────┴────────────┴──────────┴───────────┴────────────┴─────────────┘          │
│ W1 30.00  X 17.00  W2 1.00 ✓                                                                               │
╰───────────────────────────────────────────────────────────────────────────────────────────────── 16 goals ─╯

2026-09-15 18:55:44
╭─ RESULT  FC 25. 3x3. Conference League  ·  Fiorentina vs Olympiacos ───────────────────────────────────────╮
│ ┏━━━━━━━━━━━━┳━━━━━━━━━━┳━━━━━━━━━━━┳━━━━━━━━━━━━┳━━━━━━━━━━┳━━━━━━━━━━━┳━━━━━━━━━━━━┳━━━━━━━━━━━━━┓       │
│ ┃            ┃          ┃ total for ┃ winner for ┃          ┃ total for ┃ winner for ┃             ┃       │
│ ┃ Result     ┃ 1st half ┃ 1st half  ┃  1st half  ┃ 2nd half ┃ 2nd half  ┃  2nd half  ┃ final total ┃       │
│ ┡━━━━━━━━━━━━╇━━━━━━━━━━╇━━━━━━━━━━━╇━━━━━━━━━━━━╇━━━━━━━━━━╇━━━━━━━━━━━╇━━━━━━━━━━━━╇━━━━━━━━━━━━━┩       │
│ │ Fiorentina │        2 │     6     │     2X     │        6 │           │            │             │       │
│ │ Olympiacos │        4 │           │            │        3 │     9     │     1X     │     15      │       │
│ └────────────┴──────────┴───────────┴────────────┴──────────┴───────────┴────────────┴─────────────┘       │
│ W1 1.30 ✓  X 3.93  W2 13.00                                                                                │
╰───────────────────────────────────────────────────────────────────────────────────────────────── 15 goals ─╯

2026-09-15 19:06:52
╭─ RESULT  FC 25. 3x3. Conference League  ·  Red Bull vs Basel ──────────────────────────────────────────────╮
│ ┏━━━━━━━━━━┳━━━━━━━━━━┳━━━━━━━━━━━┳━━━━━━━━━━━━┳━━━━━━━━━━┳━━━━━━━━━━━┳━━━━━━━━━━━━┳━━━━━━━━━━━━━┓         │
│ ┃          ┃          ┃ total for ┃ winner for ┃          ┃ total for ┃ winner for ┃             ┃         │
│ ┃ Result   ┃ 1st half ┃ 1st half  ┃  1st half  ┃ 2nd half ┃ 2nd half  ┃  2nd half  ┃ final total ┃         │
│ ┡━━━━━━━━━━╇━━━━━━━━━━╇━━━━━━━━━━━╇━━━━━━━━━━━━╇━━━━━━━━━━╇━━━━━━━━━━━╇━━━━━━━━━━━━╇━━━━━━━━━━━━━┩         │
│ │ Red Bull │        4 │     7     │     1X     │       10 │           │            │             │         │
│ │ Basel    │        3 │           │            │        4 │    14     │     1X     │     21      │         │
│ └──────────┴──────────┴───────────┴────────────┴──────────┴───────────┴────────────┴─────────────┘         │
╰───────────────────────────────────────────────────────────────────────────────────────────────── 21 goals ─╯

2026-09-15 19:14:50
╭─ RESULT  FC 25. 3x3. Conference League  ·  Roma vs Borussia Monchengladbach ───────────────────────────────╮
│ ┏━━━━━━━━━━━━━━━━━━┳━━━━━━━━━━┳━━━━━━━━━━━┳━━━━━━━━━━━━┳━━━━━━━━━━┳━━━━━━━━━━━┳━━━━━━━━━━━━┳━━━━━━━━━━━━━┓ │
│ ┃                  ┃          ┃ total for ┃ winner for ┃          ┃ total for ┃ winner for ┃             ┃ │
│ ┃ Result           ┃ 1st half ┃ 1st half  ┃  1st half  ┃ 2nd half ┃ 2nd half  ┃  2nd half  ┃ final total ┃ │
│ ┡━━━━━━━━━━━━━━━━━━╇━━━━━━━━━━╇━━━━━━━━━━━╇━━━━━━━━━━━━╇━━━━━━━━━━╇━━━━━━━━━━━╇━━━━━━━━━━━━╇━━━━━━━━━━━━━┩ │
│ │ Roma             │        2 │     4     │     X      │        6 │           │            │             │ │
│ │ Borussia         │        2 │           │            │        2 │     8     │     1X     │     12      │ │
│ │ Monchengladbach  │          │           │            │          │           │            │             │ │
│ └──────────────────┴──────────┴───────────┴────────────┴──────────┴───────────┴────────────┴─────────────┘ │
│ W1 1.00 ✓  X 30.00  W2 1.00                                                                                │
╰───────────────────────────────────────────────────────────────────────────────────────────────── 12 goals ─╯

2026-09-15 19:25:31
╭─ RESULT  FC 25. 3x3. Conference League  ·  Heart of Midlothian vs Lille OSC ───────────────────────────────╮
│ ┏━━━━━━━━━━━━━━━━━━┳━━━━━━━━━━┳━━━━━━━━━━━┳━━━━━━━━━━━━┳━━━━━━━━━━┳━━━━━━━━━━━┳━━━━━━━━━━━━┳━━━━━━━━━━━━━┓ │
│ ┃                  ┃          ┃ total for ┃ winner for ┃          ┃ total for ┃ winner for ┃             ┃ │
│ ┃ Result           ┃ 1st half ┃ 1st half  ┃  1st half  ┃ 2nd half ┃ 2nd half  ┃  2nd half  ┃ final total ┃ │
│ ┡━━━━━━━━━━━━━━━━━━╇━━━━━━━━━━╇━━━━━━━━━━━╇━━━━━━━━━━━━╇━━━━━━━━━━╇━━━━━━━━━━━╇━━━━━━━━━━━━╇━━━━━━━━━━━━━┩ │
│ │ Heart of         │        3 │     8     │     2X     │        4 │           │            │             │ │
│ │ Midlothian       │          │           │            │          │           │            │             │ │
│ │ Lille OSC        │        5 │           │            │        3 │     7     │     1X     │     15      │ │
│ └──────────────────┴──────────┴───────────┴────────────┴──────────┴───────────┴────────────┴─────────────┘ │
╰───────────────────────────────────────────────────────────────────────────────────────────────── 15 goals ─╯

2026-09-15 19:36:29
╭─ RESULT  FC 25. 3x3. Conference League  ·  Nice vs Villarreal ─────────────────────────────────────────────╮
│ ┏━━━━━━━━━━━━┳━━━━━━━━━━┳━━━━━━━━━━━┳━━━━━━━━━━━━┳━━━━━━━━━━┳━━━━━━━━━━━┳━━━━━━━━━━━━┳━━━━━━━━━━━━━┓       │
│ ┃            ┃          ┃ total for ┃ winner for ┃          ┃ total for ┃ winner for ┃             ┃       │
│ ┃ Result     ┃ 1st half ┃ 1st half  ┃  1st half  ┃ 2nd half ┃ 2nd half  ┃  2nd half  ┃ final total ┃       │
│ ┡━━━━━━━━━━━━╇━━━━━━━━━━╇━━━━━━━━━━━╇━━━━━━━━━━━━╇━━━━━━━━━━╇━━━━━━━━━━━╇━━━━━━━━━━━━╇━━━━━━━━━━━━━┩       │
│ │ Nice       │        5 │     7     │     1X     │        3 │           │            │             │       │
│ │ Villarreal │        2 │           │            │        9 │    12     │     2X     │     19      │       │
│ └────────────┴──────────┴───────────┴────────────┴──────────┴───────────┴────────────┴─────────────┘       │
╰───────────────────────────────────────────────────────────────────────────────────────────────── 19 goals ─╯

2026-09-15 19:45:07
╭─ RESULT  FC 25. 3x3. Conference League  ·  Eintracht Frankfurt vs Anderlecht ──────────────────────────────╮
│ ┏━━━━━━━━━━━━━━━━━━┳━━━━━━━━━━┳━━━━━━━━━━━┳━━━━━━━━━━━━┳━━━━━━━━━━┳━━━━━━━━━━━┳━━━━━━━━━━━━┳━━━━━━━━━━━━━┓ │
│ ┃                  ┃          ┃ total for ┃ winner for ┃          ┃ total for ┃ winner for ┃             ┃ │
│ ┃ Result           ┃ 1st half ┃ 1st half  ┃  1st half  ┃ 2nd half ┃ 2nd half  ┃  2nd half  ┃ final total ┃ │
│ ┡━━━━━━━━━━━━━━━━━━╇━━━━━━━━━━╇━━━━━━━━━━━╇━━━━━━━━━━━━╇━━━━━━━━━━╇━━━━━━━━━━━╇━━━━━━━━━━━━╇━━━━━━━━━━━━━┩ │
│ │ Eintracht        │        4 │     7     │     1X     │        3 │           │            │             │ │
│ │ Frankfurt        │          │           │            │          │           │            │             │ │
│ │ Anderlecht       │        3 │           │            │        3 │     6     │     X      │     13      │ │
│ └──────────────────┴──────────┴───────────┴────────────┴──────────┴───────────┴────────────┴─────────────┘ │
│ W1 1.29 ✓  X 4.04  W2 14.00                                                                                │
╰───────────────────────────────────────────────────────────────────────────────────────────────── 13 goals ─╯

2026-09-15 19:55:32
╭─ RESULT  FC 25. 3x3. Conference League  ·  Anderlecht vs West Ham United ──────────────────────────────────╮
│ ┏━━━━━━━━━━━━━━━━━┳━━━━━━━━━━┳━━━━━━━━━━━┳━━━━━━━━━━━━┳━━━━━━━━━━┳━━━━━━━━━━━┳━━━━━━━━━━━━┳━━━━━━━━━━━━━┓  │
│ ┃                 ┃          ┃ total for ┃ winner for ┃          ┃ total for ┃ winner for ┃             ┃  │
│ ┃ Result          ┃ 1st half ┃ 1st half  ┃  1st half  ┃ 2nd half ┃ 2nd half  ┃  2nd half  ┃ final total ┃  │
│ ┡━━━━━━━━━━━━━━━━━╇━━━━━━━━━━╇━━━━━━━━━━━╇━━━━━━━━━━━━╇━━━━━━━━━━╇━━━━━━━━━━━╇━━━━━━━━━━━━╇━━━━━━━━━━━━━┩  │
│ │ Anderlecht      │        4 │     8     │     X      │        2 │           │            │             │  │
│ │ West Ham United │        4 │           │            │        4 │     6     │     2X     │     14      │  │
│ └─────────────────┴──────────┴───────────┴────────────┴──────────┴───────────┴────────────┴─────────────┘  │
╰───────────────────────────────────────────────────────────────────────────────────────────────── 14 goals ─╯

2026-09-15 20:06:26
╭─ RESULT  FC 25. 3x3. Conference League  ·  Villarreal vs Eintracht Frankfurt ──────────────────────────────╮
│ ┏━━━━━━━━━━━━━━━━━━┳━━━━━━━━━━┳━━━━━━━━━━━┳━━━━━━━━━━━━┳━━━━━━━━━━┳━━━━━━━━━━━┳━━━━━━━━━━━━┳━━━━━━━━━━━━━┓ │
│ ┃                  ┃          ┃ total for ┃ winner for ┃          ┃ total for ┃ winner for ┃             ┃ │
│ ┃ Result           ┃ 1st half ┃ 1st half  ┃  1st half  ┃ 2nd half ┃ 2nd half  ┃  2nd half  ┃ final total ┃ │
│ ┡━━━━━━━━━━━━━━━━━━╇━━━━━━━━━━╇━━━━━━━━━━━╇━━━━━━━━━━━━╇━━━━━━━━━━╇━━━━━━━━━━━╇━━━━━━━━━━━━╇━━━━━━━━━━━━━┩ │
│ │ Villarreal       │        3 │     5     │     1X     │        6 │           │            │             │ │
│ │ Eintracht        │        2 │           │            │        6 │    12     │     X      │     17      │ │
│ │ Frankfurt        │          │           │            │          │           │            │             │ │
│ └──────────────────┴──────────┴───────────┴────────────┴──────────┴───────────┴────────────┴─────────────┘ │
╰───────────────────────────────────────────────────────────────────────────────────────────────── 17 goals ─╯

2026-09-15 20:14:17
╭─ RESULT  FC 25. 3x3. Conference League  ·  Lille OSC vs Nice ──────────────────────────────────────────────╮
│ ┏━━━━━━━━━━━┳━━━━━━━━━━┳━━━━━━━━━━━┳━━━━━━━━━━━━┳━━━━━━━━━━┳━━━━━━━━━━━┳━━━━━━━━━━━━┳━━━━━━━━━━━━━┓        │
│ ┃           ┃          ┃ total for ┃ winner for ┃          ┃ total for ┃ winner for ┃             ┃        │
│ ┃ Result    ┃ 1st half ┃ 1st half  ┃  1st half  ┃ 2nd half ┃ 2nd half  ┃  2nd half  ┃ final total ┃        │
│ ┡━━━━━━━━━━━╇━━━━━━━━━━╇━━━━━━━━━━━╇━━━━━━━━━━━━╇━━━━━━━━━━╇━━━━━━━━━━━╇━━━━━━━━━━━━╇━━━━━━━━━━━━━┩        │
│ │ Lille OSC │        2 │     2     │     1X     │        4 │           │            │             │        │
│ │ Nice      │        0 │           │            │        5 │     9     │     2X     │     11      │        │
│ └───────────┴──────────┴───────────┴────────────┴──────────┴───────────┴────────────┴─────────────┘        │
│ W1 1.28 ✓  X 4.06  W2 15.00                                                                                │
╰───────────────────────────────────────────────────────────────────────────────────────────────── 11 goals ─╯

2026-09-15 20:25:33
╭─ RESULT  FC 25. 3x3. Conference League  ·  Borussia Monchengladbach vs Heart of Midlothian ────────────────╮
│ ┏━━━━━━━━━━━━━━━━━━┳━━━━━━━━━━┳━━━━━━━━━━━┳━━━━━━━━━━━━┳━━━━━━━━━━┳━━━━━━━━━━━┳━━━━━━━━━━━━┳━━━━━━━━━━━━━┓ │
│ ┃                  ┃          ┃ total for ┃ winner for ┃          ┃ total for ┃ winner for ┃             ┃ │
│ ┃ Result           ┃ 1st half ┃ 1st half  ┃  1st half  ┃ 2nd half ┃ 2nd half  ┃  2nd half  ┃ final total ┃ │
│ ┡━━━━━━━━━━━━━━━━━━╇━━━━━━━━━━╇━━━━━━━━━━━╇━━━━━━━━━━━━╇━━━━━━━━━━╇━━━━━━━━━━━╇━━━━━━━━━━━━╇━━━━━━━━━━━━━┩ │
│ │ Borussia         │        5 │    10     │     X      │        2 │           │            │             │ │
│ │ Monchengladbach  │          │           │            │          │           │            │             │ │
│ │ Heart of         │        5 │           │            │        4 │     6     │     2X     │     16      │ │
│ │ Midlothian       │          │           │            │          │           │            │             │ │
│ └──────────────────┴──────────┴───────────┴────────────┴──────────┴───────────┴────────────┴─────────────┘ │
╰───────────────────────────────────────────────────────────────────────────────────────────────── 16 goals ─╯

2026-09-15 20:38:20
╭─ RESULT  FC 25. 3x3. Conference League  ·  Basel vs Roma ──────────────────────────────────────────────────╮
│ ┏━━━━━━━━┳━━━━━━━━━━┳━━━━━━━━━━━┳━━━━━━━━━━━━┳━━━━━━━━━━┳━━━━━━━━━━━┳━━━━━━━━━━━━┳━━━━━━━━━━━━━┓           │
│ ┃        ┃          ┃ total for ┃ winner for ┃          ┃ total for ┃ winner for ┃             ┃           │
│ ┃ Result ┃ 1st half ┃ 1st half  ┃  1st half  ┃ 2nd half ┃ 2nd half  ┃  2nd half  ┃ final total ┃           │
│ ┡━━━━━━━━╇━━━━━━━━━━╇━━━━━━━━━━━╇━━━━━━━━━━━━╇━━━━━━━━━━╇━━━━━━━━━━━╇━━━━━━━━━━━━╇━━━━━━━━━━━━━┩           │
│ │ Basel  │        4 │     8     │     X      │        9 │           │            │             │           │
│ │ Roma   │        4 │           │            │        9 │    18     │     X      │     26      │           │
│ └────────┴──────────┴───────────┴────────────┴──────────┴───────────┴────────────┴─────────────┘           │
│ W1 3.66  X 2.40 ✓  W2 2.52                                                                                 │
╰───────────────────────────────────────────────────────────────────────────────────────────────── 26 goals ─╯

2026-09-15 20:44:37
╭─ RESULT  FC 25. 3x3. Conference League  ·  Olympiacos vs Red Bull ─────────────────────────────────────────╮
│ ┏━━━━━━━━━━━━┳━━━━━━━━━━┳━━━━━━━━━━━┳━━━━━━━━━━━━┳━━━━━━━━━━┳━━━━━━━━━━━┳━━━━━━━━━━━━┳━━━━━━━━━━━━━┓       │
│ ┃            ┃          ┃ total for ┃ winner for ┃          ┃ total for ┃ winner for ┃             ┃       │
│ ┃ Result     ┃ 1st half ┃ 1st half  ┃  1st half  ┃ 2nd half ┃ 2nd half  ┃  2nd half  ┃ final total ┃       │
│ ┡━━━━━━━━━━━━╇━━━━━━━━━━╇━━━━━━━━━━━╇━━━━━━━━━━━━╇━━━━━━━━━━╇━━━━━━━━━━━╇━━━━━━━━━━━━╇━━━━━━━━━━━━━┩       │
│ │ Olympiacos │        3 │     7     │     2X     │        1 │           │            │             │       │
│ │ Red Bull   │        4 │           │            │        3 │     4     │     2X     │     11      │       │
│ └────────────┴──────────┴───────────┴────────────┴──────────┴───────────┴────────────┴─────────────┘       │
│ W1 30.00  X 30.00  W2 1.00 ✓                                                                               │
╰───────────────────────────────────────────────────────────────────────────────────────────────── 11 goals ─╯

2026-09-15 20:56:07
╭─ RESULT  FC 25. 3x3. Conference League  ·  Celta vs Fiorentina ────────────────────────────────────────────╮
│ ┏━━━━━━━━━━━━┳━━━━━━━━━━┳━━━━━━━━━━━┳━━━━━━━━━━━━┳━━━━━━━━━━┳━━━━━━━━━━━┳━━━━━━━━━━━━┳━━━━━━━━━━━━━┓       │
│ ┃            ┃          ┃ total for ┃ winner for ┃          ┃ total for ┃ winner for ┃             ┃       │
│ ┃ Result     ┃ 1st half ┃ 1st half  ┃  1st half  ┃ 2nd half ┃ 2nd half  ┃  2nd half  ┃ final total ┃       │
│ ┡━━━━━━━━━━━━╇━━━━━━━━━━╇━━━━━━━━━━━╇━━━━━━━━━━━━╇━━━━━━━━━━╇━━━━━━━━━━━╇━━━━━━━━━━━━╇━━━━━━━━━━━━━┩       │
│ │ Celta      │        7 │    11     │     1X     │        4 │           │            │             │       │
│ │ Fiorentina │        4 │           │            │        4 │     8     │     X      │     19      │       │
│ └────────────┴──────────┴───────────┴────────────┴──────────┴───────────┴────────────┴─────────────┘       │
╰───────────────────────────────────────────────────────────────────────────────────────────────── 19 goals ─╯

2026-09-15 21:05:05
╭─ RESULT  FC 25. 3x3. Conference League  ·  AZ Alkmaar vs Chelsea ──────────────────────────────────────────╮
│ ┏━━━━━━━━━━━━┳━━━━━━━━━━┳━━━━━━━━━━━┳━━━━━━━━━━━━┳━━━━━━━━━━┳━━━━━━━━━━━┳━━━━━━━━━━━━┳━━━━━━━━━━━━━┓       │
│ ┃            ┃          ┃ total for ┃ winner for ┃          ┃ total for ┃ winner for ┃             ┃       │
│ ┃ Result     ┃ 1st half ┃ 1st half  ┃  1st half  ┃ 2nd half ┃ 2nd half  ┃  2nd half  ┃ final total ┃       │
│ ┡━━━━━━━━━━━━╇━━━━━━━━━━╇━━━━━━━━━━━╇━━━━━━━━━━━━╇━━━━━━━━━━╇━━━━━━━━━━━╇━━━━━━━━━━━━╇━━━━━━━━━━━━━┩       │
│ │ AZ Alkmaar │        3 │     6     │     X      │        3 │           │            │             │       │
│ │ Chelsea    │        3 │           │            │        4 │     7     │     2X     │     13      │       │
│ └────────────┴──────────┴───────────┴────────────┴──────────┴───────────┴────────────┴─────────────┘       │
╰───────────────────────────────────────────────────────────────────────────────────────────────── 13 goals ─╯

2026-09-15 21:17:35
╭─ RESULT  FC 25. 3x3. Conference League  ·  Fenerbahce vs Braga ────────────────────────────────────────────╮
│ ┏━━━━━━━━━━━━┳━━━━━━━━━━┳━━━━━━━━━━━┳━━━━━━━━━━━━┳━━━━━━━━━━┳━━━━━━━━━━━┳━━━━━━━━━━━━┳━━━━━━━━━━━━━┓       │
│ ┃            ┃          ┃ total for ┃ winner for ┃          ┃ total for ┃ winner for ┃             ┃       │
│ ┃ Result     ┃ 1st half ┃ 1st half  ┃  1st half  ┃ 2nd half ┃ 2nd half  ┃  2nd half  ┃ final total ┃       │
│ ┡━━━━━━━━━━━━╇━━━━━━━━━━╇━━━━━━━━━━━╇━━━━━━━━━━━━╇━━━━━━━━━━╇━━━━━━━━━━━╇━━━━━━━━━━━━╇━━━━━━━━━━━━━┩       │
│ │ Fenerbahce │        8 │    14     │     1X     │        5 │           │            │             │       │
│ │ Braga      │        6 │           │            │        6 │    11     │     2X     │     25      │       │
│ └────────────┴──────────┴───────────┴────────────┴──────────┴───────────┴────────────┴─────────────┘       │
╰───────────────────────────────────────────────────────────────────────────────────────────────── 25 goals ─╯

2026-09-15 21:24:50
╭─ RESULT  FC 25. 3x3. Conference League  ·  West Ham United vs Braga ───────────────────────────────────────╮
│ ┏━━━━━━━━━━━━━━━━━┳━━━━━━━━━━┳━━━━━━━━━━━┳━━━━━━━━━━━━┳━━━━━━━━━━┳━━━━━━━━━━━┳━━━━━━━━━━━━┳━━━━━━━━━━━━━┓  │
│ ┃                 ┃          ┃ total for ┃ winner for ┃          ┃ total for ┃ winner for ┃             ┃  │
│ ┃ Result          ┃ 1st half ┃ 1st half  ┃  1st half  ┃ 2nd half ┃ 2nd half  ┃  2nd half  ┃ final total ┃  │
│ ┡━━━━━━━━━━━━━━━━━╇━━━━━━━━━━╇━━━━━━━━━━━╇━━━━━━━━━━━━╇━━━━━━━━━━╇━━━━━━━━━━━╇━━━━━━━━━━━━╇━━━━━━━━━━━━━┩  │
│ │ West Ham United │        4 │     6     │     1X     │        2 │           │            │             │  │
│ │ Braga           │        2 │           │            │        3 │     5     │     2X     │     11      │  │
│ └─────────────────┴──────────┴───────────┴────────────┴──────────┴───────────┴────────────┴─────────────┘  │
╰───────────────────────────────────────────────────────────────────────────────────────────────── 11 goals ─╯

2026-09-15 21:35:07
╭─ RESULT  FC 25. 3x3. Conference League  ·  Chelsea vs Fenerbahce ──────────────────────────────────────────╮
│ ┏━━━━━━━━━━━━┳━━━━━━━━━━┳━━━━━━━━━━━┳━━━━━━━━━━━━┳━━━━━━━━━━┳━━━━━━━━━━━┳━━━━━━━━━━━━┳━━━━━━━━━━━━━┓       │
│ ┃            ┃          ┃ total for ┃ winner for ┃          ┃ total for ┃ winner for ┃             ┃       │
│ ┃ Result     ┃ 1st half ┃ 1st half  ┃  1st half  ┃ 2nd half ┃ 2nd half  ┃  2nd half  ┃ final total ┃       │
│ ┡━━━━━━━━━━━━╇━━━━━━━━━━╇━━━━━━━━━━━╇━━━━━━━━━━━━╇━━━━━━━━━━╇━━━━━━━━━━━╇━━━━━━━━━━━━╇━━━━━━━━━━━━━┩       │
│ │ Chelsea    │        4 │     8     │     X      │        2 │           │            │             │       │
│ │ Fenerbahce │        4 │           │            │        3 │     5     │     2X     │     13      │       │
│ └────────────┴──────────┴───────────┴────────────┴──────────┴───────────┴────────────┴─────────────┘       │
╰───────────────────────────────────────────────────────────────────────────────────────────────── 13 goals ─╯

2026-09-15 21:54:49
╭─ RESULT  FC 25. 3x3. Conference League  ·  Red Bull vs Celta ──────────────────────────────────────────────╮
│ ┏━━━━━━━━━━┳━━━━━━━━━━┳━━━━━━━━━━━┳━━━━━━━━━━━━┳━━━━━━━━━━┳━━━━━━━━━━━┳━━━━━━━━━━━━┳━━━━━━━━━━━━━┓         │
│ ┃          ┃          ┃ total for ┃ winner for ┃          ┃ total for ┃ winner for ┃             ┃         │
│ ┃ Result   ┃ 1st half ┃ 1st half  ┃  1st half  ┃ 2nd half ┃ 2nd half  ┃  2nd half  ┃ final total ┃         │
│ ┡━━━━━━━━━━╇━━━━━━━━━━╇━━━━━━━━━━━╇━━━━━━━━━━━━╇━━━━━━━━━━╇━━━━━━━━━━━╇━━━━━━━━━━━━╇━━━━━━━━━━━━━┩         │
│ │ Red Bull │        1 │     6     │     2X     │        2 │           │            │             │         │
│ │ Celta    │        5 │           │            │        4 │     6     │     2X     │     12      │         │
│ └──────────┴──────────┴───────────┴────────────┴──────────┴───────────┴────────────┴─────────────┘         │
╰───────────────────────────────────────────────────────────────────────────────────────────────── 12 goals ─╯

2026-09-15 22:04:54
╭─ RESULT  FC 25. 3x3. Conference League  ·  Roma vs Olympiacos ─────────────────────────────────────────────╮
│ ┏━━━━━━━━━━━━┳━━━━━━━━━━┳━━━━━━━━━━━┳━━━━━━━━━━━━┳━━━━━━━━━━┳━━━━━━━━━━━┳━━━━━━━━━━━━┳━━━━━━━━━━━━━┓       │
│ ┃            ┃          ┃ total for ┃ winner for ┃          ┃ total for ┃ winner for ┃             ┃       │
│ ┃ Result     ┃ 1st half ┃ 1st half  ┃  1st half  ┃ 2nd half ┃ 2nd half  ┃  2nd half  ┃ final total ┃       │
│ ┡━━━━━━━━━━━━╇━━━━━━━━━━╇━━━━━━━━━━━╇━━━━━━━━━━━━╇━━━━━━━━━━╇━━━━━━━━━━━╇━━━━━━━━━━━━╇━━━━━━━━━━━━━┩       │
│ │ Roma       │        3 │     5     │     1X     │        3 │           │            │             │       │
│ │ Olympiacos │        2 │           │            │        4 │     7     │     2X     │     12      │       │
│ └────────────┴──────────┴───────────┴────────────┴──────────┴───────────┴────────────┴─────────────┘       │
╰───────────────────────────────────────────────────────────────────────────────────────────────── 12 goals ─╯

2026-09-15 22:15:24
╭─ RESULT  FC 25. 3x3. Conference League  ·  Heart of Midlothian vs Basel ───────────────────────────────────╮
│ ┏━━━━━━━━━━━━━━━━━━┳━━━━━━━━━━┳━━━━━━━━━━━┳━━━━━━━━━━━━┳━━━━━━━━━━┳━━━━━━━━━━━┳━━━━━━━━━━━━┳━━━━━━━━━━━━━┓ │
│ ┃                  ┃          ┃ total for ┃ winner for ┃          ┃ total for ┃ winner for ┃             ┃ │
│ ┃ Result           ┃ 1st half ┃ 1st half  ┃  1st half  ┃ 2nd half ┃ 2nd half  ┃  2nd half  ┃ final total ┃ │
│ ┡━━━━━━━━━━━━━━━━━━╇━━━━━━━━━━╇━━━━━━━━━━━╇━━━━━━━━━━━━╇━━━━━━━━━━╇━━━━━━━━━━━╇━━━━━━━━━━━━╇━━━━━━━━━━━━━┩ │
│ │ Heart of         │        4 │     6     │     1X     │        5 │           │            │             │ │
│ │ Midlothian       │          │           │            │          │           │            │             │ │
│ │ Basel            │        2 │           │            │        4 │     9     │     1X     │     15      │ │
│ └──────────────────┴──────────┴───────────┴────────────┴──────────┴───────────┴────────────┴─────────────┘ │
╰───────────────────────────────────────────────────────────────────────────────────────────────── 15 goals ─╯

2026-09-15 22:26:23
╭─ RESULT  FC 25. 3x3. Conference League  ·  Nice vs Borussia Monchengladbach ───────────────────────────────╮
│ ┏━━━━━━━━━━━━━━━━━━┳━━━━━━━━━━┳━━━━━━━━━━━┳━━━━━━━━━━━━┳━━━━━━━━━━┳━━━━━━━━━━━┳━━━━━━━━━━━━┳━━━━━━━━━━━━━┓ │
│ ┃                  ┃          ┃ total for ┃ winner for ┃          ┃ total for ┃ winner for ┃             ┃ │
│ ┃ Result           ┃ 1st half ┃ 1st half  ┃  1st half  ┃ 2nd half ┃ 2nd half  ┃  2nd half  ┃ final total ┃ │
│ ┡━━━━━━━━━━━━━━━━━━╇━━━━━━━━━━╇━━━━━━━━━━━╇━━━━━━━━━━━━╇━━━━━━━━━━╇━━━━━━━━━━━╇━━━━━━━━━━━━╇━━━━━━━━━━━━━┩ │
│ │ Nice             │        3 │     6     │     X      │        5 │           │            │             │ │
│ │ Borussia         │        3 │           │            │        7 │    12     │     2X     │     18      │ │
│ │ Monchengladbach  │          │           │            │          │           │            │             │ │
│ └──────────────────┴──────────┴───────────┴────────────┴──────────┴───────────┴────────────┴─────────────┘ │
│ W1 30.00  X 16.00  W2 1.00 ✓                                                                               │
╰───────────────────────────────────────────────────────────────────────────────────────────────── 18 goals ─╯

2026-09-15 22:35:37
╭─ RESULT  FC 25. 3x3. Conference League  ·  Eintracht Frankfurt vs Lille OSC ───────────────────────────────╮
│ ┏━━━━━━━━━━━━━━━━━━┳━━━━━━━━━━┳━━━━━━━━━━━┳━━━━━━━━━━━━┳━━━━━━━━━━┳━━━━━━━━━━━┳━━━━━━━━━━━━┳━━━━━━━━━━━━━┓ │
│ ┃                  ┃          ┃ total for ┃ winner for ┃          ┃ total for ┃ winner for ┃             ┃ │
│ ┃ Result           ┃ 1st half ┃ 1st half  ┃  1st half  ┃ 2nd half ┃ 2nd half  ┃  2nd half  ┃ final total ┃ │
│ ┡━━━━━━━━━━━━━━━━━━╇━━━━━━━━━━╇━━━━━━━━━━━╇━━━━━━━━━━━━╇━━━━━━━━━━╇━━━━━━━━━━━╇━━━━━━━━━━━━╇━━━━━━━━━━━━━┩ │
│ │ Eintracht        │        2 │     6     │     2X     │        4 │           │            │             │ │
│ │ Frankfurt        │          │           │            │          │           │            │             │ │
│ │ Lille OSC        │        4 │           │            │        6 │    10     │     2X     │     16      │ │
│ └──────────────────┴──────────┴───────────┴────────────┴──────────┴───────────┴────────────┴─────────────┘ │
│ W1 30.00  X 30.00  W2 1.00 ✓                                                                               │
╰───────────────────────────────────────────────────────────────────────────────────────────────── 16 goals ─╯

2026-09-15 22:45:40
╭─ RESULT  FC 25. 3x3. Conference League  ·  Anderlecht vs Villarreal ───────────────────────────────────────╮
│ ┏━━━━━━━━━━━━┳━━━━━━━━━━┳━━━━━━━━━━━┳━━━━━━━━━━━━┳━━━━━━━━━━┳━━━━━━━━━━━┳━━━━━━━━━━━━┳━━━━━━━━━━━━━┓       │
│ ┃            ┃          ┃ total for ┃ winner for ┃          ┃ total for ┃ winner for ┃             ┃       │
│ ┃ Result     ┃ 1st half ┃ 1st half  ┃  1st half  ┃ 2nd half ┃ 2nd half  ┃  2nd half  ┃ final total ┃       │
│ ┡━━━━━━━━━━━━╇━━━━━━━━━━╇━━━━━━━━━━━╇━━━━━━━━━━━━╇━━━━━━━━━━╇━━━━━━━━━━━╇━━━━━━━━━━━━╇━━━━━━━━━━━━━┩       │
│ │ Anderlecht │        4 │     6     │     1X     │        4 │           │            │             │       │
│ │ Villarreal │        2 │           │            │        6 │    10     │     2X     │     16      │       │
│ └────────────┴──────────┴───────────┴────────────┴──────────┴───────────┴────────────┴─────────────┘       │
╰───────────────────────────────────────────────────────────────────────────────────────────────── 16 goals ─╯

2026-09-15 22:55:24
╭─ RESULT  FC 25. 3x3. Conference League  ·  Villarreal vs West Ham United ──────────────────────────────────╮
│ ┏━━━━━━━━━━━━━━━━━┳━━━━━━━━━━┳━━━━━━━━━━━┳━━━━━━━━━━━━┳━━━━━━━━━━┳━━━━━━━━━━━┳━━━━━━━━━━━━┳━━━━━━━━━━━━━┓  │
│ ┃                 ┃          ┃ total for ┃ winner for ┃          ┃ total for ┃ winner for ┃             ┃  │
│ ┃ Result          ┃ 1st half ┃ 1st half  ┃  1st half  ┃ 2nd half ┃ 2nd half  ┃  2nd half  ┃ final total ┃  │
│ ┡━━━━━━━━━━━━━━━━━╇━━━━━━━━━━╇━━━━━━━━━━━╇━━━━━━━━━━━━╇━━━━━━━━━━╇━━━━━━━━━━━╇━━━━━━━━━━━━╇━━━━━━━━━━━━━┩  │
│ │ Villarreal      │        3 │     5     │     1X     │        4 │           │            │             │  │
│ │ West Ham United │        2 │           │            │        3 │     7     │     1X     │     12      │  │
│ └─────────────────┴──────────┴───────────┴────────────┴──────────┴───────────┴────────────┴─────────────┘  │
│ W1 1.00 ✓  X 30.00  W2 30.00                                                                               │
╰───────────────────────────────────────────────────────────────────────────────────────────────── 12 goals ─╯

2026-09-15 23:04:56
╭─ RESULT  FC 25. 3x3. Conference League  ·  Lille OSC vs Anderlecht ────────────────────────────────────────╮
│ ┏━━━━━━━━━━━━┳━━━━━━━━━━┳━━━━━━━━━━━┳━━━━━━━━━━━━┳━━━━━━━━━━┳━━━━━━━━━━━┳━━━━━━━━━━━━┳━━━━━━━━━━━━━┓       │
│ ┃            ┃          ┃ total for ┃ winner for ┃          ┃ total for ┃ winner for ┃             ┃       │
│ ┃ Result     ┃ 1st half ┃ 1st half  ┃  1st half  ┃ 2nd half ┃ 2nd half  ┃  2nd half  ┃ final total ┃       │
│ ┡━━━━━━━━━━━━╇━━━━━━━━━━╇━━━━━━━━━━━╇━━━━━━━━━━━━╇━━━━━━━━━━╇━━━━━━━━━━━╇━━━━━━━━━━━━╇━━━━━━━━━━━━━┩       │
│ │ Lille OSC  │        2 │     6     │     2X     │        4 │           │            │             │       │
│ │ Anderlecht │        4 │           │            │        4 │     8     │     X      │     14      │       │
│ └────────────┴──────────┴───────────┴────────────┴──────────┴───────────┴────────────┴─────────────┘       │
│ W1 30.00  X 15.00  W2 1.00 ✓                                                                               │
╰───────────────────────────────────────────────────────────────────────────────────────────────── 14 goals ─╯

2026-09-15 23:14:54
╭─ RESULT  FC 25. 3x3. Conference League  ·  Borussia Monchengladbach vs Eintracht Frankfurt ────────────────╮
│ ┏━━━━━━━━━━━━━━━━━━┳━━━━━━━━━━┳━━━━━━━━━━━┳━━━━━━━━━━━━┳━━━━━━━━━━┳━━━━━━━━━━━┳━━━━━━━━━━━━┳━━━━━━━━━━━━━┓ │
│ ┃                  ┃          ┃ total for ┃ winner for ┃          ┃ total for ┃ winner for ┃             ┃ │
│ ┃ Result           ┃ 1st half ┃ 1st half  ┃  1st half  ┃ 2nd half ┃ 2nd half  ┃  2nd half  ┃ final total ┃ │
│ ┡━━━━━━━━━━━━━━━━━━╇━━━━━━━━━━╇━━━━━━━━━━━╇━━━━━━━━━━━━╇━━━━━━━━━━╇━━━━━━━━━━━╇━━━━━━━━━━━━╇━━━━━━━━━━━━━┩ │
│ │ Borussia         │        1 │     4     │     2X     │        3 │           │            │             │ │
│ │ Monchengladbach  │          │           │            │          │           │            │             │ │
│ │ Eintracht        │        3 │           │            │        5 │     8     │     2X     │     12      │ │
│ │ Frankfurt        │          │           │            │          │           │            │             │ │
│ └──────────────────┴──────────┴───────────┴────────────┴──────────┴───────────┴────────────┴─────────────┘ │
│ W1 1.00  X 30.00  W2 1.00 ✓                                                                                │
╰───────────────────────────────────────────────────────────────────────────────────────────────── 12 goals ─╯

